ก่อนเกิด,ช่วงเกิด,หลังเกิด
BPB,PPBBPB,PBP
BBB,PPBBPB,PBB
PPP,PPBBPB,PPB
PBP,PPBBPB,PBB
PPP,PPBBPB,PBP
PPB,BBPPBP,PPP
PPP,BBPPBP,BPP
PPB,BBPPBP,PB
P,BBPPBP,PPB
BPB,BBPPBP,BPB
PPP,BBPPBP,PPB
P,PPBBPB,BPP
B,BBPPBP,BBP
PPB,BBPPBP,BBB
BPP,PPBBPB,P
BPB,BBPPBP,PPP
BPB,PPBBPB,BPB
PBB,PPBBPB,BPB
BPB,PPBBPB,BBB
BPB,BBPPBP,PBB
PBB,PPBBPB,PPB
BPP,BBPPBP,PPP
BP,PPBBPB,BBP
PBB,BBPPBP,BPB
BPP,PPBBPB,PPP
PPP,PPBBPB,BPB
PBB,PPBBPB,PPP
PPB,PPBBPB,BPB
BPB,BBPPBP,PPB
PBB,PPBBPB,PBP
PBB,PPBBPB,BPP
PBB,PPBBPB,BBP
BBB,PPBBPB,BBP
PBP,PPBBPB,BBB
PPP,PPBBPB,PBB
PBB,PPBBPB,PBB
BPP,BBPPBP,PBP
BBP,PPBBPB,BBB
PPP,BBPPBP,BBP
PPP,PPBBPB,BBB
PPP,PPBBPB,BBP
PPB,PPBBPB,BPP
BPP,PPBBPB,BPB
BBB,BBPPBP,PBP
BBB,BBPPBP,BBB
BBB,BBPPBP,PPP
PBB,PPBBPB,BBB
BPP,PPBBPB,PBP
BBB,BBPPBP,BPP
BBB,PPBBPB,PBP
PBP,BBPPBP,BBP
PBP,BBPPBP,PPB
PBP,PPBBPB,PPP
PBP,BBPPBP,BPP
BBB,PPBBPB,BB
PBP,BBPPBP,BBB
BBP,PPBBPB,BBP
BPB,BBPPBP,BBP
BBB,PPBBPB,BPB
BBB,PPBBPB,BPP
BBB,BBPPBP,BPB
PBP,BBPPBP,PPP
BPP,PPBBPB,BPP
PPB,PPBBPB,PBB
BPP,PPBBPB,PBB
BPB,PPBBPB,BBP
BBB,BBPPBP,PBB
PPB,BBPPBP,PPB
BPP,BBPPBP,PBB
BPB,BBPPBP,BPP
PBB,BBPPBP,PBP
BBP,PPBBPB,BPB
PPP,BBPPBP,PPP
PPB,PPBBPB,PPB
BBB,PPBBPB,PPP
BBP,PPBBPB,PBP
PPP,PPBBPB,BPP
PBP,PPBBPB,PPB
BBP,BBPPBP,BPB
BBP,BBPPBP,BPP
PBP,PPBBPB,BPP
BBP,PPBBPB,BPP
BPB,PPBBPB,PBB
BBP,PPBBPB,PPP
PBB,BBPPBP,PPB
PPB,PPBBPB,PPP
PPP,BBPPBP,BPB
PBB,BBPPBP,PPP
PPB,BBPPBP,PBB
PBP,PPBBPB,BBP
BBB,BBPPBP,PPB
PPP,BBPPBP,BBB
PBP,PPBBPB,BPB
PBP,BBPPBP,BPB
PPP,PPBBPB,PPP
BBP,BBPPBP,BBP
BPP,PPBBPB,PPB
PB,BBPPBP,PPP
PBB,BBPPBP,BBB
BBB,PPBBPB,BBB
BBP,PPBBPB,PBB
BPB,PPBBPB,PPP
PPB,BBPPBP,BPB
PBB,BBPPBP,BBP
BPB,PPBBPB,BPP
BBP,BBPPBP,PBP
PPB,BBPPBP,BBP
BPP,PPBBPB,BBP
BPP,BBPPBP,BBB
PBB,BBPPBP,BPP
BPP,BBPPBP,BPP
BPP,BBPPBP,BBP
BBP,PPBBPB,PPB
BPB,PPBBPB,P
BPP,PPBBPB,BBB
BB,BBPPBP,BPB
PBB,PPBBPB,PP
BB,PPBBPB,BPP
BBP,BBPPBP,BBB
PPP,BBPPBP,PBP
BPB,BBPPBP,PBP
PBP,PPBBPB,PP
BBB,PPBBPB,PPB
PPB,PPBBPB,BB
BBB,PPBBPB,BP
PPB,PPBBPB,PBP
PBB,PPBBPB,P
PBP,BBPPBP,PBB
BP,PPBBPB,PPP
BBP,PPBBPB,B
BPB,BBPPBP,BBB
BB,BBPPBP,PPB
BBB,BBPPBP,BBP
PBP,PPBBPB,PBP
BBP,BBPPBP,PBB
PBB,BBPPBP,BB
P,BBPPBP,BPP
PPB,PPBBPB,PB
PPB,PPBBPB,BBP
BPB,PPBBPB,PPB
PBB,BBPPBP,PBB
PPB,PPBBPB,BBB
B,PPBBPB,BPB
PP,PPBBPB,PBB
BB,PPBBPB,BBP
PBP,BBPPBP,PBP
BB,BBPPBP,BBB
PPB,BBPPBP,PBP
P,BBPPBP,PPP
PP,PPBBPB,BBB
BPP,BBPPBP,BPB
P,BBPPBP,PBP
BBP,BBPPBP,PPB
PPP,PPBBPB,P
PP,BBPPBP,BBP
BPP,BBPPBP,PPB
PPB,BBPPBP,BPP
B,BBPPBP,PPB
PB,PPBBPB,PBB
P,PPBBPB,BBP
BBP,PPBBPB,PP
PBP,BBPPBP,BP
B,BBPPBP,BPB
BB,PPBBPB,PPP
BP,BBPPBP,BBP
P,PPBBPB,PPP
P,PPBBPB,BPB
BBP,BBPPBP,PPP
BPP,BBPPBP,PB
PP,PPBBPB,PPB
BB,PPBBPB,BBB
BP,PPBBPB,BPB
BPB,BBPPBP,B
P,BBPPBP,BPB
PB,PPBBPB,PBP
B,BBPPBP,BBB
B,PPBBPB,PBB
PPB,PPBBPB,B
BPP,BBPPBP,PP
B,PPBBPB,PBP
PPB,PPBBPB,P
B,BBPPBP,PPP
B,PPBBPB,BBP
BBB,PPBBPB,PP
P,PPBBPB,PBB
P,PPBBPB,PBP
PB,PPBBPB,PPP
B,PPBBPB,BBB
PPP,BBPPBP,PBB
BBB,PPBBPB,P
BP,PPBBPB,BPP
BB,PPBBPB,PBB
P,PPBBPB,PPB
BP,BBPPBP,PPB
PB,BBPPBP,PBP
BBB,PPBBPB,B
PP,PPBBPB,BBP
PPP,BBPPBP,PP
BP,PPBBPB,BBB
PBB,BBPPBP,P
P,BBPPBP,PBB
PP,BBPPBP,BBB
PBP,BBPPBP,PB
BP,PPBBPB,PBB
BPP,PPBBPB,B
BP,BBPPBP,BPP
BPP,PPBBPB,BP
P,BBPPBP,BBP
B,BBPPBP,PBP
PBP,PPBBPB,BP
PBB,BBPPBP,BP
PPB,PPBBPB,PP
BB,PPBBPB,PPB
PBB,PPBBPB,BB
PBP,PPBBPB,B
PPP,BBPPBP,B
B,PPBBPB,PPP
BBP,PPBBPB,BB
BBP,PPBBPB,BP
BBP,BBPPBP,P
PP,BBPPBP,BPP
PB,PPBBPB,BBB
B,PPBBPB,PPB
PP,PPBBPB,PPP
BB,BBPPBP,BPP
BPB,BBPPBP,BP
PPB,BBPPBP,BB
P,PPBBPB,BBB
B,BBPPBP,PBB
B,PPBBPB,BPP
P,BBPPBP,BBB
BB,PPBBPB,BPB
BPP,BBPPBP,B
PB,BBPPBP,BBP
PPP,PPBBPB,PP
PP,PPBBPB,PBP
PB,BBPPBP,PBB
BP,PPBBPB,PPB
PP,PPBBPB,BPP
PBP,BBPPBP,P
BPB,PPBBPB,BB
PP,BBPPBP,PBB
PPB,BBPPBP,B
BPB,BBPPBP,P
PBP,BBPPBP,BB
PB,PPBBPB,PPB
BB,PPBBPB,PBP
PP,PPBBPB,BPB
BP,PPBBPB,PBP
BP,BBPPBP,BBB
BBB,BBPPBP,BP
BPB,PPBBPB,PP
PB,PPBBPB,BPB
PP,BBPPBP,PPB
PB,PPBBPB,BBP
BPP,BBPPBP,BB
BBP,BBPPBP,PB
PBB,PPBBPB,PB
BB,BBPPBP,PBP
PBP,PPBBPB,PB
PPP,BBPPBP,BP
PBB,PPBBPB,B
PBP,PPBBPB,P
BBB,BBPPBP,P
BPB,PPBBPB,B
PB,BBPPBP,BPP
BP,BBPPBP,PBP
BBB,BBPPBP,PP
PB,BBPPBP,BBB
BPB,PPBBPB,PB
PPP,PPBBPB,B
BP,BBPPBP,PPP
PB,PPBBPB,BPP
BBP,BBPPBP,B
BBB,BBPPBP,BB
BP,BBPPBP,BPB
BP,BBPPBP,PBB
PPB,BBPPBP,BP
PBP,BBPPBP,PP
BBP,BBPPBP,PP
PPB,BBPPBP,P
PBB,PPBBPB,BP
BBP,BBPPBP,BP
BB,BBPPBP,BBP
BBB,BBPPBP,B
PB,BBPPBP,BPB
PBB,BBPPBP,B
BBB,PPBBPB,PB
BPP,PPBBPB,BB
PBB,BBPPBP,PB
PP,BBPPBP,PBP
BBP,PPBBPB,PB
BPP,BBPPBP,P
PPP,PPBBPB,BB
PBB,BBPPBP,PP
B,BBPPBP,BPP
PPB,BBPPBP,PP
BBB,BBPPBP,PB
PB,BBPPBP,PPB
BPB,BBPPBP,BB
PP,BBPPBP,PPP
PPP,PPBBPB,BP
PBP,BBPPBP,B
BBP,BBPPBP,BB
BPB,BBPPBP,PB
PPP,BBPPBP,P
BBP,PPBBPB,P
PPB,PPBBPB,BP
BB,BBPPBP,PBB
PBP,PPBBPB,BB
BB,BBPPBP,PPP
PPP,BBPPBP,PB
PP,BBPPBP,BPB
BPP,PPBBPB,PB
BPB,PPBBPB,BP
BPB,BBPPBP,PP
BPP,BBPPBP,BP
BPP,PPBBPB,PP
PPP,BBPPBP,BB
PPP,PPBBPB,PB
BBP,BBPPBP,PTP
PPP,BBPPBP,BTP
TPB,BBPPBP,PPP
BPB,PPBBPB,BBT
TPP,BBPPBP,PPP
PBP,PPBBPB,PTB
TPP,PPBBPB,BPB
BBT,PPBBPB,PPP
PPB,PPBBPB,BTP
BBT,PPBBPB,TPB
TBB,PPBBPB,BBP
PBP,PPBBPB,BTB
PTP,BBPPBP,PTP
TBT,PPBBPB,BTP
BBB,PPBBPB,PTB
BTP,BBPPBP,BBT
BPT,BBPPBP,PPB
TPB,PPBBPB,TTB
PPP,PPBBPB,TPB
BBT,PPBBPB,BB
PBP,BBPPBP,BTT
BPB,BBPPBP,TBB
BBB,BBPPBP,TTB
TPT,BBPPBP,TPT
BPP,PPBBPB,TBT
BTB,BBPPBP,BPB
TPB,PPBBPB,BBT
TPP,BBPPBP,PPT
TBP,PPBBPB,TBB
BPP,PPBBPB,TPB
BTB,PPBBPB,TBP
BBT,PPBBPB,PBB
TPP,PPBBPB,BPP
TBB,BBPPBP,BPB
BPT,PPBBPB,PPB
PBB,PPBBPB,PTP
PTP,PPBBPB,BPP
BPT,PPBBPB,BPP
BPB,BBPPBP,TBP
PBT,PPBBPB,PBP
PPP,PPBBPB,BTT
PBB,BBPPBP,PTP
BPP,PPBBPB,PTB
BBP,BBPPBP,BTP
BTP,PPBBPB,BPB
BBB,BBPPBP,PTP
BTB,PPBBPB,PBB
TBB,PPBBPB,BPP
BTP,PPBBPB,PPB
PPP,BBPPBP,BTB
PPB,PPBBPB,TPP
TPT,BBPPBP,TPB
PBB,PPBBPB,BPT
BPT,BBPPBP,BTP
BBB,BBPPBP,BTP
BPP,PPBBPB,TBP
TPP,PPBBPB,PPP
TBP,PPBBPB,PTP
BPP,PPBBPB,BPT
BBB,BBPPBP,BTB
TPB,BBPPBP,PTP
PPP,PPBBPB,PPT
BBB,BBPPBP,BPT
TBP,BBPPBP,BBP
BTP,PPBBPB,PPP
BTP,PPBBPB,BPP
BBT,BBPPBP,BBB
BPP,BBPPBP,TPB
BTP,BBPPBP,PBP
BTP,BBPPBP,BPP
PPP,BBPPBP,TBP
BBT,PPBBPB,BPP
PPB,BBPPBP,TBB
PBP,BBPPBP,PTB
BPP,BBPPBP,TBB
BBP,PPBBPB,PPT
PPP,PPBBPB,BBT
TBB,PPBBPB,PBP
PBB,BBPPBP,TPP
TPB,BBPPBP,PB
TPT,PPBBPB,BPB
PPP,PPBBPB,TBT
BB,BBPPBP,BTP
PBB,PPBBPB,BTP
BBP,PPBBPB,BBT
TBT,PPBBPB,PBP
TPB,BBPPBP,TPP
PBP,BBPPBP,PTP
PBT,BBPPBP,TTB
BPP,PPBBPB,PTP
PPP,BBPPBP,PTB
PTB,BBPPBP,PPB
PTP,BBPPBP,PBB
BPB,BBPPBP,TTB
BPP,PPBBPB,BBT
BPB,BBPPBP,PBT
BTP,PPBBPB,PP
PTB,BBPPBP,BPP
PBB,BBPPBP,PTB
BPB,PPBBPB,BTP
BBB,BBPPBP,TPB
PPT,BBPPBP,BPB
PPP,BBPPBP,TBT
PTB,PPBBPB,PPB
TTB,PPBBPB,BPP
BBB,BBPPBP,BBT
TBP,BBPPBP,TPB
PPT,PPBBPB,PPP
BBP,PPBBPB,BT
PPP,PPBBPB,PTP
BBP,BBPPBP,TBB
BPP,BBPPBP,PPT
PTB,PPBBPB,PTP
BPT,PPBBPB,BPB
BBB,PPBBPB,PPT
PTP,BBPPBP,PPP
PBP,PPBBPB,TPP
BBB,BBPPBP,PPT
PTP,PPBBPB,BBT
BBP,PPBBPB,TPP
PPT,PPBBPB,BBB
BPB,PPBBPB,TBB
TBP,PPBBPB,PPB
BTB,PPBBPB,PBP
BPT,PPBBPB,PPP
BPP,PPBBPB,TTB
BPB,PPBBPB,PTP
PBP,PPBBPB,PBT
TBP,BBPPBP,PBP
PTB,BBPPBP,PBB
TTB,PPBBPB,PBP
TBP,BBPPBP,PPP
PBB,PPBBPB,TPB
BPT,PPBBPB,BTB
BPP,BBPPBP,BTB
BTB,PPBBPB,BBP
PBT,PPBBPB,PPB
BPB,PPBBPB,BTB
TPP,BBPPBP,BPP
PPT,PPBBPB,PBP
BBP,PPBBPB,TBB
PPP,PPBBPB,TBP
BTB,PPBBPB,TPB
BBB,BBPPBP,TBP
BBT,PPBBPB,BBB
PTP,BBPPBP,BBB
TPB,PPBBPB,PBB
TTB,PPBBPB,PPB
BPB,PPBBPB,TPB
PPB,PPBBPB,PTP
BPB,PPBBPB,TPP
BBB,PPBBPB,TBB
TBB,BBPPBP,PBB
PBB,BBPPBP,TBT
BBP,PPBBPB,PBT
PPB,PPBBPB,BTB
PPT,BBPPBP,BPP
PTB,PPBBPB,BPP
TBB,PPBBPB,BBB
PPP,BBPPBP,TBB
PPT,BBPPBP,TPB
PBP,PPBBPB,BPT
PBB,BBPPBP,TPB
PTP,PPBBPB,PPP
TTP,BBPPBP,PBP
BBB,PPBBPB,PBT
PTT,BBPPBP,PPB
PPB,PPBBPB,PBT
BBT,BBPPBP,PPP
PPP,PPBBPB,BTB
PTP,BBPPBP,TTB
BPB,BBPPBP,PPT
PBT,BBPPBP,BBB
TTB,PPBBPB,BBB
TPB,BBPPBP,BTP
BBP,PPBBPB,TBP
BBP,BBPPBP,TBT
PBT,PPBBPB,BBB
PPB,PPBBPB,BBT
TPP,PPBBPB,TPB
TPP,PPBBPB,TBB
TBP,PPBBPB,PBT
PPB,PPBBPB,BPT
PTP,PPBBPB,PPB
PP,PPBBPB,PTB
BTB,PPBBPB,PPP
P,PPBBPB,BBT
TBP,BBPPBP,BP
BT,BBPPBP,BPB
PPB,BBPPBP,PPT
PBT,BBPPBP,TBP
PPB,BBPPBP,TPB
TPB,PPBBPB,TPP
PBT,PPBBPB,BTP
PPT,PPBBPB,BPT
BTB,PPBBPB,PPT
PTB,PPBBPB,BBP
PTP,PPBBPB,BPB
TPP,PPBBPB,BBT
BBB,PPBBPB,TPB
TBP,PPBBPB,PPP
TPT,PPBBPB,PBB
BBP,BBPPBP,BPT
BBB,BBPPBP,TBB
TPB,PPBBPB,PPB
PTT,PPBBPB,PBP
BPT,PPBBPB,BBP
TPP,PPBBPB,PPB
PTT,BBPPBP,BBP
PBB,PPBBPB,BTT
PBP,BBPPBP,TTB
PBB,PPBBPB,TPP
PBP,BBPPBP,BPT
PBB,PPBBPB,PTT
BTB,PPBBPB,BBB
BTB,PPBBPB,PPB
PPT,PPBBPB,PBB
BPB,PPBBPB,PTB
BP,PPBBPB,BPT
PPP,PPBBPB,PTB
TBP,BBPPBP,BBB
BTB,PPBBPB,BPP
P,BBPPBP,BTP
BTP,PPBBPB,PBP
PB,PPBBPB,PTB
PPP,PPBBPB,TBB
BTP,PPBBPB,BBB
BPT,PPBBPB,BBB
PPP,BBPPBP,BBT
TTP,PPBBPB,BBP
PBP,PPBBPB,BTT
BPB,BBPPBP,TPB
PTP,PPBBPB,BBP
P,PPBBPB,BPT
BBB,PPBBPB,TPT
TBP,PPBBPB,PBP
BPP,BBPPBP,BBT
PTB,PPBBPB,BBB
TPP,BBPPBP,PTB
PPP,BBPPBP,TPP
TTB,PPBBPB,BPB
TBP,PPBBPB,BBP
TPB,PPBBPB,BBP
TTP,BBPPBP,PPB
BTB,BBPPBP,PBP
PTB,PPBBPB,PBB
PT,BBPPBP,PPP
BPB,BBPPBP,PTB
TBB,PPBBPB,PBB
TPP,PPBBPB,PPT
PBB,PPBBPB,PPT
BPT,BBPPBP,BBP
PPB,BBPPBP,TPT
BBT,PPBBPB,BPT
TPB,BBPPBP,PBB
BPT,BBPPBP,BTB
BTB,BBPPBP,PPB
PTT,PPBBPB,PPB
BPT,PPBBPB,PBT
BPP,PPBBPB,TBB
TBB,PPBBPB,BBT
TPB,BBPPBP,BTB
PBB,BBPPBP,BTP
TBB,PPBBPB,TPB
TBP,PPBBPB,BPT
TPP,BBPPBP,PP
PBT,PPBBPB,PPP
PBT,BBPPBP,TBB
TPP,BBPPBP,PPB
TBT,BBPPBP,PBT
PBT,PPBBPB,TP
PTT,PPBBPB,BBP
TPB,PPBBPB,BPB
PTP,PPBBPB,TPP
PPB,PPBBPB,TBB
BPP,PPBBPB,TPT
TPB,PPBBPB,PPT
TBP,PPBBPB,PBB
BPP,BBPPBP,TBP
BPP,BBPPBP,TBT
BPB,BBPPBP,TPP
PTB,BBPPBP,TBP
PTP,PPBBPB,BBB
BPP,BBPPBP,PTB
BPB,BBPPBP,PTP
BBB,PPBBPB,BPT
BBT,BBPPBP,PBP
PBT,BBPPBP,BPB
BTP,BBPPBP,TPP
BBT,BBPPBP,BPP
PPT,BBPPBP,BBT
BBB,PPBBPB,BTB
TBP,PPBBPB,BTP
PPT,PPBBPB,TBB
PBP,PPBBPB,BTP
BPT,BBPPBP,BPP
TBB,BBPPBP,TPP
B,BBPPBP,TBP
BBP,PPBBPB,BTB
BBT,BBPPBP,BBP
PTP,BBPPBP,BPP
TPB,PPBBPB,BPP
BPP,BBPPBP,TPT
PPB,PPBBPB,TPT
PBB,PPBBPB,PBT
PBB,BBPPBP,PTT
PPB,BBPPBP,TBT
TBB,PPBBPB,BPB
PTP,BBPPBP,TBB
BBP,BBPPBP,PTT
BTT,PPBBPB,BPP
BBB,PPBBPB,TBP
TPB,PPBBPB,BPT
TBB,BBPPBP,PPP
B,PPBBPB,BPT
TPB,BBPPBP,BPB
PBB,BBPPBP,TBP
BBB,BBPPBP,PBT
BBB,PPBBPB,TPP
PTB,BBPPBP,BTB
PBT,BBPPBP,BTP
PPB,PPBBPB,TTP
BPT,PPBBPB,BBT
PBP,PPBBPB,TPB
BPB,PPBBPB,TPT
TPB,PPBBPB,PPP
PBT,PPBBPB,BPP
PPT,BBPPBP,BBP
TTB,PPBBPB,PTB
TBT,PPBBPB,TBB
BBP,BBPPBP,TBP
TPB,BBPPBP,BBP
PPT,BBPPBP,PPB
TPP,BBPPBP,TBP
PBB,BBPPBP,BPT
PPP,PPBBPB,BPT
PBP,PPBBPB,BBT
BTP,PPBBPB,BBP
BBT,BBPPBP,BPB
BPP,PPBBPB,PPT
BTB,BBPPBP,PPT
PTP,PPBBPB,PBB
TPP,PPBBPB,PBP
BPP,PPBBPB,TTP
PBP,BBPPBP,TBB
BPP,BBPPBP,PTT
BBT,PPBBPB,TPP
BTT,PPBBPB,TPP
TTB,BBPPBP,BBB
BPP,PPBBPB,BTP
PBB,PPBBPB,BBT
BBT,BBPPBP,P
PTT,BBPPBP,PPT
TBP,PPBBPB,BPB
BPP,BBPPBP,TPP
BTB,PPBBPB,BPB
PBP,BBPPBP,PT
BBT,BBPPBP,TPP
PBP,BBPPBP,TPP
PTT,BBPPBP,TPP
PTB,BBPPBP,PBP
PPB,PPBBPB,TBT
TBP,BBPPBP,BPB
TBP,PPBBPB,BBB
PTB,PPBBPB,TPT
TBB,BBPPBP,BTP
BBB,BBPPBP,PTB
BTB,PPBBPB,PP
PPT,PPBBPB,BPB
TBB,BBPPBP,TBB
TPP,PPBBPB,B
TTB,PPBBPB,TPP
BBP,PPBBPB,PTP
BTB,BBPPBP,TBB
BPT,BBPPBP,PPP
BPT,PPBBPB,PTB
BPT,BBPPBP,PTP
BBT,BBPPBP,BTP
PBP,PPBBPB,PTP
BPT,BBPPBP,BBB
TPB,BBPPBP,PBP
PPB,PPBBPB,PTT
BBP,BBPPBP,BBT
BBP,PPBBPB,TTP
BTP,PPBBPB,BPT
PPP,BBPPBP,PPT
BBP,BBPPBP,BTB
BBP,PPBBPB,PTB
BTP,BBPPBP,PPP
BBP,BBPPBP,TPT
TBB,BBPPBP,PPB
TBP,BBPPBP,BPP
BTB,PPBBPB,PBT
PTB,PPBBPB,BPB
PPB,BBPPBP,PTP
BPB,PPBBPB,TBP
PBT,PPBBPB,PP
BTB,PPBBPB,BTP
TBB,PPBBPB,PPT
TPP,BBPPBP,PBP
TPB,BBPPBP,PBT
BPP,PPBBPB,BTT
TBB,PPBBPB,PPB
PTB,PPBBPB,PBP
BBP,BBPPBP,TTT
TPB,PPBBPB,BTP
BPT,BBPPBP,BPB
BTP,BBPPBP,TTB
TPT,PPBBPB,BPT
PBB,BBPPBP,BT
BPB,BBPPBP,BBT
PBT,PPBBPB,BPB
BP,PPBBPB,BTP
BBP,PPBBPB,TTT
PPB,BBPPBP,PTB
BTP,BBPPBP,BBP
BPT,PPBBPB,PPT
PPB,PPBBPB,PPT
TPP,BBPPBP,BBB
BTB,BBPPBP,BPT
PPP,PPBBPB,BTP
BPP,BBPPBP,TTT
BPT,BBPPBP,BPT
TPB,PPBBPB,PBP
BBP,PPBBPB,PTT
TBB,BBPPBP,PTB
BPB,PPBBPB,PBT
PBB,BBPPBP,PPT
TBP,BBPPBP,PPB
PBB,PPBBPB,TBT
PBB,PPBBPB,BTB
BPT,PPBBPB,PBP
PPP,BBPPBP,PBT
PPB,PPBBPB,TPB
PPT,BBPPBP,BTB
TBB,PPBBPB,TPP
TPB,BBPPBP,BBB
PTB,PPBBPB,BBT
BTP,PPBBPB,PBB
PBP,BBPPBP,TBP
PBT,PPBBPB,TBP
BTB,BBPPBP,PBB
TBP,PPBBPB,BB
P,PPBBPB,PTP
TPT,BBPPBP,BPP
PBT,BBPPBP,PBB
PPT,PPBBPB,BPP
PBB,PPBBPB,TBB
PPB,BBPPBP,BBT
BTT,PPBBPB,BPT
BTT,PPBBPB,PBB
PTP,BBPPBP,PBP
TTB,BBPPBP,PBB
TBB,PPBBPB,BTB
BPT,BBPPBP,PBT
PPT,PPBBPB,BTP
TPP,BBPPBP,TPB
BPT,BBPPBP,PPT
PPB,PPBBPB,TBP
TPP,PPBBPB,TBP
PPP,PPBBPB,TTB
PTP,BBPPBP,BBP
TBB,PPBBPB,PBT
PBT,BBPPBP,BPP
TBB,BBPPBP,BBP
TPP,PPBBPB,T
PBT,BBPPBP,BBT
TBB,PPBBPB,TTP
BT,BBPPBP,BBP
BPP,BBPPBP,PBT
BTB,BBPPBP,BBB
BBT,BBPPBP,PPB
PTP,PPBBPB,PBP
BTP,BBPPBP,BPT
TTP,PPBBPB,PPB
PBP,PPBBPB,TBP
BT,BBPPBP,PTB
BBP,PPBBPB,BPT
BPT,BBPPBP,PBB
BTB,BBPPBP,PPP
TBP,BBPPBP,BBT
BPB,BBPPBP,TPT
PPB,PPBBPB,PTB
PP,PPBBPB,PPT
TTB,BBPPBP,PPP
TTB,BBPPBP,BPB
PPT,BBPPBP,PTB
PBT,BBPPBP,PPP
TTP,PPBBPB,PPP
TBB,PPBBPB,PTP
TBP,BBPPBP,PTB
BBB,PPBBPB,BBT
PTT,PPBBPB,BTB
BTT,PPBBPB,PPB
BBP,PPBBPB,TPT
BBP,BBPPBP,PTB
TPP,PPBBPB,BTT
PTB,PPBBPB,TPP
BBP,PPBBPB,BTT
BBB,PPBBPB,BT
PTB,PPBBPB,PPP
PBB,BBPPBP,PBT
TPP,PPBBPB,BBB
BTB,PPBBPB,PTB
PPP,BBPPBP,BPT
PBP,BBPPBP,PPT
BBP,PPBBPB,TPB
TPP,PPBBPB,PP
PBP,PPBBPB,PPT
BBT,PPBBPB,BBT
PBP,PPBBPB,TBT
TPP,PPBBPB,PTT
TPT,PPBBPB,PPP
TTP,BBPPBP,BTP
BTT,BBPPBP,PPP
PBB,BBPPBP,TBB
BBT,PPBBPB,BPB
PPB,BBPPBP,BTB
BTP,PPBBPB,TBB
PBB,PPBBPB,T
TPB,BBPPBP,PPB
PPB,BBPPBP,BTT
PTP,BBPPBP,BTB
PBB,BBPPBP,BTB
TBT,BBPPBP,PTP
PBT,PPBBPB,PBB
TTP,BBPPBP,BPT
PPT,BBPPBP,TPP
TPP,BBPPBP,BBP
TBP,PPBBPB,B
PPP,PPBBPB,TPT
PTB,PPBBPB,PPT
TTB,PPBBPB,PPP
PTP,PPBBPB,TBB
PTT,PPBBPB,BPB
PPB,BBPPBP,PBT
PTB,BBPPBP,BBP
PTT,BBPPBP,TBB
BTT,BBPPBP,TTP
PPB,BBPPBP,TBP
BTT,BBPPBP,PBP
BPT,PPBBPB,PP
TPB,PPBBPB,TBB
BBB,BBPPBP,PTT
BP,PPBBPB,TBP
PTB,PPBBPB,TBB
TPP,BBPPBP,BTB
BPB,PPBBPB,TBT
PPT,BBPPBP,PPP
PPP,BBPPBP,PTP
PBP,BBPPBP,BBT
PPT,BBPPBP,BBB
TBT,PPBBPB,TBT
TTP,BBPPBP,BBB
TPP,PPBBPB,BTB
BTB,BBPPBP,BPP
TBP,BBPPBP,TBP
TBP,PPBBPB,BTT
BBT,PPBBPB,PPB
BTP,BBPPBP,BBB
TBB,PPBBPB,TBP
PPB,BBPPBP,T
P,PPBBPB,TBB
TBB,BBPPBP,PBP
BTT,PPBBPB,BBB
TBP,BBPPBP,BTT
BBT,BBPPBP,PBB
BTB,PPBBPB,T
BBP,BBPPBP,TPB
PTT,PPBBPB,BBB
PPT,BBPPBP,TBB
PBT,PPBBPB,TBB
PTP,PPBBPB,TTB
PTP,PPBBPB,PTB
TPP,BBPPBP,PBB
BT,BBPPBP,PBB
PTB,BBPPBP,PPP
TTP,BBPPBP,BBP
TBP,PPBBPB,PTB
BT,PPBBPB,BBP
PB,PPBBPB,PPT
BPP,BBPPBP,T
PTP,BBPPBP,PPT
BBB,PPBBPB,TTP
BPB,PPBBPB,PPT
BPB,PPBBPB,BPT
BBT,PPBBPB,BTB
PPP,BBPPBP,TPB
P,BBPPBP,TPP
TPP,PPBBPB,BBP
TPB,BBPPBP,PTB
BBP,BBPPBP,PPT
BPT,PPBBPB,PBB
TBB,PPBBPB,PPP
PBB,PPBBPB,TBP
PPB,PPBBPB,TTB
T,PPBBPB,PTP
TBB,PPBBPB,BPT
TPT,PPBBPB,PBP
PBP,PPBBPB,TTP
BBB,BBPPBP,TPP
BT,PPBBPB,TBB
P,PPBBPB,BTP
BTP,BBPPBP,TBP
TPB,PPBBPB,BBB
PBB,BBPPBP,BBT
T,PPBBPB,BBB
BTP,BBPPBP,TBB
BPP,BBPPBP,BPT
PPT,BBPPBP,PBB
TBT,PPBBPB,BBB
PBP,PPBBPB,T
BBT,PPBBPB,BBP
TP,PPBBPB,BPB
TBT,PPBBPB,BPB
PB,PPBBPB,PBT
PPT,PPBBPB,PBT
PBB,PPBBPB,TTB
TPP,PPBBPB,PTP
PBT,BBPPBP,BBP
BTT,PPBBPB,PBP
PBP,BBPPBP,TPB
PBT,PPBBPB,B
PTB,PPBBPB,BTB
PPT,BBPPBP,PBP
TPB,BBPPBP,TBT
BPB,BBPPBP,T
PBB,BBPPBP,BTT
PPP,PPBBPB,PTT
BBB,PPBBPB,TP
BPB,BBPPBP,TBT
BBT,PPBBPB,PPT
TBB,BBPPBP,BPP
TPP,BBPPBP,BPB
TBB,PPBBPB,TBB
PTP,PPBBPB,PPT
BPB,BBPPBP,BTP
PTP,BBPPBP,BPB
BPT,BBPPBP,PBP
BBT,BBPPBP,TPT
PTP,PPBBPB,BTB
PBT,PPBBPB,BBP
PPT,PPBBPB,T
PTT,BBPPBP,BPB
PTT,BBPPBP,PTP
BPP,PPBBPB,PBT
PP,PPBBPB,PTP
TP,PPBBPB,PBT
B,PPBBPB,TPB
BPP,PPBBPB,BTB
P,PPBBPB,TTB
TPP,PPBBPB,PBT
B,PPBBPB,BTB
TPP,BBPPBP,PBT
BPP,BBPPBP,BTP
PPT,PPBBPB,PTB
T,BBPPBP,BBT
BPP,PPBBPB,TPP
PB,BBPPBP,TPT
TBT,PPBBPB,PBB
BPB,BBPPBP,BPT
TBP,BBPPBP,PTP
PTB,PPBBPB,TBT
TPB,PPBBPB,TTP
TTB,BBPPBP,PPB
BBB,PPBBPB,BTP
PTT,PPBBPB,PBB
BTB,BBPPBP,BBP
PBB,PPBBPB,PTB
BB,PPBBPB,TBB
PB,BBPPBP,BTB
BBT,PPBBPB,BTP
BTP,PPBBPB,BBT
TB,PPBBPB,TBP
BTP,PPBBPB,TBP
TB,PPBBPB,BPB
TP,PPBBPB,BBT
BBT,PPBBPB,PBP
T,PPBBPB,PPP
TPP,PPBBPB,BPT
PBT,PPBBPB,BTB
PPB,PPBBPB,BTT
TTB,BBPPBP,BPP
B,BBPPBP,BTB
BPP,BBPPBP,PTP
BPP,BBPPBP,TTB
TBP,BBPPBP,TBB
TBT,PPBBPB,PPP
BTB,PPBBPB,BBT
TPB,BBPPBP,BPT
PPT,PPBBPB,PPT
PBT,PPBBPB,PTB
BPP,PPBBPB,T
BB,PPBBPB,PPT
PTB,BBPPBP,PTP
PPT,PPBBPB,PPB
PT,PPBBPB,PBB
PTP,BBPPBP,PPB
BTP,BBPPBP,PPB
BTB,BBPPBP,TBP
BTP,PPBBPB,TTP
PTB,PPBBPB,T
PTP,BBPPBP,BTP
PPT,BBPPBP,PTP
TBP,PPBBPB,BTB
PPB,BBPPBP,BPT
BP,BBPPBP,TTP
PPB,BBPPBP,BTP
PPT,PPBBPB,TPP
PTP,PPBBPB,BPT
B,BBPPBP,BBT
PBB,BBPPBP,TTB
TPP,PPBBPB,PTB
TBP,PPBBPB,TPP
PB,PPBBPB,BPT
BBP,BBPPBP,PBT
BPT,BBPPBP,BB
BTB,BBPPBP,BB
PTP,BBPPBP,BPT
BBB,PPBBPB,TTB
BTP,BBPPBP,PBB
T,PPBBPB,PBB
TBT,BBPPBP,PPB
PPT,PPBBPB,PTT
TP,BBPPBP,BPB
PPB,BBPPBP,TTT
TBB,BBPPBP,BBB
PPT,BBPPBP,BPT
TBP,BBPPBP,BPT
TBB,BBPPBP,BTB
PBT,BBPPBP,PPB
BTT,BBPPBP,BPP
PBT,BBPPBP,BPT
PBP,BBPPBP,BTB
TBT,PPBBPB,BPP
PPB,BBPPBP,TTB
PTP,PPBBPB,TBP
BPT,PPBBPB,PTP
BTP,PPBBPB,TTT
PT,PPBBPB,BTB
PT,BBPPBP,BTB
PTB,PPBBPB,BTP
TPT,BBPPBP,PPB
BTP,PPBBPB,BT
PPT,PPBBPB,BBP
TBB,BBPPBP,B
BBB,PPBBPB,T
BTP,PPBBPB,TTB
TTP,PPBBPB,PBP
PBT,PPBBPB,PTT
TPP,BBPPBP,PTP
PTB,BBPPBP,BBT
BTT,BBPPBP,PTP
TBT,PPBBPB,BBP
TTB,BBPPBP,PBT
BPB,PPBBPB,PTT
BBP,BBPPBP,TPP
TP,BBPPBP,BBB
P,BBPPBP,TTP
TPB,PPBBPB,BP
BPT,PPBBPB,TPB
TBP,BBPPBP,TPP
TBB,BBPPBP,PTT
BPT,PPBBPB,BTT
TBP,PPBBPB,BPP
BBP,BBPPBP,TTB
BTP,PPBBPB,PBT
PBT,PPBBPB,PBT
BB,PPBBPB,TPB
BTB,BBPPBP,B
BTB,PPBBPB,P
PBT,PPBBPB,TPP
PTP,PPBBPB,B
TBB,BBPPBP,TBP
TPB,PPBBPB,TPB
BTT,BBPPBP,BBB
BBT,BBPPBP,TTB
PTB,PPBBPB,TBP
BPT,PPBBPB,BT
PBT,PPBBPB,BPT
TBB,BBPPBP,BBT
BTB,BBPPBP,BTB
TPP,BBPPBP,BTP
BTB,BBPPBP,BTP
PBB,BBPPBP,T
PBP,BBPPBP,PBT
BTP,BBPPBP,TPB
PPB,BBPPBP,TPP
BTB,BBPPBP,BBT
BTT,PPBBPB,BBP
BTP,BBPPBP,BPB
T,BBPPBP,BPB
BTB,PPBBPB,BPT
BBP,PPBBPB,BTP
BBT,PPBBPB,PTP
T,BBPPBP,PPP
TBB,PPBBPB,PTB
BPB,PPBBPB,BT
PPT,PPBBPB,BTB
TPT,BBPPBP,BPB
TBB,BBPPBP,PPT
TPB,PPBBPB,B
BPT,PPBBPB,TTP
BBT,BBPPBP,T
BPT,BBPPBP,PTB
BBB,PPBBPB,PTP
BBT,BBPPBP,BTT
TBT,BBPPBP,BPP
PPT,BBPPBP,PBT
PTP,BBPPBP,BBT
BPT,PPBBPB,P
PPT,PPBBPB,BP
TBB,BBPPBP,PBT
PPP,BBPPBP,TPT
B,BBPPBP,PBT
TPT,PPBBPB,BBB
TTT,BBPPBP,BPB
TPB,BBPPBP,BBT
PTT,BBPPBP,PPP
TB,BBPPBP,BPP
PTB,BBPPBP,B
PB,PPBBPB,TTB
PPT,PPBBPB,TBP
TTP,PPBBPB,BPP
BPP,PPBBPB,TTT
PPP,PPBBPB,TPP
TPP,BBPPBP,BBT
BPB,BBPPBP,TTP
BPT,BBPPBP,TPB
B,PPBBPB,BBT
BTP,PPBBPB,BTT
PP,BBPPBP,TPB
TBB,BBPPBP,PTP
PBP,PPBBPB,PTT
TPP,PPBBPB,PBB
PTP,BBPPBP,PBT
BPB,BBPPBP,BTB
BTB,PPBBPB,BTT
PT,PPBBPB,PPB
TPT,PPBBPB,BPP
TTT,PPBBPB,BTB
PBP,BBPPBP,BTP
PBB,PPBBPB,TTP
TBP,BBPPBP,PBB
T,PPBBPB,PPT
PBP,PPBBPB,TBB
TTP,PPBBPB,PTP
TBP,BBPPBP,BTP
BBT,BBPPBP,PPT
TPT,PPBBPB,TBT
PTB,BBPPBP,BTT
BTB,BBPPBP,TPP
BPB,BBPPBP,PT
BBT,BBPPBP,PTB
BBP,BBPPBP,TTP
TBP,BBPPBP,PBT
TPB,BBPPBP,PPT
BT,BBPPBP,TTB
PBB,PPBBPB,TPT
BTP,PPBBPB,PTP
B,PPBBPB,TTP
TP,PPBBPB,PPB
TPB,PPBBPB,TBP
TPP,PPBBPB,BTP
TPT,BBPPBP,PPT
PTB,BBPPBP,BBB
TPT,BBPPBP,PBP
PBT,PPBBPB,PTP
BTP,PPBBPB,TPP
B,PPBBPB,PTB
PP,PPBBPB,TBP
TPB,PPBBPB,PTP
PBT,BBPPBP,PBP
BBB,PPBBPB,PTT
BPT,PPBBPB,BPT
PPP,PPBBPB,PBT
PBB,BBPPBP,TTP
TBB,PPBBPB,BTP
P,PPBBPB,PTB
TBP,PPBBPB,PB
B,PPBBPB,BTT
BPT,PPBBPB,TBB
TPB,PPBBPB,PB
BBT,PPBBPB,PP
TPP,BBPPBP,PTT
TT,PPBBPB,BBB
PB,PPBBPB,TPB
TBP,BBPPBP,P
PBB,PPBBPB,TTT
BTB,PPBBPB,BTB
BTP,BBPPBP,BTP
TB,BBPPBP,PPB
TTT,BBPPBP,BBB
TPT,BBPPBP,BBP
BBP,PPBBPB,TBT
PT,PPBBPB,BBB
TBB,BBPPBP,TTB
PBT,BBPPBP,TPP
PBT,PPBBPB,BBT
PTB,BBPPBP,P
P,PPBBPB,TTP
BBB,BBPPBP,BT
BBP,BBPPBP,BTT
TP,PPBBPB,BBB
TT,PPBBPB,BPP
TTB,PPBBPB,B
B,PPBBPB,TBB
TTP,BBPPBP,TTP
BBT,BBPPBP,TBT
TBB,PPBBPB,B
BPB,BBPPBP,BTT
T,BBPPBP,PPB
TBT,PPBBPB,TBP
TTT,PPBBPB,PPB
P,PPBBPB,BTB
PT,PPBBPB,TTP
P,PPBBPB,TBP
PBP,PPBBPB,TTT
TBB,PPBBPB,PB
BTP,BBPPBP,BTT
TPT,BBPPBP,B
BTB,PPBBPB,PTT
TBP,PPBBPB,TPB
PB,PPBBPB,BTP
TTP,BBPPBP,TPB
BPB,PPBBPB,TP
TPP,PPBBPB,BB
TB,BBPPBP,PTP
BTB,PPBBPB,B
TPP,PPBBPB,TPP
TPB,BBPPBP,TPB
TPB,PPBBPB,PTB
TTT,PPBBPB,BBP
T,PPBBPB,PBP
PTB,BBPPBP,TPB
TTP,PPBBPB,B
TBT,BBPPBP,BPT
BTB,PPBBPB,TBB
BPT,PPBBPB,BTP
TB,BBPPBP,PBB
PB,BBPPBP,TTP
TBT,PPBBPB,P
P,PPBBPB,PPT
BPT,BBPPBP,TBT
BTT,PPBBPB,BPB
B,BBPPBP,PTB
BTP,PPBBPB,BTP
TPP,BBPPBP,BPT
TBP,BBPPBP,BTB
PBT,BBPPBP,BTB
BTT,BBPPBP,BPB
TBB,PPBBPB,TB
PPB,BBPPBP,TTP
TBB,BBPPBP,BPT
TPB,BBPPBP,BPP
TBT,BBPPBP,PBP
BTP,BBPPBP,P
BPT,BBPPBP,B
PPT,BBPPBP,T
PB,PPBBPB,BTB
PTP,BBPPBP,TPB
BBT,PPBBPB,PB
T,BBPPBP,BTB
TBB,PPBBPB,TBT
PTT,PPBBPB,PBT
BPB,PPBBPB,TTP
TTT,PPBBPB,PBB
BTP,PPBBPB,PB
BB,PPBBPB,BTB
TBP,PPBBPB,TBP
PTB,BBPPBP,BPB
PBT,PPBBPB,P
BTB,BBPPBP,TPB
B,PPBBPB,PPT
PBT,PPBBPB,TBT
PBT,PPBBPB,TTB
TBB,PPBBPB,PP
TPP,BBPPBP,TPP
BBT,BBPPBP,BTB
BB,PPBBPB,PTB
PPP,BBPPBP,TTB
PTP,PPBBPB,TPB
BBT,BBPPBP,TBB
TPB,PPBBPB,PBT
TTP,PPBBPB,PBB
BBT,PPBBPB,B
PT,BBPPBP,PBT
BBT,BBPPBP,TBP
T,BBPPBP,BBB
PBP,BBPPBP,TPT
PTB,BBPPBP,PTB
TB,BBPPBP,BPB
PPT,PPBBPB,PP
TTP,PPBBPB,BBB
PT,PPBBPB,PPT
BTB,PPBBPB,PTP
PPB,PPBBPB,T
TTB,PPBBPB,BBP
PPP,PPBBPB,T
BT,PPBBPB,TPP
BBT,PPBBPB,TBB
PBT,PPBBPB,TPB
PPB,BBPPBP,BT
PTB,PPBBPB,PBT
PTB,BBPPBP,TPP
PPT,BBPPBP,BTT
TBT,BBPPBP,TBB
PPB,BBPPBP,PTT
TPB,PPBBPB,BTB
PTP,PPBBPB,P
BTP,BBPPBP,PPT
PPP,BBPPBP,BTT
TPB,PPBBPB,PTT
PTT,PPBBPB,PTP
PPP,BBPPBP,PT
PT,PPBBPB,TPB
BP,BBPPBP,BPT
BBB,PPBBPB,BTT
PP,PPBBPB,BPT
PPT,PPBBPB,TPB
TBT,BBPPBP,PBB
PBP,BBPPBP,TB
BPT,PPBBPB,PTT
BTP,BBPPBP,BTB
B,PPBBPB,TBP
BPP,PPBBPB,PTT
TBT,PPBBPB,PPT
TBP,PPBBPB,TPT
PBT,BBPPBP,PTB
PTP,PPBBPB,BB
TTP,PPBBPB,BTP
BPT,BBPPBP,BP
TPT,PPBBPB,PPB
BBT,BBPPBP,TTP
BTB,PPBBPB,TPP
BT,BBPPBP,PPB
PTB,BBPPBP,TTP
TBP,PPBBPB,BBT
PTP,BBPPBP,PTB
BBT,BBPPBP,PP
TTB,BBPPBP,TTB
BTT,PPBBPB,PTP
TT,PPBBPB,BBP
PPT,PPBBPB,PTP
TBT,BBPPBP,PPT
PTP,PPBBPB,PTT
BB,BBPPBP,PPT
TTP,PPBBPB,BPB
PBP,PPBBPB,TPT
BBT,BBPPBP,BPT
PB,PPBBPB,TBB
P,PPBBPB,TPP
P,PPBBPB,TPT
BPP,PPBBPB,TP
PP,BBPPBP,BPT
TTP,BBPPBP,BTT
TBP,PPBBPB,T
TPT,PPBBPB,PBT
TPP,PPBBPB,TTP
BTB,BBPPBP,PTB
TTP,BBPPBP,PPT
B,PPBBPB,TPP
PB,PPBBPB,BTT
TBP,PPBBPB,PPT
TTP,BBPPBP,PPP
TP,PPBBPB,BBP
PT,PPBBPB,BTP
PPT,PPBBPB,BTT
PBB,PPBBPB,BT
BBT,BBPPBP,BB
T,PPBBPB,TBP
BBT,PPBBPB,PBT
BPP,BBPPBP,PT
BBB,BBPPBP,T
BPT,PPBBPB,TPT
PPT,BBPPBP,PTT
BT,BBPPBP,PPT
PTP,PPBBPB,TP
BTB,BBPPBP,PBT
B,BBPPBP,TPP
TBP,PPBBPB,BP
TTT,PPBBPB,BPB
TTB,PPBBPB,BBT
BB,BBPPBP,TBB
BB,PPBBPB,PTP
TBP,PPBBPB,PTT
TPB,BBPPBP,B
TPT,BBPPBP,PPP
PPB,PPBBPB,TB
TBP,BBPPBP,TP
BTB,BBPPBP,P
TT,BBPPBP,BBP
TBB,BBPPBP,BT
TB,BBPPBP,BBP
PPT,BBPPBP,TPT
BBB,BBPPBP,TTP
PP,PPBBPB,PTT
PTB,PPBBPB,TTP
TP,PPBBPB,PPP
PPP,BBPPBP,T
PTP,BBPPBP,P
PBT,BBPPBP,BB
BBP,PPBBPB,TB
BBT,PPBBPB,PT
TPP,PPBBPB,P
BPP,BBPPBP,TTP
PTT,PPBBPB,PPP
TTB,PPBBPB,PTP
PPP,PPBBPB,BT
PBP,BBPPBP,TBT
TBP,PPBBPB,TBT
PTP,PPBBPB,PBT
PTT,PPBBPB,TPT
TTP,BBPPBP,PBT
BPT,PPBBPB,TPP
T,BBPPBP,BPP
P,BBPPBP,TBB
PBT,BBPPBP,PBT
BTB,BBPPBP,PTP
PBT,BBPPBP,TPB
P,BBPPBP,PTP
PTB,BBPPBP,PB
PP,PPBBPB,BTP
TTB,PPBBPB,PBB
PPT,PPBBPB,B
PTT,PPBBPB,TBB
BPT,BBPPBP,BBT
TPT,PPBBPB,BBP
TPT,PPBBPB,B
TPT,PPBBPB,BP
PPT,BBPPBP,TBP
TBT,PPBBPB,BPT
TP,BBPPBP,PBB
BPT,PPBBPB,TBP
B,PPBBPB,PTT
T,PPBBPB,BTB
PBT,PPBBPB,PPT
BTT,BBPPBP,BBT
TPT,PPBBPB,BBT
TPP,BBPPBP,PT
BBT,PPBBPB,TP
P,BBPPBP,BPT
TPP,PPBBPB,PB
BBT,PPBBPB,PTB
BTT,PPBBPB,BBT
PTT,PPBBPB,BPP
BB,BBPPBP,PTT
PTB,PPBBPB,BPT
PPT,PPBBPB,BBT
BT,BBPPBP,BTT
BPT,PPBBPB,B
PBP,BBPPBP,PTT
P,BBPPBP,TBP
BPB,BBPPBP,PTT
TB,BBPPBP,PPP
PT,PPBBPB,PBP
PTB,PPBBPB,PTB
PPP,PPBBPB,TTP
TTB,BBPPBP,TPP
TP,BBPPBP,BPP
BPP,BBPPBP,BTT
TBT,BBPPBP,BPB
B,BBPPBP,TBB
PBT,BBPPBP,TTP
TTP,BBPPBP,PBB
BP,PPBBPB,PPT
TTT,BBPPBP,BTB
PP,BBPPBP,TBT
BPT,PPBBPB,PB
BPT,BBPPBP,TTP
TTT,BBPPBP,BPP
BTT,PPBBPB,BTB
BTB,PPBBPB,BP
PB,PPBBPB,BBT
BTB,PPBBPB,PB
TBP,BBPPBP,PB
PTB,PPBBPB,B
PP,PPBBPB,BTB
BBB,BBPPBP,TPT
PP,BBPPBP,PBT
BTT,BBPPBP,BPT
T,PPBBPB,BPP
TTT,BBPPBP,PBP
TBP,BBPPBP,TTP
P,PPBBPB,TPB
BTP,PPBBPB,PPT
BPT,PPBBPB,TTB
TB,BBPPBP,TBP
BTP,PPBBPB,T
BT,BBPPBP,PBT
BBB,BBPPBP,BTT
TPP,BBPPBP,TBT
PPT,PPBBPB,TTP
BTP,PPBBPB,P
TBT,BBPPBP,BBP
BT,PPBBPB,BPP
TBT,BBPPBP,BTB
TTB,BBPPBP,PBP
PBB,BBPPBP,TPT
TBT,PPBBPB,PPB
PBT,PPBBPB,TPT
BBT,PPBBPB,TTP
BBB,PPBBPB,TB
BPT,BBPPBP,TBB
B,BBPPBP,PPT
TPP,BBPPBP,TBB
BP,PPBBPB,TPP
PB,BBPPBP,TPB
TB,PPBBPB,BBP
PTP,PPBBPB,PTP
BBP,PPBBPB,TTB
PTP,BBPPBP,PTT
BB,BBPPBP,TBP
PP,BBPPBP,TBB
TPT,BBPPBP,BBB
PBT,BBPPBP,PPT
PTP,BBPPBP,B
PTB,BBPPBP,T
PP,PPBBPB,TPB
B,PPBBPB,PTP
BTP,PPBBPB,TB
P,PPBBPB,PBT
BTT,BBPPBP,PB
BPB,PPBBPB,TTT
PT,PPBBPB,TBP
PP,PPBBPB,PBT
P,BBPPBP,BBT
BPT,BBPPBP,TBP
B,PPBBPB,PBT
BBT,PPBBPB,BP
TTP,PPBBPB,BTB
BBT,BBPPBP,PTP
TPT,PPBBPB,BTB
TPP,BBPPBP,P
BBT,PPBBPB,TTB
T,PPBBPB,BPB
PBT,PPBBPB,TTT
BBT,PPBBPB,TBT
BTP,PPBBPB,TPB
TBB,BBPPBP,P
PT,PPBBPB,BPB
T,PPBBPB,BPT
PB,BBPPBP,PTT
PTT,BBPPBP,PBP
TP,BBPPBP,PBP
TTP,BBPPBP,PTB
TPT,PPBBPB,TBB
BPT,BBPPBP,P
TB,BBPPBP,BBB
TPB,BBPPBP,TBP
PTB,PPBBPB,TPB
BT,BBPPBP,BBT
TTP,BBPPBP,BPB
PPB,PPBBPB,PT
B,PPBBPB,TTT
TTP,BBPPBP,BPP
TBT,PPBBPB,BBT
BBT,PPBBPB,TBP
BT,PPBBPB,PBB
PTB,PPBBPB,TTT
PPP,PPBBPB,TP
BTP,PPBBPB,BTB
TTB,PPBBPB,TBB
PTB,BBPPBP,TBB
BB,PPBBPB,BPT
BT,PPBBPB,BBB
TPB,PPBBPB,P
TBT,BBPPBP,B
PB,PPBBPB,TPP
BPT,PPBBPB,TTT
BTT,BBPPBP,PBB
PPP,BBPPBP,PTT
PPP,PPBBPB,TB
BB,PPBBPB,BTP
PBT,BBPPBP,B
PTB,BBPPBP,PPT
BTP,BBPPBP,PBT
BP,PPBBPB,TPT
BT,BBPPBP,PPP
B,PPBBPB,BTP
PPT,BBPPBP,BTP
BB,BBPPBP,BTB
BTP,PPBBPB,BB
PTP,BBPPBP,TBP
TBT,BBPPBP,BBB
PTP,BBPPBP,TBT
BTB,BBPPBP,TTP
PPP,BBPPBP,TT
BP,BBPPBP,BTP
P,BBPPBP,BTB
PTB,BBPPBP,BPT
PB,BBPPBP,BTP
PP,BBPPBP,PTB
TBB,BBPPBP,TP
PPB,BBPPBP,PT
BBP,BBPPBP,TP
P,BBPPBP,TPB
BBB,PPBBPB,TBT
PBT,BBPPBP,PTP
BTT,BBPPBP,PPB
TPT,PPBBPB,BT
BTP,PPBBPB,BP
TBT,PPBBPB,PTB
PPP,BBPPBP,BT
PBT,BBPPBP,BTT
BBT,BBPPBP,BBT
PBT,PPBBPB,BB
PT,BBPPBP,PTB
BTT,PPBBPB,PPT
PBB,BBPPBP,PT
PTT,PPBBPB,TBT
PBP,BBPPBP,T
T,PPBBPB,PBT
BPB,BBPPBP,BT
BB,PPBBPB,TBP
PTT,PPBBPB,BBT
BBT,BBPPBP,PTT
PP,PPBBPB,TBB
PPP,BBPPBP,TB
TPT,PPBBPB,PPT
TPT,PPBBPB,P
BTP,BBPPBP,PTP
BTB,PPBBPB,TP
BTT,BBPPBP,PBT
TTB,BBPPBP,BBP
TBP,PPBBPB,P
BTP,PPBBPB,B
TPB,BBPPBP,TTB
BP,PPBBPB,TPB
PT,BBPPBP,TTB
P,BBPPBP,BTT
BTP,BBPPBP,PTB
PPT,PPBBPB,BB
TTB,BBPPBP,BBT
TTT,PPBBPB,BPP
BP,BBPPBP,PTP
TTB,PPBBPB,PBT
B,BBPPBP,BTP
PP,PPBBPB,BBT
BBT,BBPPBP,TPB
TTB,BBPPBP,TPB
BBB,BBPPBP,TP
TBT,BBPPBP,BTP
BBB,BBPPBP,TBT
BTB,PPBBPB,BB
P,BBPPBP,PTB
TBP,PPBBPB,TTB
BPB,PPBBPB,TTB
BTB,BBPPBP,PP
BTP,PPBBPB,PTB
BPT,PPBBPB,TB
TTP,BBPPBP,TBB
PT,PPBBPB,PPP
PPT,PPBBPB,TBT
TBB,BBPPBP,TPB
PBT,BBPPBP,P
TTT,PPBBPB,PBP
TPB,BBPPBP,BP
PPB,PPBBPB,BT
BP,BBPPBP,BTB
PTT,BBPPBP,BBT
BT,BBPPBP,TPP
TBB,PPBBPB,BTT
PTB,BBPPBP,TTB
PTP,PPBBPB,TPT
PTT,BBPPBP,BBB
TTT,PPBBPB,BPT
PTT,BBPPBP,PBB
PPP,PPBBPB,TTT
PTT,BBPPBP,BTP
BPB,PPBBPB,T
PTT,PPBBPB,PTB
PTB,BBPPBP,BTP
PPP,BBPPBP,TTP
TTB,PPBBPB,TTT
BTT,PPBBPB,TBP
BP,PPBBPB,PTB
TPP,PPBBPB,TB
BBT,PPBBPB,BTT
TPP,BBPPBP,BTT
TTP,BBPPBP,PTT
PTB,BBPPBP,PBT
BPB,PPBBPB,BTT
TPT,PPBBPB,BB
BBP,PPBBPB,PT
TPB,PPBBPB,TPT
PBB,BBPPBP,TB
BTT,BBPPBP,BTP
PPT,BBPPBP,PPT
BTB,BBPPBP,TPT
BT,PPBBPB,BPB
B,BBPPBP,BPT
B,BBPPBP,TTB
BBB,BBPPBP,TTT
PT,BBPPBP,BPB
TTP,PPBBPB,TPT
B,BBPPBP,PTP
TPP,BBPPBP,TTP
TTB,PPBBPB,BTB
PTP,PPBBPB,TTP
PPB,PPBBPB,TTT
BTT,PPBBPB,TTP
TTB,BBPPBP,BPT
PT,BBPPBP,PBB
PTB,BBPPBP,TPT
TBB,PPBBPB,PT
TBT,PPBBPB,PBT
TTP,PPBBPB,BPT
BTP,BBPPBP,TTT
PBT,BBPPBP,PTT
PBT,PPBBPB,PB
BPT,BBPPBP,TTB
TPT,BBPPBP,BPT
TBB,PPBBPB,P
BBB,BBPPBP,TB
BTP,PPBBPB,PTT
TPB,PPBBPB,TBT
P,BBPPBP,TBT
TBP,BBPPBP,PPT
PT,PPBBPB,BPP
PB,PPBBPB,PTP
BP,PPBBPB,PTP
PTB,PPBBPB,BTT
TTP,PPBBPB,PTT
TPT,BBPPBP,PBB
TBB,PPBBPB,BB
BP,PPBBPB,BBT
BP,BBPPBP,TPB
PB,BBPPBP,PPT
TBT,BBPPBP,PPP
BBP,PPBBPB,TP
PTP,BBPPBP,TPP
PTP,PPBBPB,BT
BTT,PPBBPB,PBT
TBP,BBPPBP,B
BT,BBPPBP,TBB
BT,PPBBPB,PBP
BTP,BBPPBP,TTP
TTB,PPBBPB,TPB
TPP,PPBBPB,TTB
TBP,PPBBPB,TP
PT,PPBBPB,BBP
BBT,PPBBPB,P
PP,PPBBPB,TTB
B,PPBBPB,TTB
PBP,BBPPBP,TTP
TTP,PPBBPB,TPB
BBT,PPBBPB,TPT
BP,PPBBPB,TBB
BPB,BBPPBP,TB
BTP,PPBBPB,TBT
BBB,PPBBPB,TTT
TTT,PPBBPB,BTP
BTT,PPBBPB,PPP
PPT,BBPPBP,BT
TTB,PPBBPB,TBP
PT,BBPPBP,BBB
PTP,PPBBPB,PP
BTT,PPBBPB,BT
PT,BBPPBP,TPB
PPT,BBPPBP,TTB
PB,PPBBPB,TPT
TPT,PPBBPB,PTT
PTB,PPBBPB,BB
BPT,PPBBPB,T
BBT,PPBBPB,PTT
PTB,BBPPBP,BB
TTB,BBPPBP,PTP
TBB,PPBBPB,TTB
PTT,PPBBPB,TBP
TPP,BBPPBP,TPT
TTT,PPBBPB,BBB
TTP,BBPPBP,PTP
TBB,BBPPBP,PP
BT,BBPPBP,PBP
TPB,PPBBPB,TTT
BTT,BBPPBP,BTB
BT,PPBBPB,BTB
BT,PPBBPB,PPB
TTT,BBPPBP,PBB
TPT,BBPPBP,TBT
TTP,PPBBPB,TBP
PTT,PPBBPB,B
BTT,BBPPBP,PPT
TTT,BBPPBP,PPP
BBT,BBPPBP,PBT
TTT,PPBBPB,TBP
TPB,BBPPBP,TTP
TTT,PPBBPB,BBT
BTT,BBPPBP,TTB
PTT,PPBBPB,BTP
PTP,PPBBPB,BTP
TTT,PPBBPB,PPT
PPT,BBPPBP,PB
BBT,BBPPBP,PT
TBB,BBPPBP,TTT
BTT,PPBBPB,TBB
TPP,BBPPBP,BP
BP,PPBBPB,BTT
TTT,BBPPBP,PTB
PPP,BBPPBP,TTT
PTP,PPBBPB,BTT
PBT,BBPPBP,PB
PPT,PPBBPB,TTT
BBP,PPBBPB,T
PBP,BBPPBP,TTT
BPB,PPBBPB,TB
PTT,BBPPBP,TTB
TPB,BBPPBP,BTT
BTT,PPBBPB,BTT
PTT,PPBBPB,TTP
PTT,BBPPBP,BTB
TPT,BBPPBP,TBB
BP,PPBBPB,BTB
PTB,PPBBPB,PB
PTB,BBPPBP,TTT
TTP,PPBBPB,BBT
TTP,PPBBPB,TBB
BP,PPBBPB,PBT
PPT,BBPPBP,P
TTB,BBPPBP,P
PPT,PPBBPB,TTB
BBT,PPBBPB,TTT
BPT,BBPPBP,BTT
BB,BBPPBP,BBT
TB,PPBBPB,PTP
BTP,BBPPBP,PTT
BTT,PPBBPB,B
BPT,BBPPBP,TPP
PPT,BBPPBP,B
PTB,PPBBPB,PP
BTP,PPBBPB,TPT
BTT,BBPPBP,TPB
BTB,BBPPBP,BTT
TPT,PPBBPB,PTB
BTT,BBPPBP,BBP
BBT,BBPPBP,BP
BT,PPBBPB,PBT
BP,BBPPBP,PTB
BP,BBPPBP,PPT
TBT,BBPPBP,BBT
PTT,BBPPBP,PBT
PP,BBPPBP,PPT
TBT,PPBBPB,BTB
BBP,BBPPBP,TT
TBT,PPBBPB,BT
PTP,BBPPBP,PB
TPT,BBPPBP,PBT
BT,PPBBPB,PPP
TPT,PPBBPB,TPP
BPT,PPBBPB,TBT
PTT,BBPPBP,PTB
TTP,PPBBPB,PB
PTT,PPBBPB,TPP
BP,BBPPBP,TBB
BTB,PPBBPB,TTP
TTP,BBPPBP,PP
PTT,PPBBPB,TPB
TPB,BBPPBP,TPT
PB,BBPPBP,TBB
TBB,PPBBPB,TPT
B,PPBBPB,TBT
TBP,PPBBPB,PP
PB,BBPPBP,PTB
TPB,BBPPBP,TBB
BPB,BBPPBP,TT
