before,tuek_ku,after,length,repeat
PBBBPB,PPBBPPBBPPBB,BPPPBB,12,3
PPBPBP,BBPPPPBBPPBB,BPPPBP,12,3
PPPBBP,BBPPBBPPBBPPPPBB,PPPBPB,16,4
PBPBPP,PPBBBBPPPPBB,PBPPBB,12,3
BBBPBB,BBPPPPBBPPBB,PPPPPB,12,3
BPBPPP,PPBBPPBBBBPP,BPPPBB,12,3
BBBPPB,BBPPPPBBPPBB,PBPPPP,12,3
PBPPPB,PPBBPPBBPPBB,BBBBPB,12,3
PPPBBB,PPBBPPBBBBPP,PPBPPB,12,3
BPBBPB,PPBBPPBBPPBB,BBBBBP,12,3
BPBPBP,PPBBBBPPPPBB,PPPBPB,12,3
PBPBBB,BBPPBBPPBBPPPPBB,BPBBPP,16,4
BBBPBB,BBPPBBPPBBPP,PBPBPP,12,3
PPPBBB,BBPPPPBBPPBB,BPBPBB,12,3
PBBPPP,PPBBBBPPBBPP,BPPBBB,12,3
BBPPPP,PPBBPPBBPPBB,PBBBPB,12,3
BPPBBB,PPBBBBPPPPBB,PPPBBP,12,3
PPBPBP,BBPPPPBBPPBB,BBPBBP,12,3
BPPBPB,PPBBPPBBBBPP,PBPPBB,12,3
PBBBPB,PPBBPPBBPPBB,PPPPBP,12,3
BPBPBP,BBPPBBPPBBPP,PPBPPP,12,3
PPPBPP,PPBBBBPPBBPP,PPBPPP,12,3
PBBBPB,PPBBBBPPPPBB,PPPPPB,12,3
PBBPPP,BBPPBBPPPPBB,PPPBBB,12,3
PPPBBB,BBPPPPBBBBPP,PBBBBP,12,3
BBBBPB,BBPPBBPPPPBBBBPP,BBPBBP,16,4
BPPBBB,BBPPPPBBBBPP,PPPBPB,12,3
PBPBBP,BBPPBBPPBBPP,BPBPBP,12,3
BBPPPB,BBPPPPBBPPBB,PBBPBP,12,3
PBBPPB,PPBBBBPPPPBBPPBB,PBPBBP,16,4
PBPBPB,BBPPPPBBBBPP,PBBPBP,12,3
PPPBBB,PPBBPPBBBBPP,BBBPPP,12,3
PBPPBP,PPBBBBPPBBPP,BBPBBP,12,3
BBBPPB,BBPPPPBBPPBB,BBBPPB,12,3
BPPBBB,BBPPBBPPPPBB,PPPBBP,12,3
BPBBPB,BBPPPPBBPPBBPPBB,PPPBPB,16,4
PPBBBB,BBPPPPBBPPBB,PBPPPP,12,3
PPBBBP,PPBBPPBBPPBB,PBBBBP,12,3
BBBPPB,BBPPPPBBBBPP,BPPBPP,12,3
BPBPPB,PPBBBBPPPPBB,BPBPPP,12,3
PBPPPB,PPBBBBPPPPBB,BPPPPP,12,3
PPPPPP,PPBBBBPPBBPP,PBBPBB,12,3
PPPBBP,BBPPBBPPPPBB,BPPPBP,12,3
BBBPPB,PPBBBBPPPPBB,BPPBPP,12,3
PBPPBP,PPBBBBPPBBPP,PBPBPB,12,3
PBBPBB,BBPPBBPPPPBB,PPBPBB,12,3
BPPBPB,PPBBPPBBPPBBPPBB,BBPBBB,16,4
BBBPPB,BBPPPPBBPPBB,BPBBPP,12,3
PPPPBP,BBPPBBPPPPBB,PBPPBB,12,3
PBBPPP,PPBBPPBBBBPP,BBBBBB,12,3
BBPPBB,BBPPPPBBBBPPPPBB,PBPBPP,16,4
PPBPBP,PPBBBBPPBBPP,BPPPBP,12,3
BBBBBB,BBPPPPBBBBPP,PBPPBB,12,3
BPBBBB,BBPPPPBBBBPP,PPBPPB,12,3
BBPBBB,BBPPBBPPPPBB,BPBBBP,12,3
PPBBPB,BBPPBBPPBBPP,BBBPPB,12,3
BPPPBP,PPBBPPBBBBPP,PBPBPB,12,3
BBBPPB,PPBBPPBBBBPP,PPPBBP,12,3
PBBBPB,PPBBPPBBBBPP,PBBPPP,12,3
PBPPBP,PPBBBBPPPPBB,BPBBPP,12,3
BPBBBB,BBPPBBPPPPBB,BPBBBB,12,3
PBPPBP,PPBBPPBBBBPP,BPBPBP,12,3
BBBPBB,BBPPPPBBPPBB,BBBPPP,12,3
BPPBBP,PPBBPPBBBBPP,BPPBBB,12,3
PPPBPP,PPBBPPBBBBPPBBPP,BPPBBB,16,4
PPBPPP,PPBBPPBBPPBB,BPBBBB,12,3
BPPBBP,BBPPBBPPPPBB,BBBPBB,12,3
PPBPBP,BBPPPPBBPPBB,PBBBPP,12,3
PPBBBB,BBPPPPBBBBPP,PBPPBB,12,3
PPPPPP,PPBBPPBBBBPPPPBB,PPBPPP,16,4
PBPBPP,PPBBBBPPPPBB,BPPPBP,12,3
BBPPPP,PPBBBBPPPPBB,PBPPPB,12,3
BBBBBB,BBPPBBPPBBPP,BPBPPP,12,3
BBPPPP,PPBBPPBBBBPP,BBPBPP,12,3
PBPPPP,PPBBBBPPPPBB,PBBPBP,12,3
PPPPBP,PPBBBBPPBBPP,PPPBPB,12,3
PBBBPB,PPBBBBPPPPBBBBPP,PPBPPB,16,4
PBBBPB,BBPPBBPPBBPP,PPPBPB,12,3
BPBPPP,PPBBBBPPBBPP,PBBPPP,12,3
PBPPPP,PPBBPPBBPPBB,BBBPPP,12,3
PPBPPB,PPBBPPBBPPBB,PPPBBB,12,3
BBPPBP,PPBBBBPPBBPP,PPPPBP,12,3
PBPBBB,BBPPBBPPPPBB,PBBBBB,12,3
PPBBPB,PPBBPPBBPPBB,PBBPBB,12,3
PPBBBP,BBPPPPBBBBPP,BPBPPB,12,3
BPPPBP,PPBBBBPPBBPP,PPPBPP,12,3
BBBPBB,BBPPPPBBPPBBBBPP,PBBPPB,16,4
PBPBPB,PPBBPPBBPPBB,BPPBBP,12,3
PBPBPB,BBPPPPBBPPBB,PPPBBB,12,3
BPBBPB,BBPPPPBBPPBB,PBPPPB,12,3
BBBBBB,BBPPBBPPPPBBBBPP,BPPBPB,16,4
BBPPPB,PPBBPPBBPPBB,BPBPPB,12,3
PPPBPB,BBPPPPBBPPBBBBPP,BPPPBP,16,4
BPPBBP,BBPPPPBBBBPP,BBPBPB,12,3
PPPBPB,PPBBPPBBBBPP,PPPBBP,12,3
PPPPBP,PPBBBBPPBBPP,BPBBPB,12,3
BBPPBP,PPBBBBPPPPBB,PPPBPP,12,3
PBBPBP,PPBBPPBBPPBB,BPPBPB,12,3
BBBBBB,BBPPBBPPPPBB,BBPBPP,12,3
BPPPBP,PPBBBBPPBBPP,PBBPBB,12,3
BBPBPB,PPBBBBPPPPBB,BPBPBB,12,3
PBPPPP,PPBBPPBBBBPP,PBBBBP,12,3
PBPPPB,PPBBBBPPPPBB,BPBPBB,12,3
PBPPPP,PPBBBBPPPPBB,BPBPBP,12,3
PPPPBP,PPBBPPBBBBPP,PPBPBB,12,3
PBPPBP,BBPPBBPPBBPPBBPP,BBPBPP,16,4
PBBPBB,BBPPPPBBPPBB,PPBPPB,12,3
PBPPBP,PPBBPPBBBBPPBBPPBBPP,PBBPPB,20,5
BPPBBB,BBPPPPBBBBPP,BBBBPB,12,3
PBPBBB,BBPPBBPPBBPP,PPBPBP,12,3
PBPPPB,PPBBBBPPBBPPBBPP,PBPPBP,16,4
BPBBPB,PPBBPPBBBBPP,PPBPPP,12,3
PBBPPP,BBPPPPBBBBPP,PPPBBB,12,3
PBPPPB,PPBBBBPPPPBB,PPBPBP,12,3
BBBPBP,BBPPBBPPPPBB,PBPPBB,12,3
PBPBBB,BBPPPPBBBBPP,PPPBBB,12,3
BPPPBP,BBPPPPBBPPBB,PBBPPB,12,3
BBPBBB,BBPPBBPPBBPP,PPPPPP,12,3
PPBBBB,BBPPBBPPBBPP,BPBBBB,12,3
BBBBPB,BBPPBBPPPPBB,PPBPPP,12,3
PPBPPP,PPBBPPBBBBPP,PPBPBP,12,3
PBBPPP,BBPPBBPPBBPP,PPPPPB,12,3
PBPBBP,BBPPBBPPPPBB,BBBPBP,12,3
BPPBBB,BBPPPPBBPPBB,PPPPBP,12,3
PPBBPP,PPBBBBPPBBPP,PBBPBP,12,3
BBPBBP,BBPPPPBBBBPP,BBBPPB,12,3
BPBPBP,PPBBBBPPPPBB,BPPBBP,12,3
PBBBPB,PPBBPPBBPPBB,PBBPBP,12,3
BPPBPB,PPBBPPBBPPBB,PBBPBP,12,3
BBPPBP,BBPPPPBBPPBB,BPBBPB,12,3
BBPBPB,BBPPPPBBPPBB,PPPBPP,12,3
BBBPPP,BBPPPPBBPPBBPPBB,PPPBBP,16,4
PBBPBP,BBPPPPBBBBPP,BPBBPB,12,3
PPPPPP,PPBBBBPPPPBB,BBBBPB,12,3
PPPPBP,BBPPBBPPBBPP,PBPPPP,12,3
PPBBPB,BBPPPPBBBBPP,BPBBBP,12,3
PBBPPB,PPBBPPBBPPBB,BPBPPP,12,3
PBPPBP,BBPPBBPPPPBB,BBPBBB,12,3
BBBPBB,BBPPBBPPBBPP,PBPBBP,12,3
BPBPBP,PPBBBBPPPPBB,BPPBBB,12,3
PBPBBB,BBPPPPBBPPBB,BBBPBP,12,3
BBPBPB,PPBBPPBBPPBB,BPBPPB,12,3
PPPPBP,BBPPBBPPBBPP,PBBBBP,12,3
BBBBBB,BBPPBBPPBBPPBBPP,BPPPPB,16,4
BPPPPB,PPBBPPBBPPBBPPBB,PPBPBP,16,4
PPPPPP,PPBBBBPPBBPP,PPPBBP,12,3
BBBPPB,BBPPBBPPPPBB,PPPBPP,12,3
BBBPPP,PPBBBBPPBBPP,BBBPBP,12,3
PBBPBB,BBPPPPBBPPBB,BBBPBP,12,3
BPBPBP,BBPPPPBBBBPP,PBBPPB,12,3
BBPPBB,BBPPPPBBPPBB,BBBPPB,12,3
BPBPBP,BBPPBBPPBBPP,BBBBBB,12,3
PBBBBP,BBPPBBPPBBPP,BPBBBP,12,3
BBPPPP,PPBBPPBBPPBB,PBBBPB,12,3
BPPBBP,PPBBBBPPBBPP,PBBPPB,12,3
PPPBBP,PPBBBBPPBBPPBBPP,PPBPBB,16,4
BBBPPP,PPBBBBPPPPBB,BPBBPB,12,3
PPBBPB,BBPPBBPPPPBBBBPP,PPPPBB,16,4
PPBPPP,PPBBBBPPPPBB,PPPBPP,12,3
PBBBPB,PPBBPPBBBBPP,BPPPPB,12,3
PBPPPP,PPBBPPBBBBPP,BBPBPB,12,3
BBBBBB,BBPPPPBBPPBB,BBBPPB,12,3
PPBBBP,PPBBBBPPPPBB,BBBPPP,12,3
PPPBBP,PPBBPPBBPPBB,BBBBBP,12,3
BBBPBP,PPBBPPBBBBPP,PBPBPP,12,3
BBBBBP,BBPPPPBBBBPP,BBBBPP,12,3
BBPPPP,PPBBPPBBPPBB,PBBBPB,12,3
PPPPPP,PPBBBBPPBBPP,PBBBPB,12,3
BBBPBB,BBPPPPBBBBPP,PPPPPP,12,3
BPPPPB,PPBBPPBBPPBBBBPPBBPP,BPPBBP,20,5
BPPPBP,BBPPPPBBPPBB,PPBPBP,12,3
BBPPBP,PPBBBBPPPPBB,PBPPPB,12,3
PBBBPB,PPBBPPBBPPBB,BPBBBB,12,3
PPPPPB,PPBBPPBBPPBB,PBPBBP,12,3
PBBPBB,BBPPPPBBBBPP,BBPBPB,12,3
BPBPBP,BBPPPPBBPPBB,PPPBBP,12,3
PPBBPP,PPBBPPBBPPBB,BBBBBB,12,3
PBBBPB,PPBBBBPPPPBBBBPP,PBPBPP,16,4
PPBBPB,BBPPBBPPBBPP,PBBBPB,12,3
PBBBPB,PPBBPPBBBBPP,PPPBPB,12,3
PBBBPB,PPBBBBPPBBPP,BPBBBP,12,3
PBBBBP,BBPPBBPPBBPP,BPBPBB,12,3
PBBBPP,PPBBPPBBBBPPBBPP,BPPPPP,16,4
PPPBBP,PPBBPPBBBBPP,PPPPPP,12,3
BBBPPB,BBPPBBPPBBPP,BPBPBB,12,3
PPPBPB,BBPPPPBBPPBB,PBPBBB,12,3
BBBPBB,BBPPPPBBBBPP,BPPPBB,12,3
BBPBBP,BBPPBBPPBBPP,BBBBBB,12,3
PPPBPB,PPBBBBPPBBPP,BPPBBB,12,3
PBBPBP,BBPPBBPPPPBB,PPPBBP,12,3
BPBBBP,BBPPBBPPPPBBBBPP,BPPBBP,16,4
BPPPBP,BBPPPPBBBBPP,PPPBPB,12,3
PPBPBP,PPBBBBPPBBPPPPBB,BBBBPB,16,4
BBBPBB,BBPPPPBBBBPP,BPPBBP,12,3
PBBBPP,PPBBBBPPPPBB,PBPBBP,12,3
PBBBPB,BBPPPPBBBBPP,PBBPPP,12,3
PPBPPP,PPBBPPBBBBPP,PBBBBB,12,3
PBBPBP,BBPPPPBBBBPP,PBPPPB,12,3
BPPPBP,BBPPBBPPPPBB,PPPBBP,12,3
BBPPBP,PPBBBBPPBBPP,BPPPBB,12,3
PBBBPB,PPBBBBPPBBPP,BPPBPP,12,3
PPPPBP,PPBBPPBBBBPP,BPPBBP,12,3
BPPPBP,BBPPPPBBPPBB,PBPPBB,12,3
PBPBBB,BBPPPPBBPPBBPPBB,PBBPBB,16,4
BPBPBP,BBPPPPBBPPBB,BPBPBP,12,3
PPPBPB,BBPPPPBBBBPP,BPBPBP,12,3
PPBBPB,BBPPBBPPPPBB,BBPBPP,12,3
PBPBBB,BBPPPPBBBBPP,PPPBPB,12,3
PBBBBB,BBPPBBPPPPBBPPBB,PBPPPB,16,4
BPBPBP,PPBBPPBBBBPP,BBPBBP,12,3
PPBBBP,BBPPPPBBPPBB,BPPBBP,12,3
BBBPPB,PPBBBBPPPPBB,BPPPPP,12,3
PBBPPB,PPBBBBPPPPBB,BBBBPP,12,3
PPPBBP,BBPPBBPPBBPP,BBBPPP,12,3
PPBPBP,PPBBPPBBBBPPPPBBBBPPBBPPPPBB,PBPPPB,28,7
BPPPBP,BBPPPPBBPPBB,BPBPBB,12,3
BBBPPB,BBPPPPBBPPBB,BBPBBP,12,3
PPBPBP,PPBBPPBBBBPP,PBBPPB,12,3
BPPBPP,PPBBBBPPPPBB,BBPBPP,12,3
PPPBBB,PPBBBBPPBBPP,PBBPBP,12,3
BBBPBP,PPBBPPBBPPBB,PPPBPP,12,3
BBPPPP,PPBBBBPPPPBBPPBB,PPBPBP,16,4
BPPBPB,PPBBPPBBPPBBPPBB,PPBPPP,16,4
BBPPPP,PPBBBBPPBBPP,PBPBBB,12,3
PPBPPP,PPBBPPBBPPBB,PBPPBP,12,3
PBBPPP,BBPPPPBBBBPP,PPBPBP,12,3
PBBBBB,BBPPBBPPPPBB,BPPPPP,12,3
PBBBBB,BBPPPPBBPPBB,PBBBPP,12,3
PBBPPP,PPBBPPBBBBPP,PBBPPB,12,3
PPPBBB,PPBBPPBBBBPP,BPBBPB,12,3
BPPBPB,BBPPBBPPBBPP,PBBPPB,12,3
BPPBBP,BBPPBBPPBBPP,BPPPPP,12,3
BPPBBP,BBPPPPBBBBPP,BPPBBP,12,3
PPPPBP,PPBBPPBBBBPP,PBPBBP,12,3
PBBPBB,BBPPBBPPBBPP,PBBPBB,12,3
PBBPBB,BBPPPPBBPPBBPPBB,PPPBBP,16,4
PBPBPB,PPBBPPBBPPBB,PBPPBB,12,3
BBBPBB,BBPPPPBBBBPP,BPBPBB,12,3
PPPPPB,PPBBBBPPBBPP,PBPBPB,12,3
PPPBPB,BBPPPPBBPPBB,BPPPBB,12,3
BBBPBP,PPBBPPBBPPBB,BPPBPP,12,3
BPPPBP,PPBBPPBBBBPP,BPBBBB,12,3
PPBBPB,PPBBPPBBBBPP,BBBPPP,12,3
BBPPBP,BBPPBBPPBBPPPPBB,BPBPBB,16,4
BBBBBB,BBPPPPBBPPBB,BPPBPB,12,3
PBPBPB,PPBBBBPPBBPP,BPBPPP,12,3
BBPBBP,BBPPPPBBPPBB,BPBPBB,12,3
PBBPBP,BBPPBBPPBBPP,PBBBBP,12,3
BBPBPB,BBPPPPBBBBPP,BBBBPB,12,3
BBPPPP,PPBBPPBBPPBB,PPBPBB,12,3
BPBPPB,PPBBPPBBBBPP,PBBBBP,12,3
BBBPBP,PPBBPPBBPPBB,BPPBPB,12,3
BBBBPB,PPBBPPBBBBPPPPBB,PPPBBP,16,4
BBBPPB,PPBBPPBBBBPPBBPP,PPPPBB,16,4
PPPBBB,PPBBBBPPPPBBPPBB,PPBPBP,16,4
PPPBBP,BBPPBBPPBBPP,PBPPBB,12,3
BBBPBP,BBPPBBPPPPBB,PBBPBB,12,3
PPPBBB,BBPPPPBBBBPP,BPBBBP,12,3
BBBBBB,BBPPPPBBBBPP,PBBBBP,12,3
PBPBBP,BBPPBBPPBBPP,PBPPBP,12,3
BBPBBP,BBPPPPBBPPBB,BPBBPB,12,3
BBPPBB,BBPPPPBBPPBB,PBPPPB,12,3
BBPBPB,PPBBPPBBBBPP,PPPBPB,12,3
BBPBPP,PPBBPPBBPPBB,BBBPBB,12,3
BBPPBP,PPBBPPBBBBPP,BPBBBB,12,3
BPBBPB,PPBBBBPPPPBB,BPPBPP,12,3
BBBBPB,BBPPBBPPPPBB,PBBPBP,12,3
PBBPPB,PPBBPPBBBBPP,BPPPBP,12,3
PBPBPB,BBPPBBPPPPBB,BPBBBB,12,3
BPPBPB,PPBBPPBBBBPP,BBPBPB,12,3
BPPBBP,BBPPPPBBPPBB,PBPBBB,12,3
BPPPPB,PPBBPPBBBBPP,BBBBPP,12,3
BPPBPP,PPBBPPBBPPBBBBPP,PPBPBP,16,4
PPBPBP,BBPPBBPPPPBB,PBPBBP,12,3
BPBPPB,PPBBPPBBBBPP,PBPBPP,12,3
PBBPBB,BBPPBBPPPPBB,BPPPPP,12,3
PBPBBB,BBPPPPBBBBPP,PBBBBP,12,3
PPPPBP,PPBBBBPPPPBB,PPBPPB,12,3
BPPBBP,BBPPBBPPPPBB,BPPPBP,12,3
BPBBBP,BBPPBBPPBBPP,BBPBBP,12,3
PPBBPP,PPBBBBPPPPBB,PBPBBP,12,3
PPBPBP,PPBBPPBBPPBB,PBBBBP,12,3
PPPBBB,PPBBBBPPBBPP,BBBBPP,12,3
PPPBBB,PPBBBBPPPPBBBBPP,PBPPBB,16,4
BBBBPB,BBPPBBPPBBPP,BPPPBP,12,3
PPBBBP,PPBBBBPPPPBB,PPPPPB,12,3
BPPBBB,BBPPBBPPBBPP,PBPPPB,12,3
PBBPBB,BBPPBBPPBBPP,BBBPBB,12,3
PPPBBB,BBPPBBPPPPBB,BPBBPP,12,3
PBPPPP,PPBBPPBBPPBB,BPBPBB,12,3
PBBPBP,PPBBPPBBPPBB,PPBPBP,12,3
PBBBBB,BBPPBBPPPPBB,PBBPBP,12,3
PBPBPB,BBPPBBPPBBPP,BBBBPP,12,3
PBPPBP,PPBBBBPPBBPP,PPPBPP,12,3
BBPPBP,PPBBPPBBBBPPBBPP,PBPPBB,16,4
BBPBPP,PPBBPPBBBBPP,PPPBPP,12,3
PPBPBP,BBPPBBPPPPBBBBPPBBPP,BPPBBB,20,5
PBPPPB,PPBBPPBBPPBB,BPBBBP,12,3
BPPBPB,BBPPPPBBPPBB,BBBPPB,12,3
BBPBPB,BBPPBBPPPPBB,BPPPBP,12,3
BPBBBB,BBPPPPBBPPBB,PBBPPP,12,3
BPBPBB,BBPPPPBBPPBBBBPP,PPBPPP,16,4
BPPBPB,PPBBPPBBBBPP,BPPBBB,12,3
BBPPBP,BBPPPPBBPPBB,BBBBPP,12,3
PBBBBP,BBPPBBPPBBPP,BBPBPP,12,3
BBPPBP,PPBBBBPPBBPP,BBBPPP,12,3
BBBPPB,BBPPPPBBPPBB,PPPBPP,12,3
BPBPBP,PPBBPPBBBBPP,BPBBBB,12,3
BBBBPB,PPBBPPBBBBPP,PBPBPB,12,3
PPBPPB,PPBBPPBBBBPP,BBBBBB,12,3
PPBPBP,PPBBBBPPBBPP,PBPPPB,12,3
BPBPPB,PPBBBBPPPPBB,BPPBBB,12,3
BPBPPP,PPBBBBPPBBPP,PBPBPB,12,3
PBBPBB,BBPPPPBBPPBB,BPBPPB,12,3
BBBPBP,PPBBBBPPPPBB,PPPBPB,12,3
PBPBBP,BBPPBBPPBBPP,BPPPBB,12,3
BPPPPB,PPBBBBPPBBPP,PPPPPB,12,3
BPBBBB,BBPPPPBBPPBB,BPBBBB,12,3
BBPBPB,BBPPBBPPBBPP,PBBBPB,12,3
BBPPBP,BBPPPPBBPPBB,BBBBBB,12,3
BBPPPB,PPBBPPBBPPBB,BBPBPB,12,3
PPPBPP,PPBBBBPPPPBB,PPBPPP,12,3
BBBPBP,BBPPBBPPBBPP,BBBBBP,12,3
PBBBPB,PPBBBBPPBBPP,PPPBPB,12,3
BPPBPB,PPBBPPBBBBPP,BBPBPB,12,3
PPBPBB,BBPPPPBBBBPP,PPPPBP,12,3
BBBBPB,BBPPBBPPPPBB,PPBPBP,12,3
BPBPBB,BBPPPPBBPPBB,BPPBPB,12,3
PPBBPB,PPBBBBPPPPBB,PBPBPB,12,3
PPBPBP,PPBBBBPPBBPP,PBPPPP,12,3
BPBPPP,PPBBBBPPBBPP,PBPBBB,12,3
PPPBBB,PPBBBBPPPPBB,BBBPBB,12,3
BBPBBP,BBPPPPBBBBPP,BBBBBB,12,3
PPPBBB,BBPPPPBBPPBB,BBBBBB,12,3
PBPPBP,PPBBPPBBBBPP,PPBPPP,12,3
BPPBBB,BBPPPPBBPPBB,BPPPPP,12,3
PBBBPB,BBPPBBPPPPBB,PPBPBB,12,3
BBPBBP,BBPPBBPPBBPP,BPPBPB,12,3
BPPPPP,PPBBPPBBPPBB,BPPBBP,12,3
PPBPBP,PPBBBBPPBBPP,PBBBBB,12,3
PBBPBP,BBPPBBPPBBPP,BBBBBB,12,3
BPPBPB,BBPPBBPPBBPP,BBBBPP,12,3
PPBPPB,PPBBBBPPPPBB,PBPBBB,12,3
PPPBBP,BBPPBBPPPPBB,BBBBBB,12,3
PPPBPB,BBPPBBPPPPBB,BBBPPB,12,3
BBBPPB,BBPPPPBBBBPP,PBBPPP,12,3
BPPPPP,PPBBBBPPPPBBBBPP,PPPPBB,16,4
PBBPBP,BBPPBBPPBBPP,BPPPBB,12,3
BPBPPP,PPBBBBPPPPBB,BPPPBB,12,3
PBBPPP,BBPPPPBBBBPP,BBBBPB,12,3
PBBBPB,BBPPBBPPBBPP,PBBPPB,12,3
PBBBPP,PPBBPPBBBBPP,BPPPPP,12,3
PPPBPP,PPBBPPBBBBPP,BPPBPB,12,3
BPPPPB,PPBBBBPPPPBBPPBB,PBPBBP,16,4
BBBPBP,BBPPBBPPBBPP,PBBBPB,12,3
PBPBPB,PPBBPPBBBBPP,PPBPBB,12,3
BPBBBB,BBPPPPBBPPBB,PPPPPB,12,3
PBPPPP,PPBBBBPPBBPP,PBPPPB,12,3
PBPBBP,BBPPBBPPPPBB,PBPBBP,12,3
BBPBBP,BBPPPPBBBBPP,PPBPBB,12,3
BBPPPB,PPBBBBPPBBPP,BPPPBB,12,3
BBPPBP,PPBBBBPPBBPP,PPPBPB,12,3
BPPBPP,PPBBBBPPBBPP,PBPPPP,12,3
PPBBPB,BBPPPPBBBBPP,PBPPBP,12,3
BBPBPB,PPBBPPBBBBPP,BPBPPB,12,3
BBPPPP,PPBBBBPPBBPP,PBBPBB,12,3
PPBBPB,BBPPBBPPPPBB,BPBPPB,12,3
PBPPBP,BBPPBBPPBBPP,PBBBPP,12,3
PBPPBP,PPBBBBPPPPBB,PPBPPB,12,3
PPPPBP,PPBBPPBBPPBB,BPBBBB,12,3
BBBBBB,BBPPPPBBPPBB,BPPPPB,12,3
BPPBBB,BBPPPPBBBBPP,PBPPBP,12,3
PPBBPB,PPBBBBPPBBPP,BBBBBP,12,3
BPPBPB,PPBBBBPPPPBB,BBPBBP,12,3
PBBPBB,BBPPPPBBPPBB,PPPBBP,12,3
BPPPPP,PPBBPPBBBBPP,PBBPPP,12,3
PBPBBB,BBPPPPBBPPBB,PBBBPP,12,3
PBBBBP,BBPPBBPPPPBB,PBBBBB,12,3
BPBPPP,PPBBPPBBPPBB,BBBBPB,12,3
BBBPBP,PPBBPPBBPPBB,BBBPBB,12,3
PPPBPB,BBPPPPBBPPBBPPBB,PBPBPP,16,4
PBBPPB,PPBBPPBBBBPP,PPPPPP,12,3
BPPBBP,BBPPBBPPPPBB,BBBPBB,12,3
BBBBBB,BBPPPPBBBBPP,PPPBBP,12,3
PPPPBP,PPBBPPBBBBPP,BBBBBP,12,3
PBPBPB,BBPPPPBBPPBB,BBBBPP,12,3
PPPBBB,BBPPPPBBPPBB,BPPPPB,12,3
PPBPBB,BBPPPPBBBBPP,PBBBBB,12,3
BPBBBB,BBPPBBPPBBPPBBPP,BBBBBB,16,4
PPBBBP,BBPPPPBBBBPP,PPPPBP,12,3
PBPBPB,PPBBPPBBPPBB,BPPPBB,12,3
PPBBPP,PPBBPPBBPPBB,BBPBBP,12,3
PPPBBP,BBPPBBPPPPBB,BBBBBB,12,3
BBBPBP,PPBBPPBBPPBB,PPPBPP,12,3
BBPPBB,BBPPBBPPPPBB,PBPPPB,12,3
PBPBBB,BBPPBBPPPPBB,PBPBBP,12,3
PPPPBP,BBPPPPBBBBPPPPBB,BPPBBB,16,4
BPBBPB,BBPPBBPPBBPP,BPPPPP,12,3
PPPBBB,PPBBPPBBPPBB,PPBPBB,12,3
PPPBPB,BBPPBBPPPPBB,PBBBPP,12,3
BPPPBP,BBPPPPBBPPBB,BBBBPP,12,3
PBPPBP,PPBBBBPPBBPP,BBBBPB,12,3
BPPBPB,BBPPBBPPBBPP,BBBPBB,12,3
PBBBPB,PPBBPPBBBBPP,PPPPPP,12,3
PBBBPB,BBPPBBPPBBPP,BBPBBB,12,3
PBPBPP,PPBBPPBBBBPP,PBPBPP,12,3
BBPBPB,PPBBBBPPBBPP,BPPPBB,12,3
BBBBBB,BBPPBBPPPPBB,BPBBPB,12,3
BPBPPB,PPBBBBPPPPBB,PBBBBB,12,3
BBPBPP,PPBBPPBBPPBB,BPBBBP,12,3
BBPBPB,PPBBPPBBBBPP,PPPBPP,12,3
PPPBPP,PPBBPPBBBBPP,PPPBPP,12,3
BPPPBP,BBPPBBPPBBPP,BPPPPP,12,3
BPBBPB,PPBBPPBBBBPP,BBPBPB,12,3
PPPPPB,PPBBBBPPBBPP,PBBPBP,12,3
PPPBPB,BBPPPPBBPPBB,BPPBBP,12,3
PBBBBP,BBPPPPBBPPBB,BBBBBB,12,3
BPBBPB,PPBBBBPPPPBB,BPPPPB,12,3
PPPBBP,BBPPPPBBBBPPPPBB,PBPPBB,16,4
BBBPPB,PPBBPPBBPPBB,PBBPBP,12,3
BBPPPP,PPBBBBPPBBPP,PBPBBB,12,3
BBPPPP,PPBBBBPPBBPP,BPPBPP,12,3
PBPBPB,PPBBBBPPPPBBPPBB,PPBPPB,16,4
PBBPPP,PPBBBBPPPPBB,PPPBBB,12,3
PPBPBB,BBPPBBPPPPBB,PPPBBP,12,3
PBPPBP,PPBBBBPPPPBB,PPBPBB,12,3
PPPBPB,PPBBPPBBPPBB,PBPPBB,12,3
BBBPPP,PPBBBBPPBBPP,BPBPPB,12,3
PBBPBP,PPBBBBPPBBPP,PBBBBP,12,3
PPPBPB,PPBBPPBBBBPP,PBPPBB,12,3
BPBBPB,BBPPBBPPBBPP,BBBBBB,12,3
BPBBBB,BBPPPPBBPPBB,BBPBBB,12,3
BPBPPP,PPBBBBPPPPBB,PBPBBB,12,3
BBPPPB,BBPPPPBBPPBB,PBPPPP,12,3
PPPBPB,BBPPBBPPPPBB,BPPBBB,12,3
BPBPBP,PPBBPPBBBBPP,BPBPBB,12,3
BPPPBP,BBPPPPBBBBPP,PBPBPB,12,3
PBBBPB,PPBBBBPPBBPP,PPBPPP,12,3
PPPBBP,BBPPPPBBPPBB,PBPBPP,12,3
BBPBBP,BBPPPPBBBBPP,PBPBBB,12,3
PBBBBB,BBPPPPBBBBPP,PPBPBB,12,3
BPPBPB,PPBBBBPPPPBB,PPPPPB,12,3
BBBPBP,PPBBBBPPPPBB,BBBPBB,12,3
PPPPBP,BBPPPPBBPPBB,BPBPPP,12,3
PPPPBP,PPBBBBPPPPBB,BPPPBB,12,3
PPPBBP,BBPPBBPPPPBB,PPBPBP,12,3
BBBPPB,PPBBBBPPBBPP,PPBPPP,12,3
BBBBPB,BBPPPPBBBBPP,PBPPBB,12,3
BBBPPB,BBPPBBPPBBPP,PPPPPB,12,3
PPBBPB,PPBBPPBBPPBB,BPBPPB,12,3
PBBPPB,PPBBPPBBPPBB,BPBBPP,12,3
PPPPBP,BBPPPPBBPPBB,PBPBBP,12,3
PPBBBB,BBPPPPBBBBPP,BPBPBB,12,3
BBBPBP,PPBBBBPPPPBB,PBPPBB,12,3
PPBPBP,PPBBPPBBBBPP,PBBPPP,12,3
PBPPBP,PPBBBBPPPPBBPPBB,BPBBBB,16,4
PPPBBP,BBPPPPBBPPBB,PPPPPB,12,3
BPBPBB,BBPPBBPPBBPP,BBPBBB,12,3
BBBPPP,BBPPPPBBPPBB,BPPPBP,12,3
BBPPBB,BBPPBBPPBBPP,BPBBBP,12,3
BBBPPB,BBPPBBPPBBPP,PBPBPP,12,3
PPPBPB,PPBBPPBBPPBB,PBBBBP,12,3
PBBBPP,PPBBBBPPBBPP,PBPPPB,12,3
PBPPBP,PPBBBBPPBBPP,PPBPBB,12,3
PBBBBB,BBPPBBPPBBPP,BBBPBB,12,3
PBPBPP,PPBBBBPPPPBB,PBBBPB,12,3
PBBBPB,PPBBPPBBBBPP,BBBPPP,12,3
BBPPPP,PPBBBBPPBBPP,BPBBPB,12,3
PPPBPB,PPBBBBPPPPBB,BPPBBB,12,3
PBPBBP,BBPPBBPPBBPP,BPPBPB,12,3
BBBBPB,BBPPPPBBPPBB,PBBBPP,12,3
BPPPBP,BBPPBBPPBBPP,PBBBBP,12,3
PPPPPB,PPBBPPBBBBPP,PBPBBP,12,3
PBBBPB,BBPPBBPPPPBB,PBPPBP,12,3
BPPBBB,BBPPBBPPBBPP,BPPBBP,12,3
PBBPPB,BBPPPPBBPPBB,BPBPBB,12,3
BBPPPB,PPBBPPBBPPBB,PPPPBB,12,3
BBBBBP,BBPPPPBBPPBB,PPPPBB,12,3
BPBBBB,BBPPBBPPPPBB,BPPPPP,12,3
BBBBPB,BBPPBBPPPPBB,BPPBBP,12,3
BBPPPP,PPBBPPBBBBPP,BPBPBB,12,3
PPPBBB,PPBBBBPPBBPP,BBBBBP,12,3
BBPBBP,BBPPBBPPBBPP,BBBBBB,12,3
PPPBBP,BBPPBBPPBBPPBBPP,BPPPBB,16,4
BPPBPB,PPBBPPBBBBPP,PBBBBP,12,3
PBPPBP,PPBBPPBBBBPP,BPBPPB,12,3
BPBBBB,BBPPPPBBBBPP,PPBPPP,12,3
PBPBPP,PPBBBBPPBBPP,PPPPPB,12,3
BPPBPP,PPBBPPBBPPBB,BPPPPP,12,3
BBPPPB,BBPPBBPPPPBBBBPPPPBB,BPPBPB,20,5
BBPBPP,PPBBBBPPPPBB,PBBPPP,12,3
BBBPPB,BBPPBBPPBBPP,BBPBPP,12,3
BPPPBB,BBPPPPBBPPBB,PBBPPB,12,3
PBBBPB,BBPPPPBBBBPP,PBPBBP,12,3
BBBPBB,BBPPPPBBBBPP,BPBPPP,12,3
PPPPPP,PPBBPPBBPPBB,BPBPPP,12,3
BPPPBP,BBPPPPBBBBPP,BPPPPB,12,3
BPBBPB,PPBBBBPPBBPPPPBB,PPPPBB,16,4
PPBPBB,BBPPPPBBBBPP,PPPPBB,12,3
PBBBBB,BBPPBBPPPPBB,PBPBPB,12,3
PPBBPP,PPBBPPBBBBPP,PPPPPP,12,3
PPPBBB,PPBBPPBBPPBB,BBPBBB,12,3
BPPPPP,PPBBPPBBBBPP,BPPPPP,12,3
BBBPPP,BBPPBBPPBBPP,PPPPPP,12,3
BPBBBB,BBPPPPBBPPBB,PPPBPB,12,3
PBBBBP,BBPPPPBBPPBB,PBBBPB,12,3
BBBPBB,BBPPPPBBPPBB,PPPBPB,12,3
BPBBPB,BBPPBBPPPPBB,BPBBPP,12,3
PBPPPB,PPBBPPBBPPBB,BBBBBP,12,3
PPPPPB,PPBBPPBBPPBB,BPBPBP,12,3
PBBBBB,BBPPBBPPPPBB,BBPBPB,12,3
PPBPPP,PPBBPPBBBBPP,BBBBPB,12,3
PBBPPP,BBPPPPBBPPBB,BPPPBB,12,3
BBBPPB,PPBBPPBBBBPP,PBBBBP,12,3
BPPPPB,PPBBPPBBBBPP,BBBBBB,12,3
PPPBPB,BBPPPPBBBBPP,BPPPPB,12,3
BBPPPB,PPBBBBPPBBPP,BPPPPB,12,3
BBPPPB,BBPPBBPPBBPP,BPPBPP,12,3
BPBPBP,PPBBPPBBBBPP,BBBPBP,12,3
PBBBBB,BBPPPPBBPPBB,PBBPPP,12,3
BPPBBB,BBPPPPBBPPBB,BBBPPB,12,3
BBPPPP,PPBBBBPPBBPP,PBBPBP,12,3
BBPBPB,PPBBBBPPPPBB,BBBPBP,12,3
BPBBBB,BBPPBBPPPPBBPPBB,BBBBBB,16,4
BBPBBB,BBPPPPBBPPBB,PBBBBB,12,3
PPPPPB,PPBBPPBBPPBB,BPPPBB,12,3
BPBPPP,PPBBPPBBPPBB,PBPPPB,12,3
BBBPBP,PPBBBBPPBBPP,BBPBBP,12,3
PPPBPB,PPBBPPBBBBPP,BPPPBP,12,3
PBBPPB,PPBBBBPPPPBB,PPPPBB,12,3
BBBBPB,BBPPPPBBPPBB,PBPPBB,12,3
PBPPPP,PPBBBBPPBBPP,BBBPBB,12,3
PBBBBP,BBPPPPBBBBPP,PPPBBP,12,3
BPPBPP,PPBBBBPPPPBB,PBBPBP,12,3
PPPBPB,PPBBBBPPBBPP,BPBBPP,12,3
BBPPBP,PPBBPPBBPPBB,BBPBPP,12,3
PBBBBB,BBPPPPBBPPBB,PPBPBP,12,3
PPPPPB,PPBBBBPPBBPP,BPBBPB,12,3
PPPPPB,PPBBPPBBBBPP,BPPPBB,12,3
PPBPPB,PPBBPPBBPPBBBBPP,BBBPPB,16,4
PPPPBP,BBPPBBPPPPBB,PBPBBB,12,3
PPPBPP,PPBBPPBBPPBB,PBPPPP,12,3
PBPPPP,PPBBBBPPPPBB,PBBBBP,12,3
BPPPPP,PPBBPPBBBBPP,PPBPBB,12,3
BBBPPB,BBPPBBPPBBPP,BBBBPB,12,3
BBPPBP,PPBBPPBBBBPP,PPPBBB,12,3
BPPBPB,PPBBBBPPBBPP,BBBPPP,12,3
PPBPBB,BBPPBBPPPPBB,BPBPBP,12,3
PBBPBP,PPBBPPBBPPBBPPBB,PBBBBB,16,4
PPPBPP,PPBBBBPPPPBB,PPPBBP,12,3
BPPBBP,PPBBPPBBPPBB,BPPPPB,12,3
PBBPBP,BBPPBBPPBBPPPPBB,BBPBBB,16,4
BBPBBB,BBPPBBPPPPBB,PBPPBP,12,3
BPPPPP,PPBBPPBBPPBB,BBBPPB,12,3
PPBPPP,PPBBBBPPPPBB,PPPPPP,12,3
BBPPBB,BBPPPPBBBBPP,BBBBPP,12,3
BPPBBP,PPBBPPBBBBPP,PBBBPP,12,3
BBBPBB,BBPPBBPPBBPP,BPBPPP,12,3
BPBPPB,PPBBBBPPPPBB,BPBBPP,12,3
PBBPPP,PPBBPPBBBBPP,PPBPBB,12,3
PPPBBB,PPBBPPBBBBPP,PBBPBP,12,3
BBBBBB,BBPPBBPPBBPP,BPPPPP,12,3
PBBBPB,BBPPBBPPBBPP,PBBBPP,12,3
BPPBBP,BBPPBBPPBBPP,PPPPPP,12,3
PPBBPB,PPBBBBPPBBPP,BPBPBP,12,3
BPPPBP,PPBBBBPPBBPPPPBB,PPPBBP,16,4
PPBBPB,PPBBBBPPBBPP,PBBPPP,12,3
PPBBPP,PPBBPPBBBBPP,PBPBPB,12,3
PPPBBB,BBPPBBPPBBPP,PPBPPP,12,3
BBPPBP,BBPPBBPPBBPP,BBBPBP,12,3
PBBPPB,BBPPBBPPPPBBPPBB,BPPBBP,16,4
PPBBPB,PPBBPPBBBBPP,BPPBPP,12,3
BBBPPP,PPBBBBPPPPBB,PPPBPP,12,3
PPBPPB,PPBBBBPPBBPP,PBBBPB,12,3
PPBPBP,BBPPBBPPBBPPPPBB,PBBPPB,16,4
BPPBPB,BBPPBBPPPPBB,BBPBBB,12,3
PPPBBP,BBPPPPBBBBPP,PBBPBB,12,3
BPPBPB,PPBBBBPPPPBB,PBPPBB,12,3
BPBBBP,BBPPPPBBBBPP,PBPBPP,12,3
BPBBBP,BBPPPPBBBBPP,PBPBPP,12,3
BBBPPP,PPBBBBPPBBPP,BPBPBB,12,3
BBPPBB,BBPPPPBBBBPP,PBPBPP,12,3
PPBPBP,BBPPBBPPBBPPBBPP,BPBBBB,16,4
BPPBBP,BBPPPPBBPPBB,PPPBBB,12,3
PBPBBB,BBPPPPBBPPBB,BPBBPB,12,3
PBBPPP,BBPPPPBBBBPP,BPBBBB,12,3
BBPPPB,BBPPBBPPBBPP,PPBPPB,12,3
PPBBBP,BBPPBBPPBBPP,PBBBBB,12,3
BBPBPP,PPBBPPBBBBPP,BPPPBB,12,3
PBPPBP,PPBBBBPPBBPP,PPPBBP,12,3
PBBBBP,BBPPPPBBPPBB,PBPBBB,12,3
PPPBBP,BBPPPPBBPPBB,BBPBBB,12,3
PBPBBP,BBPPBBPPBBPP,PBPPBB,12,3
BBPPPP,PPBBPPBBPPBB,PPBPPB,12,3
PPPBPB,BBPPPPBBBBPP,BPBPPP,12,3
BPBPBP,PPBBBBPPBBPP,PPBPBP,12,3
PPPBBB,PPBBPPBBBBPPPPBB,BPPBPP,16,4
PBBPPB,BBPPPPBBPPBB,PBBBBB,12,3
PBPPBP,PPBBPPBBBBPP,PBPBPP,12,3
PPPBPB,PPBBPPBBPPBB,BBBBBP,12,3
PBPPBP,PPBBBBPPPPBB,PBBPPP,12,3
PBPBBB,BBPPPPBBBBPP,PPPBPP,12,3
PPPPBP,PPBBPPBBBBPP,BPPPBB,12,3
PPPPBP,PPBBPPBBPPBB,PPPPPB,12,3
PPPPPB,PPBBBBPPBBPP,PBPPPP,12,3
BBPPPP,PPBBPPBBPPBB,PBBBBP,12,3
PPPPBP,PPBBBBPPPPBB,BPBPPP,12,3
PBBPPB,PPBBPPBBPPBB,PBPPPB,12,3
PBBPBP,BBPPBBPPBBPP,BPBPPB,12,3
BPPBPB,BBPPBBPPPPBB,BPPBBB,12,3
PPPBBP,PPBBBBPPPPBB,PBBPPP,12,3
BPPBBP,BBPPBBPPBBPPPPBB,PBPBPB,16,4
BBPBPP,PPBBBBPPPPBB,PBPPPP,12,3
BBPBPP,PPBBBBPPPPBB,PBPPPP,12,3
BPBBPB,PPBBPPBBPPBBPPBBBBPP,BBBPBB,20,5
PPPPBP,PPBBBBPPBBPP,BBBPPB,12,3
PPPPBP,PPBBBBPPBBPP,BBBPPB,12,3
PPPPBP,PPBBBBPPBBPP,BBBPPB,12,3
PPPPBP,PPBBBBPPBBPP,BBBPPB,12,3
BBBPPB,BBPPPPBBPPBB,PPPPPP,12,3
BPPBBB,PPBBBBPPPPBBBBPP,BBBPPP,16,4
BBPBPB,PPBBPPBBBBPP,PBPPBB,12,3
BBPPBP,BBPPPPBBBBPP,BBBBPP,12,3
PPPBPB,PPBBPPBBBBPP,PBBPPP,12,3
PPPBPB,PPBBPPBBBBPP,PBBPPP,12,3
BBPBPP,PPBBBBPPPPBB,PBBBBB,12,3
PBPBPP,PPBBBBPPBBPP,PPBPBP,12,3
PPBBBP,BBPPBBPPBBPP,PBPPBP,12,3
PBBPBP,BBPPPPBBBBPP,BBBBBB,12,3
PBPBPP,PPBBBBPPPPBB,BBBPPP,12,3
BPPBBP,BBPPPPBBPPBB,PPPPPB,12,3
PBBPPB,PPBBPPBBPPBB,PBPPBB,12,3
PBBPPP,BBPPBBPPPPBB,PBPBPP,12,3
PPPBBB,BBPPBBPPBBPP,BBBBBB,12,3
PBPPPP,PPBBBBPPBBPP,PBBBBP,12,3
BBBPBP,PPBBBBPPBBPP,PBBBPP,12,3
BBBPBP,PPBBBBPPBBPP,PBBBPP,12,3
BPPPBP,BBPPBBPPBBPP,BPPPPP,12,3
BPBPBB,BBPPBBPPPPBB,PPBPPB,12,3
BPBPBB,BBPPBBPPPPBB,PPBPPB,12,3
BPBPBB,BBPPBBPPPPBB,PPBPPB,12,3
PPBBBP,BBPPBBPPBBPP,PPPPBP,12,3
PPPPPB,PPBBBBPPBBPP,PBBPPP,12,3
PBBBPB,BBPPPPBBBBPPPPBB,BBBPBP,16,4
PBBPBB,BBPPPPBBPPBB,BPPBBP,12,3
BPBPBB,BBPPBBPPPPBB,BPPBPP,12,3
BBPBPB,BBPPPPBBPPBB,BPPPBP,12,3
PPPBPB,BBPPBBPPPPBB,BBBBBP,12,3
PPBPPP,PPBBPPBBPPBB,BBPBPP,12,3
PPPBBB,PPBBBBPPPPBB,PBBBPP,12,3
BPPBPB,BBPPBBPPBBPP,PBBPBB,12,3
BPPBPB,BBPPPPBBBBPP,BBBPPP,12,3
PBBBBP,BBPPPPBBBBPP,BBPBBB,12,3
PPBPPP,PPBBPPBBBBPP,PPPPBB,12,3
BBPBBP,BBPPBBPPBBPP,BBPBPP,12,3
PPBBBB,BBPPBBPPPPBB,PPBPBB,12,3
BPPPBP,PPBBPPBBBBPP,PBBBBP,12,3
PPPPBP,PPBBPPBBPPBB,PBPBBB,12,3
PBPPBP,BBPPBBPPBBPP,BBPBPB,12,3
PPBBBP,BBPPPPBBPPBB,BBBPBB,12,3
PPPPPP,PPBBPPBBPPBB,PPPBBB,12,3
PPBPPP,PPBBBBPPPPBB,BPPPPP,12,3
PPBPPP,PPBBBBPPPPBB,BPPPPP,12,3
PPPBBP,PPBBBBPPBBPP,BPBBBB,12,3
BBBPPP,BBPPPPBBBBPPPPBB,PPPPPB,16,4
BBPBPB,BBPPPPBBPPBBBBPP,BPBBBP,16,4
PBBBBP,BBPPBBPPBBPPPPBB,BPPPPP,16,4
PBBBBP,BBPPBBPPBBPPPPBB,BPPPPP,16,4
BBBPPP,PPBBPPBBPPBBBBPP,BBPBPP,16,4
BBPBPB,PPBBBBPPBBPP,PBBBBP,12,3
BPPBPB,PPBBPPBBPPBB,PBBBBB,12,3
BPPBPB,PPBBPPBBPPBB,PBBBBB,12,3
PBBPBP,BBPPPPBBPPBB,BBPBBB,12,3
PBBPBP,BBPPPPBBPPBB,BBPBBB,12,3
PPPBBB,PPBBPPBBPPBB,BPPPPB,12,3
PBPBBP,BBPPPPBBBBPP,PBPBPP,12,3
PPPPBP,BBPPBBPPBBPP,PBBPPP,12,3
PPBPBP,PPBBPPBBPPBB,BPBPBP,12,3
PPPBBB,PPBBPPBBPPBB,PBBPPP,12,3
PPPBBP,PPBBPPBBBBPP,PBPBBB,12,3
PBBBPB,BBPPBBPPBBPP,PBBPPP,12,3
BBBBPB,BBPPPPBBBBPP,BPPBPP,12,3
BBPPPB,BBPPBBPPBBPP,PBPBBB,12,3
PBPBBP,BBPPBBPPBBPP,PBBBBP,12,3
BBBBBP,BBPPBBPPBBPP,PPBPPB,12,3
PPPBBB,PPBBPPBBPPBB,PPBPPP,12,3
PPBBPB,PPBBPPBBBBPP,BBBPPB,12,3
PBPBPB,BBPPPPBBBBPP,PPBPBB,12,3
PBBPBP,PPBBPPBBBBPP,PPPBBB,12,3
PPPBPP,PPBBBBPPPPBB,BPPBPB,12,3
BBBBBP,BBPPBBPPPPBB,PPBPPB,12,3
PBBPPB,PPBBBBPPBBPP,BPBPBP,12,3
PPBBBB,BBPPBBPPPPBB,BPBPBB,12,3
PBPBPB,BBPPPPBBBBPP,PBBPPB,12,3
BPPBBB,PPBBPPBBBBPP,BPPBBP,12,3
PPBPBP,PPBBBBPPPPBB,PPPBBB,12,3
PBBPBP,PPBBBBPPPPBB,BBPBPP,12,3
BBBPBB,BBPPPPBBPPBB,BPPBBP,12,3
PPBPPB,PPBBPPBBPPBB,PBBBPP,12,3
PPPBPP,PPBBBBPPPPBB,PPPBBB,12,3
BBBPPB,PPBBPPBBBBPP,PBPBBB,12,3
BBBPBB,BBPPPPBBPPBB,BPPPPP,12,3
PBBBPB,BBPPBBPPPPBB,PBBPBP,12,3
BPPBPB,PPBBBBPPPPBB,BBBPBB,12,3
BPPBPB,PPBBBBPPPPBB,BBBPBB,12,3
BBPPBB,BBPPPPBBPPBB,PPBPPB,12,3
BPPBPP,PPBBPPBBPPBB,BPBPPB,12,3
BBBPPB,BBPPBBPPPPBB,PPPBPP,12,3
PBBPPB,PPBBBBPPPPBB,BBBBPP,12,3
BPBPBB,BBPPPPBBPPBB,BBPBPB,12,3
PPPBBB,BBPPPPBBPPBB,PPBPPP,12,3
BBPPBP,BBPPBBPPPPBB,PBBBPB,12,3
PPPPBP,BBPPBBPPBBPP,PBPPBP,12,3
BBPBPB,PPBBPPBBBBPP,BBBBBP,12,3
BBBPBP,PPBBBBPPBBPP,PPPBBB,12,3
BBBPBP,BBPPPPBBBBPP,BPPPPP,12,3
PBPBBP,BBPPPPBBPPBB,BBBBPP,12,3
PPBBPB,PPBBBBPPPPBB,BPBBPB,12,3
PBBBBP,BBPPBBPPBBPPBBPP,PPBPPP,16,4
PPPPBP,BBPPPPBBBBPP,PBBPBP,12,3
PPPBPP,PPBBBBPPBBPP,PBPPPP,12,3
PPPBPP,PPBBBBPPBBPP,PBPPPP,12,3
PBPPBP,BBPPPPBBPPBB,BBBBPB,12,3
PPBPPB,PPBBBBPPPPBB,BPPBPB,12,3
BBPBPB,BBPPBBPPBBPP,PPPBBP,12,3
BPPPPP,PPBBBBPPBBPP,BPPBBB,12,3
BBPBPB,BBPPBBPPPPBB,BPBBBP,12,3
PBBPBB,BBPPPPBBBBPP,BPBBBP,12,3
BPBBBP,BBPPBBPPPPBB,PBPPBP,12,3
PPBBBP,PPBBPPBBBBPP,BBBPPP,12,3
BPBBBP,BBPPPPBBPPBB,PPBPBP,12,3
PPBBPB,BBPPPPBBPPBB,BPBPPB,12,3
PPBPPB,PPBBPPBBPPBB,PBBPBP,12,3
BBBBPB,PPBBBBPPPPBBPPBBBBPP,BBBPBB,20,5
BPPBPP,PPBBBBPPPPBB,PBPPPB,12,3
PPBBPP,PPBBBBPPBBPP,PBPBBB,12,3
PBBPBP,BBPPPPBBPPBB,PBPBBB,12,3
BBBBBP,BBPPPPBBPPBB,BBPBPB,12,3
BBBPBB,BBPPPPBBBBPP,PBPPBP,12,3
BBPBPB,PPBBPPBBBBPP,BPPBPP,12,3
PBBBBB,BBPPPPBBPPBB,BPBBPP,12,3
PPPPPP,PPBBBBPPBBPP,PBBPPB,12,3
BBPBPB,PPBBPPBBPPBB,BPBPBP,12,3
PPPBBP,BBPPBBPPPPBBBBPP,BBPBPB,16,4
PBBPPP,PPBBPPBBBBPP,BPBPBP,12,3
PPPBBB,PPBBBBPPPPBB,PBBBBB,12,3
BBPPPB,BBPPPPBBPPBB,PBBBPB,12,3
BBPPPP,PPBBPPBBPPBB,BPBBPB,12,3
PPPPBP,BBPPBBPPBBPP,PBPBPP,12,3
PBBPBP,BBPPPPBBPPBB,PPBPPB,12,3
PBBPPB,PPBBPPBBBBPP,BBBPBP,12,3
PBBPPB,PPBBPPBBBBPP,BBBPBP,12,3
BPBPPP,PPBBBBPPBBPP,BBBBBB,12,3
BBPBPP,PPBBPPBBBBPP,BBPBBP,12,3
PBPBBB,BBPPBBPPBBPPPPBB,BPPBPB,16,4
PPBBBP,BBPPPPBBBBPP,BPPBBB,12,3
PBPPBP,BBPPBBPPBBPP,BPPPBB,12,3
PPBBBP,BBPPPPBBBBPP,BBBPBB,12,3
BBPPPB,PPBBBBPPPPBB,BBPBBB,12,3
BBPPBP,BBPPBBPPPPBB,BPPBBB,12,3
PPBPPP,PPBBBBPPBBPP,BPBPPP,12,3
BBBBBP,BBPPBBPPBBPP,PBBBBP,12,3
PBBPPP,BBPPBBPPPPBBBBPP,BPPBBP,16,4
PBBPPB,PPBBPPBBBBPP,BBBPPP,12,3
PBBBBP,BBPPPPBBBBPP,PBBBBP,12,3
PBBPPP,PPBBBBPPBBPP,PPBPBP,12,3
PBBBPP,PPBBPPBBPPBBPPBBPPBB,PBPPBB,20,5
BPBPBB,BBPPBBPPBBPP,PBPPPB,12,3
BPBBBB,BBPPPPBBBBPP,BPBPBB,12,3
BBBPBP,PPBBBBPPBBPP,PBBPPP,12,3
BBBPBB,BBPPPPBBBBPP,PPBPPP,12,3
PPBPBP,PPBBPPBBPPBB,PPBPBP,12,3
PPBBPP,PPBBBBPPBBPP,PPPPPP,12,3
PPPPBP,PPBBPPBBPPBB,PBBPBP,12,3
PPPBPB,PPBBBBPPPPBB,PBBBBP,12,3
PPPBBP,PPBBPPBBBBPP,BBPBBP,12,3
BBBBPB,PPBBBBPPPPBB,BBBBPB,12,3
PBBPPB,PPBBPPBBBBPP,PBBBPP,12,3
BPPPBP,PPBBBBPPPPBB,BBPBPP,12,3
PPPPBP,PPBBPPBBPPBB,BPBPBB,12,3
BPPBPP,PPBBBBPPBBPP,BBBPPB,12,3
BPBPPP,PPBBBBPPBBPP,BPBBBB,12,3
BBBBBB,BBPPBBPPPPBB,BPBBBP,12,3
PBPBBP,BBPPBBPPBBPP,BPPBPP,12,3
PBPPBP,BBPPBBPPBBPPBBPP,BBBBBP,16,4
PPPPPB,PPBBPPBBPPBB,PPPPPB,12,3
PBPPPP,PPBBBBPPBBPP,BBBBPP,12,3
PPBBPB,BBPPBBPPPPBBPPBB,BBBPPP,16,4
BBPPBP,PPBBPPBBPPBBPPBB,PPBPPB,16,4
PPPPPP,PPBBBBPPBBPP,BPPPPB,12,3
PBBBPB,BBPPBBPPPPBB,PPPPBP,12,3
BPBBPB,BBPPBBPPBBPP,BPBPPP,12,3
BBBBBB,BBPPBBPPBBPP,PBBBBP,12,3
BPPBPP,PPBBPPBBPPBB,PBPBPP,12,3
PBBPBB,BBPPPPBBPPBB,PBBPPB,12,3
PPPBPB,PPBBPPBBPPBB,PBBBPP,12,3
BBBPBB,BBPPBBPPPPBB,BBBBPP,12,3
BPBPBB,BBPPPPBBBBPP,PPBPPP,12,3
BBPPBP,PPBBPPBBBBPP,BBPBPP,12,3
BPPPPB,PPBBPPBBPPBB,PPPBBP,12,3
BBBBPB,PPBBPPBBPPBB,BPBPPP,12,3
PBBBBB,BBPPBBPPPPBB,BPBBPB,12,3
PPBBBP,PPBBPPBBBBPP,PPBPBP,12,3
BBBPBB,BBPPPPBBPPBB,PPBPPB,12,3
PPPBPB,PPBBBBPPPPBB,BPBBPB,12,3
PBBPBB,BBPPBBPPPPBB,PPBPBP,12,3
PBPPPB,PPBBPPBBPPBB,BPBPPP,12,3
PPPBPP,PPBBBBPPPPBB,PBBBPB,12,3
PPPBPP,PPBBPPBBBBPP,PBBPPB,12,3
PBPPPP,PPBBBBPPPPBBPPBBPPBB,BPPPPP,20,5
PBPPPB,PPBBBBPPBBPP,BBBPBB,12,3
BBPPPB,BBPPBBPPPPBB,PBBBPB,12,3
BBBPBP,PPBBPPBBPPBB,BPBBBP,12,3
PBPBPP,PPBBPPBBPPBB,PBBPPP,12,3
PBBPPB,PPBBBBPPBBPP,BBPBPB,12,3
BPPBPB,PPBBPPBBPPBB,PBPPBB,12,3
PPPBPB,PPBBPPBBPPBBBBPP,BBBPPP,16,4
PPPBPB,PPBBPPBBPPBBBBPP,BBBPPP,16,4
PBBBBP,BBPPBBPPBBPP,BBPBPP,12,3
PBPBPB,BBPPBBPPPPBB,PBBPPP,12,3
PPPBBP,BBPPPPBBPPBB,PBBBPB,12,3
PBPPPB,PPBBBBPPBBPPPPBBPPBB,BBBBPB,20,5
BBPPBP,PPBBPPBBPPBBBBPP,BPPPBB,16,4
PBPBBB,BBPPPPBBPPBB,PBBBPP,12,3
BBBBBP,BBPPPPBBPPBBBBPP,PBBPPP,16,4
PBPPPB,PPBBPPBBPPBBPPBB,PBPPPP,16,4
BPPBPB,BBPPPPBBBBPP,BBBBPB,12,3
PPPBBP,PPBBPPBBPPBB,BPBBBB,12,3
BBBPBB,BBPPBBPPBBPP,BBBPPP,12,3
BPBPPP,PPBBBBPPBBPP,PBBBPP,12,3
BBBPBP,BBPPPPBBPPBB,BBBPBB,12,3
BPPBPB,PPBBPPBBPPBB,PBBBPB,12,3
BPPBPB,PPBBPPBBBBPP,BPBPPB,12,3
BPPBBB,PPBBBBPPPPBB,PBPBBB,12,3
BPPBBB,PPBBBBPPPPBB,PBPBBB,12,3
PBBBBP,BBPPPPBBBBPP,BPPPBP,12,3
PPPBBP,BBPPPPBBBBPP,BPPBPP,12,3
PBBPBB,BBPPBBPPPPBB,BPBBBB,12,3
BBBPBP,BBPPPPBBPPBBPPBB,BBPBBP,16,4
PBPBPB,PPBBPPBBPPBB,PBPPBP,12,3
BPBBBP,BBPPBBPPBBPP,PBPPPP,12,3
PPPBBB,BBPPPPBBBBPP,PPPBPB,12,3
BBPPBP,PPBBPPBBPPBB,PBPBBB,12,3
PPPBBB,BBPPPPBBBBPPPPBB,PPPBPB,16,4
PPPPPB,PPBBBBPPBBPP,BPPPBB,12,3
BBPBBP,BBPPPPBBPPBB,BPPPBB,12,3
PPPPBP,BBPPPPBBBBPP,PPBPBB,12,3
PBPBPB,BBPPPPBBPPBB,PBBPBB,12,3
PPBBBP,BBPPBBPPPPBB,PPPBPP,12,3
PBPBBB,BBPPBBPPBBPP,BPBPPB,12,3
BPBPBB,BBPPBBPPBBPP,BBPBPP,12,3
BPPBPB,BBPPBBPPBBPP,PBBPBP,12,3
BBPPPB,PPBBPPBBPPBB,PPPBBP,12,3
BBPPBB,BBPPPPBBBBPP,PPBPPP,12,3
BPBBPB,BBPPBBPPPPBB,BPPBBB,12,3
PPPBBP,BBPPBBPPBBPP,BPPPBP,12,3
BBPBPP,PPBBBBPPBBPP,PPPBPP,12,3
BPPBBB,BBPPPPBBBBPP,PBBBPP,12,3
PBPBBB,BBPPBBPPPPBBPPBB,PPBPPB,16,4
PBPBBB,BBPPBBPPPPBBPPBB,PPBPPB,16,4
PPPBBB,PPBBBBPPBBPPBBPP,BPPPPP,16,4
BPBBPB,PPBBBBPPBBPPPPBB,BBBPBB,16,4
BPPBBB,BBPPPPBBBBPPPPBB,PPPPBP,16,4
BPPBBP,BBPPBBPPPPBB,PPPBBB,12,3
BPBBPB,BBPPPPBBBBPP,PBBPBP,12,3
PPPBBB,BBPPBBPPBBPPBBPPBBPP,BBBPPB,20,5
PPPBBB,BBPPBBPPBBPPBBPPBBPP,BBBPPB,20,5
PPPBBB,BBPPBBPPBBPPBBPPBBPP,BBBPPB,20,5
BBBPPP,BBPPPPBBBBPP,PPBPPB,12,3
BPPPBB,BBPPBBPPBBPP,PPPBPP,12,3
PPPBPP,PPBBPPBBPPBB,BPBBBP,12,3
PPBPPP,PPBBPPBBPPBB,PBBPPB,12,3
BPPBBB,BBPPPPBBPPBB,BPBBPP,12,3
PPBPBB,BBPPPPBBPPBB,PBBPPP,12,3
PPBBBP,BBPPPPBBBBPP,PBPPPB,12,3
BPPBBB,BBPPBBPPBBPP,PBBBBP,12,3
BPPBPB,BBPPPPBBPPBB,PPPBBB,12,3
PBPBPB,PPBBPPBBBBPP,BPBBBP,12,3
BBBPBB,BBPPPPBBBBPP,PBPPPP,12,3
PBPBBB,BBPPPPBBPPBB,BPBPPB,12,3
BBBBBB,BBPPBBPPPPBB,PBPBPB,12,3
BBPBBB,BBPPPPBBPPBB,PBBPBP,12,3
PPBPPB,PPBBBBPPBBPPBBPP,PBPBBB,16,4
PPPBBP,PPBBPPBBPPBB,PPPBBB,12,3
PBBPBB,BBPPPPBBBBPP,BBBPPB,12,3
PBPBPB,PPBBBBPPBBPP,PBPPPB,12,3
BPBBPB,BBPPBBPPBBPP,PPPBBB,12,3
PBPBPB,PPBBPPBBBBPP,PBBPBB,12,3
PPBPPP,PPBBPPBBPPBB,PBPBPB,12,3
PPPBBP,PPBBBBPPPPBB,PPBPPB,12,3
PPPBBP,PPBBPPBBPPBBBBPP,BBBPBB,16,4
BBPPBB,BBPPBBPPPPBB,BBBBBP,12,3
BPPBBB,PPBBBBPPPPBB,PPBPBP,12,3
PPPBBP,BBPPPPBBPPBBBBPP,PBBPPP,16,4
BBBBPB,PPBBBBPPBBPP,PBBBPB,12,3
BBPPPB,PPBBPPBBPPBB,BPPBPP,12,3
PBPBBB,BBPPPPBBBBPP,BBPBBP,12,3
PBPPPP,PPBBPPBBBBPPBBPP,PPBPBP,16,4
PPPBBP,PPBBPPBBBBPP,BPBBBP,12,3
BBBPBP,PPBBBBPPPPBBBBPP,BPPBPP,16,4
BBBPBP,PPBBBBPPPPBBBBPP,BPPBPP,16,4
PBBBPB,PPBBBBPPPPBB,BBBBBB,12,3
PBBBPB,PPBBBBPPPPBB,BBBBBB,12,3
PBPBPB,BBPPBBPPPPBBPPBB,PBBBBB,16,4
PPBPPP,PPBBPPBBPPBBBBPP,PPBPBB,16,4
PBPBPB,PPBBPPBBBBPP,PPBPBB,12,3
BBBBBB,BBPPBBPPPPBB,PBPBPP,12,3
BPBBBP,BBPPBBPPPPBB,PBPBPB,12,3
PBPBPB,BBPPBBPPBBPP,PBBPBP,12,3
BBPPBP,BBPPBBPPPPBB,BPPBPP,12,3
BBPPBP,BBPPBBPPPPBB,PPPPPP,12,3
BBBBPB,PPBBBBPPBBPP,PBBPPB,12,3
PBPPBP,BBPPPPBBPPBB,PBPPBB,12,3
PBBPBB,BBPPPPBBPPBB,PBBPBB,12,3
BPBPBB,BBPPBBPPPPBB,PPBPBP,12,3
BPPPPP,PPBBPPBBBBPP,BBPBPP,12,3
PBPPBP,PPBBPPBBPPBB,BBBBPP,12,3
BBPPPP,PPBBBBPPBBPP,BPBPPB,12,3
PBBBBB,BBPPPPBBPPBB,BPBPPP,12,3
BPBPBP,BBPPBBPPPPBB,PPPPBP,12,3
BPBPPP,PPBBBBPPBBPP,PBBBPB,12,3
PBPPPP,PPBBBBPPPPBB,PBPBBP,12,3
PPBPBP,PPBBBBPPPPBB,BPPBPB,12,3
BPBPPB,PPBBPPBBBBPP,BBBBPB,12,3
PBBPPB,BBPPPPBBPPBB,BBBBBP,12,3
BPBPBP,BBPPPPBBPPBB,PBBBBB,12,3
PBPBPP,PPBBPPBBPPBB,BPPBBB,12,3
PPPBPB,BBPPPPBBBBPP,BPBBBB,12,3
BPBPPP,PPBBBBPPPPBB,BPPPBP,12,3
BBBPPB,BBPPPPBBBBPP,BBPBBB,12,3
PBBPPB,PPBBBBPPBBPP,PPPPBP,12,3
PBBPPB,PPBBBBPPPPBB,BPPBPB,12,3
PBBPPB,PPBBBBPPPPBB,PPPBPB,12,3
PPPPBP,BBPPBBPPBBPP,PPPBBB,12,3
PBPBBB,BBPPBBPPPPBB,PBBBPP,12,3
BPPBBB,PPBBPPBBPPBB,PPPBPP,12,3
BPPBPB,BBPPPPBBBBPP,PPPBBB,12,3
PBPBBB,BBPPBBPPPPBB,PBBPPP,12,3
PBPBBB,BBPPBBPPPPBB,PBBPPP,12,3
PBPBBB,BBPPBBPPPPBB,PBBPPP,12,3
PBBPBP,BBPPPPBBBBPP,BPBBPP,12,3
PPPBBB,BBPPPPBBBBPPBBPP,BBPBPP,16,4
BBPBBP,BBPPPPBBBBPP,PBPPPB,12,3
BBPBBP,BBPPPPBBBBPP,PBPPPB,12,3
PBBBPB,PPBBPPBBPPBB,PPBPBP,12,3
PPPBBP,BBPPBBPPBBPP,BPPPBP,12,3
BBBBPB,BBPPPPBBBBPP,BPBBPP,12,3
PBPPPB,PPBBPPBBBBPP,BBPBBB,12,3
PPPPBP,BBPPBBPPBBPP,PBPPBB,12,3
BBPBPB,BBPPPPBBPPBB,PPBPPP,12,3
BBPPPB,PPBBPPBBBBPPPPBB,PBPBBP,16,4
BBPPPB,PPBBPPBBPPBB,PBPBPB,12,3
BBPPPB,PPBBPPBBPPBB,PBPBPB,12,3
BPBPBP,PPBBPPBBPPBB,PPPPBP,12,3
PBPPBP,BBPPBBPPPPBB,BBBBBB,12,3
BBPPPB,PPBBBBPPBBPP,PBBPPB,12,3
BBBPPB,PPBBPPBBBBPP,PBPPPP,12,3
BBBBBP,BBPPBBPPBBPPBBPP,BPPPBB,16,4
BPBPBP,PPBBPPBBPPBB,BBPBPP,12,3
BBBPPB,PPBBBBPPBBPP,PBPBPB,12,3
BBBPBP,BBPPBBPPPPBB,PBPBPB,12,3
PBBBBP,BBPPPPBBPPBB,PBBPPB,12,3
PPPBPB,PPBBBBPPPPBB,BBBPPB,12,3
PBBPPP,PPBBBBPPPPBB,PBBBPB,12,3
PBBPPP,PPBBBBPPPPBB,PBBBPB,12,3
PPBPPB,PPBBPPBBPPBB,PBBPBP,12,3
BPBBPB,PPBBPPBBPPBB,PPPPPP,12,3
PPPBBP,PPBBPPBBPPBB,BPBBBB,12,3
BPBPBB,BBPPPPBBBBPP,BBBBPB,12,3
BBPBBP,BBPPPPBBPPBB,PBPBPP,12,3
BPPBBP,BBPPPPBBPPBBPPBB,PBBBBB,16,4
PBBPPP,BBPPPPBBPPBB,BPBPBP,12,3
PBBBPB,BBPPPPBBBBPP,BBBPPB,12,3
BPPBPP,PPBBPPBBBBPP,BBPBPP,12,3
BBPPPP,PPBBBBPPBBPP,BPPPBB,12,3
BBBBBB,BBPPPPBBBBPP,PBBPPP,12,3
BPPBBB,PPBBPPBBBBPPPPBB,PPPBBP,16,4
BBBBPB,BBPPPPBBPPBB,PBBPBP,12,3
BBPBBB,BBPPBBPPPPBB,BPPPPP,12,3
PBPBBB,BBPPBBPPBBPP,BPPBBB,12,3
PBBBPB,BBPPPPBBPPBB,BBBBBB,12,3
PPPBBP,BBPPBBPPBBPP,BPPPBP,12,3
PBPBPB,PPBBBBPPPPBB,BBBPBP,12,3
BPBBPB,BBPPPPBBBBPP,BPPPPB,12,3
PBPPPP,PPBBBBPPPPBB,PPPPBP,12,3
BBPBPB,PPBBBBPPBBPP,PBPPPP,12,3
PBPPBP,BBPPPPBBPPBB,PBPPBP,12,3
PBPBPP,PPBBPPBBBBPP,PPBPBP,12,3
PBPPBP,PPBBPPBBPPBB,PBBPBP,12,3
PBPPPB,PPBBBBPPPPBB,BBPBBP,12,3
PPBBBB,BBPPPPBBBBPP,BPBBPP,12,3
PPPBBP,BBPPPPBBBBPP,BBPBPP,12,3
BPPPBP,BBPPPPBBBBPP,BPBBBB,12,3
BBPBBB,BBPPBBPPBBPP,BPPPPP,12,3
BPBBBP,BBPPPPBBPPBBPPBB,PBPBBP,16,4
PBBPPB,PPBBPPBBBBPP,PBBBBB,12,3
BBPPBP,PPBBPPBBPPBB,BBBBBP,12,3
BPPPBP,PPBBBBPPPPBB,PPBPPB,12,3
BPPPPB,PPBBBBPPBBPP,PBBPBB,12,3
BBPPBP,BBPPBBPPBBPPBBPP,BBBBBB,16,4
PPPPBP,PPBBPPBBPPBB,BPPBBB,12,3
PBBPPP,PPBBBBPPPPBB,PPPPPB,12,3
PBPBBB,BBPPPPBBBBPP,BBBPPB,12,3
PBPBBB,BBPPPPBBBBPP,BBBPPB,12,3
BBPPBP,BBPPBBPPPPBB,BBBBBP,12,3
BPPPBP,BBPPPPBBPPBB,BBBBBP,12,3
BPPPBP,BBPPPPBBPPBB,BBBBBP,12,3
PBBPBB,BBPPBBPPPPBB,PBPPBB,12,3
BPBBBP,BBPPBBPPPPBB,PBBBBB,12,3
PBBBPB,PPBBBBPPPPBB,PBPBPP,12,3
PBPBBP,BBPPPPBBBBPP,BPPBPP,12,3
BPBBBP,BBPPBBPPPPBB,BBBPBP,12,3
BBPPPB,PPBBBBPPBBPP,BPBBBB,12,3
PPBPPB,PPBBBBPPPPBB,BPBBPB,12,3
PPBPPB,PPBBBBPPPPBB,BPBBPB,12,3
PPBPPB,PPBBBBPPPPBB,BPBBPB,12,3
BPBBPB,BBPPBBPPPPBB,PPBPBB,12,3
PPBBBP,PPBBBBPPPPBB,BPBPBB,12,3
BPPBBP,BBPPPPBBPPBB,PPPPBB,12,3
PPBBPP,PPBBBBPPBBPP,PBBPPB,12,3
BBBPBB,BBPPPPBBBBPP,BBPBBB,12,3
PBPBPB,PPBBBBPPPPBB,PBPBPB,12,3
BPBPBP,PPBBPPBBPPBBPPBB,PPPBBB,16,4
BPBPBP,PPBBPPBBPPBBPPBB,PPPBBB,16,4
BPBPBP,PPBBPPBBPPBBPPBB,PPPBBB,16,4
BBBPBP,PPBBBBPPBBPP,BPBBBB,12,3
BBPPBB,BBPPBBPPPPBBPPBB,PPPPBB,16,4
PBBPPP,PPBBPPBBPPBBPPBB,BPBBBP,16,4
PBBPPP,PPBBPPBBPPBBPPBB,BPBBBP,16,4
BBBPBP,PPBBPPBBPPBB,BBBPBP,12,3
PBBBBB,BBPPPPBBPPBB,BBBBPP,12,3
PBBBBB,BBPPPPBBPPBB,BBBBPP,12,3
PBBPBP,BBPPPPBBBBPP,PPPPBP,12,3
BBPBBB,BBPPBBPPPPBB,PBPPPB,12,3
PPPPBP,BBPPPPBBBBPP,BBBPPP,12,3
PBPPPB,PPBBPPBBPPBBPPBB,BBBPPP,16,4
BBBBBP,BBPPBBPPPPBB,PBBBPB,12,3
BBBBBP,BBPPBBPPPPBB,PBBBPB,12,3
BBBBBP,BBPPBBPPPPBB,PBBBPB,12,3
BBBBBP,BBPPBBPPPPBB,PBBBPB,12,3
PBBPPB,PPBBBBPPPPBB,PBPBPB,12,3
PPBPBP,BBPPBBPPPPBB,PBPBBP,12,3
PPBPBB,BBPPBBPPBBPP,PBPBBP,12,3
BPPBBP,PPBBBBPPBBPP,BBBPPP,12,3
PBPBBB,BBPPBBPPBBPP,PBBPPP,12,3
PBPBBB,BBPPBBPPBBPP,PBBPPP,12,3
PBPBPP,PPBBPPBBPPBB,PBPBBB,12,3
BPPBPP,PPBBPPBBPPBBPPBB,PBPBPP,16,4
PPPBBP,BBPPPPBBBBPP,BBBPBP,12,3
BPBPPB,PPBBPPBBPPBB,BBBPPB,12,3
PPBBBP,PPBBBBPPPPBB,BBBPPB,12,3
PBBPPB,PPBBPPBBBBPP,BBBBPB,12,3
PBBPPB,PPBBPPBBBBPP,BBBBPB,12,3
BPBPPP,PPBBPPBBBBPP,BPPPBB,12,3
BBBPBP,BBPPPPBBBBPP,PBPBBP,12,3
BBBPBP,BBPPPPBBBBPP,PBPBBP,12,3
BPBPBP,PPBBBBPPPPBB,PBBBBP,12,3
BPBPBP,PPBBBBPPPPBB,PBBBBP,12,3
BBPBPB,BBPPPPBBPPBB,BPBBPB,12,3
BBPBPB,BBPPPPBBPPBB,BPBBPB,12,3
BBPBPB,BBPPPPBBPPBB,BPBBPB,12,3
PBBBBB,BBPPBBPPBBPP,PBBBBP,12,3
PBBBBB,BBPPBBPPBBPP,PBBBBP,12,3
PPBBPB,PPBBPPBBPPBB,PBBPPB,12,3
PPPPBP,BBPPBBPPPPBB,PBPBPP,12,3
PPPPBP,BBPPBBPPPPBB,PBPBPP,12,3
PPBPBP,PPBBPPBBPPBB,BPBPPB,12,3
PBBPPP,BBPPPPBBPPBB,BPBBPB,12,3
BBPPBP,PPBBBBPPBBPP,PBBBPP,12,3
BBBBBP,BBPPBBPPPPBB,PBBPPP,12,3
PBPBBB,BBPPBBPPBBPP,PPPBBB,12,3
PBPBPB,PPBBBBPPPPBB,PPBPPP,12,3
PBPBPB,PPBBBBPPPPBB,PPBPPP,12,3
BBBPBP,BBPPBBPPPPBB,PPPPBP,12,3
BBBPBP,BBPPBBPPPPBB,PPPPBP,12,3
PPBPBP,BBPPPPBBBBPP,PPBPPP,12,3
PPPBBB,PPBBPPBBPPBB,BBBPBP,12,3
BBPPBP,PPBBPPBBPPBB,BPBPPB,12,3
BPBPBP,PPBBBBPPPPBB,PPBPPP,12,3
BBBPBP,PPBBPPBBBBPP,BBBBBP,12,3
BBBPBB,BBPPPPBBPPBB,BPBPPP,12,3
PPBBBP,PPBBPPBBBBPP,BBBBPB,12,3
PPPBBP,BBPPBBPPPPBB,PBBBPP,12,3
PBPBPB,PPBBPPBBBBPP,BBBBBP,12,3
PPBBBP,BBPPBBPPBBPP,BPPPPB,12,3
PPBBBP,BBPPBBPPBBPP,BPPPPB,12,3
PPBPPP,PPBBPPBBBBPP,BPPPPP,12,3
BPPPBP,BBPPPPBBPPBB,PBBPPP,12,3
BBBBBP,BBPPBBPPPPBB,BPBPPB,12,3
BBBBBP,BBPPBBPPPPBB,BPBPPB,12,3
BBBBBB,BBPPPPBBBBPP,BPBBBP,12,3
PPPBBB,PPBBPPBBPPBBPPBB,BPBPPP,16,4
PPBBBP,BBPPPPBBBBPP,PBBPBP,12,3
BBPPBP,PPBBPPBBBBPP,BPPPBP,12,3
PPBPBB,BBPPPPBBBBPP,PPPPBB,12,3
BPPPPP,PPBBPPBBPPBB,PPPPBB,12,3
BPPPPP,PPBBPPBBPPBB,PPPPBB,12,3
BPPPPP,PPBBPPBBPPBB,PPPPBB,12,3
PBPBPB,PPBBBBPPPPBB,BPBBBB,12,3
PBPBPB,PPBBBBPPPPBB,BPBBBB,12,3
PBPBPB,PPBBBBPPPPBB,BPBBBB,12,3
BPBBBB,BBPPPPBBBBPP,BPBBPP,12,3
PPBBBP,BBPPBBPPBBPP,BBBPBP,12,3
BPPBPP,PPBBPPBBPPBB,PBBBPB,12,3
BBBPPP,PPBBBBPPBBPP,PBBBPP,12,3
BBBPPP,PPBBBBPPBBPP,PBBBPP,12,3
PPPBPP,PPBBPPBBBBPP,PPPBBB,12,3
PBPBPP,PPBBBBPPBBPP,BBBPPP,12,3
PBPBPP,PPBBBBPPBBPP,BBBPPP,12,3
BBPBPB,BBPPPPBBBBPP,PPPPPB,12,3
BBPBPB,BBPPPPBBBBPP,PPPPPB,12,3
BPBPBB,BBPPPPBBBBPP,PBBPPB,12,3
BBBPPB,PPBBPPBBBBPP,BBPBBP,12,3
BBPPPP,PPBBPPBBBBPP,BBBPPB,12,3
PBBPPB,BBPPBBPPBBPP,BPPPBP,12,3
PPBPBP,BBPPPPBBPPBBBBPP,BBBBPP,16,4
PPBPBP,BBPPPPBBPPBBBBPP,BBBBPP,16,4
BBBPPP,BBPPPPBBBBPP,BPPBPB,12,3
PBPPPB,PPBBBBPPPPBB,PPPPPB,12,3
PBPPPB,PPBBBBPPPPBB,PPPPPB,12,3
PBPPBP,BBPPBBPPPPBB,BPBPBB,12,3
BBPPPB,BBPPPPBBBBPP,BBBPPB,12,3
PBBBPB,PPBBPPBBBBPP,BPPPBB,12,3
BBPBPB,PPBBBBPPBBPP,PBBPPB,12,3
PBBPPB,BBPPPPBBBBPPBBPP,BBBBBB,16,4
PBBBBB,BBPPBBPPPPBB,BPBBBB,12,3
PBBBBB,BBPPBBPPPPBB,BPBBBB,12,3
BPBPPB,PPBBBBPPPPBB,PBBPBP,12,3
BPPBPB,PPBBPPBBPPBBBBPP,PBPBBB,16,4
BBBBBB,BBPPBBPPPPBBBBPP,BBBBPB,16,4
PBPBBP,BBPPBBPPBBPP,BPBPBB,12,3
BPBPBP,PPBBBBPPPPBB,BPPBBB,12,3
BPBPBP,PPBBBBPPPPBB,BPPBBB,12,3
BPPBBB,BBPPBBPPPPBB,BPBPBP,12,3
PPPPBP,BBPPPPBBBBPP,PBBPPB,12,3
BBBPBP,BBPPPPBBPPBB,BPBBBB,12,3
BBBBBB,BBPPBBPPPPBBPPBB,PBPPBB,16,4
PPPBPP,PPBBBBPPBBPP,BPPPPP,12,3
PPPBPP,PPBBBBPPBBPP,BPPPPP,12,3
PPPBPP,PPBBBBPPBBPP,BPPPPP,12,3
PPPBPP,PPBBBBPPBBPP,BPPPPP,12,3
BBBBBP,BBPPPPBBBBPP,PPPPBP,12,3
PBBPPB,PPBBPPBBBBPP,BPPPPB,12,3
PBBPPB,PPBBPPBBBBPP,BPPPPB,12,3
PBPPPP,PPBBBBPPPPBBPPBB,PPPPPP,16,4
PBBPBB,BBPPBBPPBBPP,PBBPPB,12,3
PPPPBP,PPBBBBPPBBPP,PBBBBP,12,3
PBPPBP,PPBBBBPPPPBB,BPPBBP,12,3
BBBPPB,BBPPBBPPPPBBPPBB,BPBBPB,16,4
PBPBBP,BBPPPPBBBBPP,PBBBPP,12,3
BBBPPB,BBPPPPBBBBPP,BPBPPB,12,3
PPPBBP,BBPPPPBBBBPP,PBPPPP,12,3
BBPPBB,BBPPBBPPPPBB,BBPBPP,12,3
PBPPBP,PPBBBBPPBBPP,PPPBPP,12,3
BBPPPB,PPBBPPBBPPBB,PBBPPB,12,3
BPPBPB,BBPPPPBBPPBB,PBPBPB,12,3
BBPPPB,PPBBBBPPBBPPPPBBBBPPBBPP,PBPPBP,24,6
PPPPPP,PPBBPPBBPPBB,PPPPBP,12,3
PPBBBP,BBPPPPBBPPBBPPBB,BPPBBB,16,4
PBBPBB,BBPPPPBBPPBB,BPBBPB,12,3
PPPPBP,PPBBBBPPBBPP,BPPPPB,12,3
BPBPBP,BBPPBBPPPPBB,BBPBPP,12,3
BBPBBP,BBPPBBPPPPBBPPBB,BBPBPB,16,4
BBPPBP,BBPPBBPPBBPP,BBPBBP,12,3
PBPBPB,PPBBPPBBPPBBBBPPPPBB,BBBBPP,20,5
PBBPPB,BBPPPPBBBBPP,PPPBPP,12,3
PBPBPB,PPBBPPBBPPBB,BPBPPB,12,3
PBPBPP,PPBBBBPPPPBB,PPPPBB,12,3
PBPPBP,BBPPPPBBBBPP,BPPBBP,12,3
PPPPPP,PPBBPPBBPPBB,BBBPPP,12,3
PBPBPP,PPBBBBPPBBPP,BBBBPB,12,3
PBPPBP,PPBBPPBBBBPP,PBBBBP,12,3
BPBPBB,BBPPPPBBPPBB,PBPPPP,12,3
PBPBBB,BBPPBBPPBBPP,BBPBPP,12,3
BBPBBB,BBPPBBPPPPBB,PPBPBB,12,3
PBBPPP,PPBBPPBBBBPP,BPPPPB,12,3
BPBPPB,PPBBPPBBPPBB,BPPPPP,12,3
PBPPPP,PPBBPPBBPPBB,PPPBPP,12,3
PPPBPP,PPBBPPBBBBPP,PPBPPB,12,3
PBBPBP,PPBBPPBBPPBB,PBBPPP,12,3
BPBPBP,BBPPBBPPPPBB,BPPBPP,12,3
PBBPBB,BBPPPPBBBBPPBBPP,PBBBBP,16,4
PBBPPP,PPBBBBPPBBPPBBPP,BPPBPB,16,4
BPBBPB,BBPPPPBBBBPP,PBPBPB,12,3
BPPPPP,PPBBBBPPPPBB,BPBBBB,12,3
BBPPPB,PPBBBBPPBBPP,PBBPPB,12,3
BPBPBP,PPBBBBPPPPBB,PPPBPP,12,3
BBPBBP,BBPPBBPPBBPP,PBPBBP,12,3
BBPPBP,PPBBBBPPPPBBBBPP,PBBBBP,16,4
PBPBPP,PPBBBBPPPPBBBBPP,BBBBPB,16,4
PBPPPB,PPBBBBPPPPBB,PBPPBP,12,3
PBPBPB,PPBBPPBBBBPP,PPBPBP,12,3
PPPBBP,BBPPBBPPPPBB,BPPPBB,12,3
BBBPPP,BBPPBBPPPPBB,BBBPPP,12,3
PPPBPP,PPBBBBPPPPBB,PBPPPP,12,3
BPBBBP,BBPPPPBBBBPP,BBPBBP,12,3
BBPBPB,BBPPPPBBPPBB,PBBBPB,12,3
PPPPPB,PPBBBBPPBBPP,BPBPBB,12,3
BPPPBP,PPBBPPBBPPBB,BBPBBB,12,3
BPPBPP,PPBBPPBBBBPP,PBPPPB,12,3
BPBPPP,PPBBPPBBPPBB,PPPBPB,12,3
PPPPPP,PPBBBBPPPPBB,BBBBPP,12,3
PPPPBP,PPBBPPBBPPBB,PPPBBB,12,3
PBPBPB,BBPPBBPPPPBB,PPPPBP,12,3
PBPBPB,BBPPBBPPPPBB,PPPPBP,12,3
BBBPBP,PPBBPPBBBBPPBBPP,BBBPPP,16,4
PBBPPB,PPBBBBPPBBPP,BBPBBB,12,3
PBBPPB,PPBBBBPPBBPPPPBB,PPPPPB,16,4
BBBBPB,PPBBPPBBBBPP,BPPPBB,12,3
BBPBBB,BBPPBBPPBBPPBBPP,BBPBBB,16,4
PBBPBP,PPBBBBPPBBPP,PPPPPP,12,3
PPPPPP,PPBBPPBBBBPP,BPPBPB,12,3
BBBBBB,BBPPBBPPBBPP,BBBPPP,12,3
PPPPBP,BBPPPPBBBBPP,PBBBPP,12,3
BBBPBP,BBPPBBPPBBPP,PPPBBB,12,3
BPBBPB,PPBBPPBBPPBB,BPBPBP,12,3
PBBPPB,PPBBBBPPPPBB,PBPBPB,12,3
BBBBBP,BBPPPPBBBBPP,PBPBBB,12,3
BPBPBP,BBPPPPBBBBPP,BPBBBP,12,3
PPBBPB,PPBBPPBBPPBB,BBPBPB,12,3
BPPBPB,BBPPBBPPPPBB,PPPBPP,12,3
PBBPBB,BBPPPPBBBBPP,PBBPBB,12,3
BBBBPB,BBPPPPBBPPBB,PBBPPB,12,3
PPBBBP,PPBBBBPPBBPP,BBPBBB,12,3
BPPBPP,PPBBPPBBPPBB,PBBBBP,12,3
BPPBPB,BBPPPPBBPPBB,BBBPBP,12,3
PBPBPB,PPBBBBPPPPBBPPBB,BPBBBB,16,4
PBBBPB,BBPPBBPPBBPP,BPPBPB,12,3
PPPBPB,BBPPBBPPBBPP,PBBBBB,12,3
BPPBBP,PPBBPPBBPPBB,BPBPPP,12,3
PPBBBB,BBPPPPBBBBPP,PBBBBP,12,3
PPBPPP,PPBBPPBBPPBB,BPBPPP,12,3
PPPPBP,PPBBPPBBBBPP,PBBBPP,12,3
BPPBBB,BBPPBBPPBBPP,BPBPPP,12,3
PBBPBP,PPBBBBPPBBPPBBPP,PPPPPB,16,4
BBPBPB,BBPPBBPPPPBB,BPBPBB,12,3
BBPBBB,BBPPBBPPPPBBPPBB,PPPPBP,16,4
BPBBPB,BBPPBBPPPPBB,PBPBBP,12,3
BPPBBP,BBPPPPBBPPBB,BBBPBB,12,3
PBBPBB,BBPPPPBBBBPP,BPBBBP,12,3
PBBPBB,BBPPPPBBBBPP,BPBBBP,12,3
BPBPPB,PPBBPPBBBBPP,BBBBPP,12,3
PPPBBB,PPBBPPBBPPBB,PPPPBB,12,3
BBBPPB,BBPPBBPPBBPPBBPPBBPP,BBPBPB,20,5
BBBPPB,BBPPBBPPBBPPBBPPBBPP,BBPBPB,20,5
PPPBBB,BBPPPPBBBBPPBBPP,PBBPPB,16,4
BPBBBP,BBPPPPBBBBPP,BBBBBP,12,3
BPPBPB,PPBBBBPPPPBB,BBBPBB,12,3
PPBBBP,BBPPBBPPPPBB,BBBPPB,12,3
BBBPPB,PPBBPPBBBBPP,PBPPBP,12,3
BBBBPB,BBPPBBPPBBPP,PPPBPB,12,3
PBBPBB,BBPPBBPPPPBB,BPBBBB,12,3
BBPBPB,PPBBPPBBBBPP,PBBBPP,12,3
PPBPBP,PPBBBBPPBBPP,BBPBBB,12,3
PPBPBP,PPBBBBPPBBPP,BBPBBB,12,3
BBPPPB,BBPPPPBBPPBB,BPBBPP,12,3
BPBPPB,PPBBBBPPPPBB,BPBPBB,12,3
BPPBBB,BBPPBBPPPPBB,BPBBPP,12,3
PBPBPB,PPBBBBPPBBPP,PPPBPP,12,3
BBPPPB,BBPPPPBBPPBB,PBPBPB,12,3
PPPPBP,PPBBPPBBBBPP,PBBBPB,12,3
BBBPPB,BBPPBBPPBBPP,PPPBBB,12,3
PBBBPB,BBPPBBPPBBPPBBPP,BPPBPP,16,4
PPBBBP,BBPPPPBBPPBB,BPPBPB,12,3
PPBBBP,BBPPPPBBPPBB,BPPBPB,12,3
BPBBPB,BBPPPPBBPPBB,BPPPBB,12,3
BPPPBP,PPBBBBPPBBPP,BBBPPP,12,3
PPBPPP,PPBBPPBBPPBB,PPPBPB,12,3
PPPBBB,BBPPBBPPBBPP,PBPPBP,12,3
PPPBBB,BBPPBBPPBBPP,PBPPBP,12,3
PPPBPB,PPBBPPBBBBPP,BPPBBP,12,3
BPPBBP,PPBBPPBBBBPP,PPPPBP,12,3
BBPPPB,PPBBPPBBBBPP,BPBBBB,12,3
PBPBBB,BBPPPPBBBBPP,PPPBPB,12,3
BBBPBP,PPBBBBPPPPBB,BBPBPP,12,3
BPBPBP,PPBBPPBBPPBB,BBBBPB,12,3
BBPPPB,BBPPPPBBPPBB,PBPBPB,12,3
BPPBPP,PPBBBBPPBBPP,PBBPBP,12,3
BBPBBB,BBPPPPBBBBPP,PBPBBB,12,3
PPPPBP,PPBBPPBBBBPP,BPPPPB,12,3
PBBPPP,BBPPPPBBPPBB,PBPPPP,12,3
PPPPPB,PPBBPPBBPPBB,PBBBPB,12,3
BBBPBP,PPBBPPBBBBPP,PBBPPP,12,3
BPPPBP,PPBBPPBBBBPP,BPPBPB,12,3
PBBBPB,BBPPPPBBPPBB,PBPBBB,12,3
BBPBBB,BBPPBBPPBBPP,PPPBPB,12,3
BPPBPB,PPBBBBPPBBPP,BBPBPP,12,3
PBBPPB,PPBBBBPPBBPP,BPBPPP,12,3
BPPBBP,PPBBPPBBPPBB,PBPBPP,12,3
BPPBPP,PPBBBBPPPPBB,PPPPBB,12,3
BPPBPP,PPBBBBPPPPBB,PPPPBB,12,3
PBBBBB,BBPPBBPPPPBB,PPPPBP,12,3
PPBBBP,PPBBBBPPBBPP,PBPBPP,12,3
BBBPBB,BBPPBBPPBBPPBBPPBBPP,PPPPBP,20,5
BBPPBP,PPBBBBPPPPBB,PPPPBP,12,3
BPPPBP,BBPPBBPPPPBB,BPBBPB,12,3
BPBPPP,PPBBBBPPPPBB,PPPBBB,12,3
BPBPPP,PPBBBBPPPPBB,PPPBBB,12,3
PPBBPB,BBPPBBPPBBPP,PBBBPP,12,3
BPBPBP,BBPPBBPPPPBB,BBBBPP,12,3
PBPPBP,PPBBBBPPPPBB,BPPBBP,12,3
BBPPBP,BBPPPPBBPPBB,PPPPBB,12,3
PBBBBB,BBPPBBPPBBPP,BBPBBP,12,3
PBBPBP,PPBBPPBBPPBBBBPP,BBPBBP,16,4
BPPBPP,PPBBPPBBBBPP,PBBBBP,12,3
BBPPPB,PPBBBBPPBBPPPPBB,BPPBPP,16,4
BBPPPB,PPBBBBPPBBPPPPBB,BPPBPP,16,4
BBPPBP,BBPPBBPPPPBBBBPP,BBBBPP,16,4
BPPBBB,PPBBBBPPPPBB,PPPPPP,12,3
PBBPPP,BBPPPPBBBBPP,BPBBBB,12,3
BBPPPB,PPBBPPBBPPBB,BPPBBB,12,3
BPPBBP,BBPPBBPPBBPP,BPBPBP,12,3
BBPBPB,BBPPPPBBBBPP,PPPPPP,12,3
BPBPBP,BBPPPPBBPPBB,BBBBPB,12,3
BBPBPP,PPBBPPBBBBPP,PBBPPP,12,3
PPBPBP,BBPPPPBBPPBB,PPPBPP,12,3
PPBPBP,BBPPPPBBPPBB,PPPBPP,12,3
PPBPBB,BBPPBBPPPPBB,BBPBBB,12,3
BPBPPP,PPBBPPBBBBPP,BPPBBB,12,3
PPPPPP,PPBBBBPPPPBBBBPP,BBPBBP,16,4
BPBBPB,BBPPPPBBBBPP,PBBBBP,12,3
PPBBBP,PPBBPPBBPPBB,BBPBBB,12,3
BPBPBB,BBPPBBPPPPBB,BBBBPP,12,3
PBBBPB,PPBBBBPPPPBB,PPPBBP,12,3
PPBPBP,PPBBBBPPBBPP,PBPPBB,12,3
PBPBPB,PPBBPPBBBBPP,PPPPBP,12,3
PPBBPB,BBPPBBPPBBPP,BPPPPB,12,3
BBPPBP,BBPPBBPPPPBB,BPPBBB,12,3
PPBPBP,BBPPPPBBPPBB,PPBPBP,12,3
PPBPBP,BBPPPPBBBBPPPPBB,BPPPBP,16,4
BPBPBB,BBPPPPBBPPBB,BPBPBP,12,3
PBBBBP,BBPPBBPPPPBB,PPPBPP,12,3
PPBPBP,BBPPBBPPPPBB,PPPPBP,12,3
PBPPBP,BBPPBBPPPPBB,BPPBBP,12,3
PBBBPB,BBPPBBPPPPBB,PBBBPP,12,3
BPPPBP,PPBBPPBBBBPP,PPPBPP,12,3
PPBPPB,PPBBBBPPBBPP,BPPPBP,12,3
BPPPBP,PPBBPPBBBBPP,PBPBPB,12,3
BPPBBB,BBPPBBPPPPBB,PPPBPB,12,3
BPPBBB,BBPPBBPPPPBB,PPPBPB,12,3
BBBBPB,BBPPBBPPBBPP,BBPBBB,12,3
PBBBPB,BBPPPPBBBBPPPPBB,BPBPPB,16,4
BPBPBB,BBPPBBPPBBPP,PBPBPP,12,3
PPBBBP,PPBBPPBBBBPP,PBBBPB,12,3
BBBBBP,BBPPBBPPPPBB,PBBBBB,12,3
PPBPBP,BBPPBBPPBBPP,PPBPPB,12,3
PBPBBB,BBPPBBPPBBPP,BPBBPP,12,3
PPPPBP,BBPPBBPPBBPP,BPBBPB,12,3
PPPPBP,BBPPBBPPBBPPPPBB,BPBBPP,16,4
PPPBBP,PPBBBBPPBBPPBBPP,BBBBPP,16,4
BPPPPB,PPBBBBPPPPBB,PPBPPB,12,3
BBPBBB,BBPPBBPPBBPP,PBBBBP,12,3
PBPBBP,BBPPPPBBPPBB,BPPPBB,12,3
PBBBBP,BBPPPPBBPPBB,BPPBPB,12,3
PPBBPB,BBPPPPBBPPBB,PBBBPB,12,3
BBPBBB,BBPPBBPPBBPP,BPPPBB,12,3
BPPBBB,PPBBPPBBPPBB,PPBPPB,12,3
BBPBBB,BBPPPPBBBBPPBBPP,BBBPBB,16,4
PPPBBP,PPBBBBPPPPBB,PBBBBP,12,3
PBPBPP,PPBBBBPPPPBB,BPPPBB,12,3
PPPPBP,BBPPPPBBBBPP,PBPBBB,12,3
BBBBPB,BBPPBBPPPPBB,BPBPPB,12,3
BBPPBP,BBPPBBPPBBPP,BBBBPB,12,3
BBPPBP,BBPPBBPPBBPP,BBBBPB,12,3
BBPPBP,BBPPBBPPBBPP,BBBBPB,12,3
PPPBPP,PPBBBBPPBBPPPPBB,PBBPBP,16,4
PPBPBP,PPBBBBPPPPBB,BPPBBB,12,3
BBPBBP,BBPPPPBBPPBBBBPP,BPBBPP,16,4
BPPBPB,BBPPBBPPBBPP,PPPPPB,12,3
BPBBBB,BBPPBBPPPPBB,BPBBBP,12,3
BPPBBP,PPBBPPBBPPBB,BPBPBP,12,3
PBPBPB,BBPPBBPPBBPP,PPPPPB,12,3
PBPBBP,BBPPBBPPPPBB,PBPBBB,12,3
PBBPPB,PPBBBBPPPPBB,PBPPBP,12,3
PBPBPB,BBPPPPBBPPBBBBPP,PBBPPB,16,4
PPBBPB,BBPPBBPPBBPP,BPPPPB,12,3
BBPBPB,PPBBPPBBBBPP,PBPBPP,12,3
BPBPPP,PPBBPPBBBBPPPPBB,PBBBPB,16,4
PPPBBP,PPBBBBPPPPBBBBPP,PPBPBB,16,4
BBBPPP,BBPPPPBBPPBB,BPBBBB,12,3
PPPPBP,PPBBBBPPPPBB,PBBPBP,12,3
BBPPPP,PPBBPPBBPPBB,BPPPBB,12,3
PBBPPB,PPBBBBPPBBPP,BBPBBP,12,3
PBPBPB,BBPPPPBBBBPP,BPBPPB,12,3
BBBBPB,BBPPBBPPPPBB,PBPBPP,12,3
BBBPPP,BBPPBBPPPPBB,PBPBBP,12,3
BPPBBB,PPBBBBPPBBPP,PBBPBB,12,3
PPBBPB,PPBBBBPPPPBB,PBPPBP,12,3
BPPBBB,BBPPBBPPPPBB,BPPBPB,12,3
BPPBBB,BBPPBBPPPPBB,BPPBPB,12,3
BBBBPB,BBPPPPBBPPBB,PBPBBP,12,3
BBBPPP,PPBBBBPPBBPP,PBBBPB,12,3
PBBPBP,PPBBBBPPBBPPPPBB,BPPPBB,16,4
BPPPBP,PPBBBBPPBBPP,PPBPBP,12,3
BPPPBP,PPBBBBPPBBPP,PPBPBP,12,3
PPPBBB,PPBBBBPPBBPPPPBB,BPBBPB,16,4
BPBPBB,BBPPBBPPBBPPPPBB,BBBPPB,16,4
PBBBBB,BBPPBBPPPPBB,BPBBPB,12,3
PBPPPP,PPBBBBPPPPBB,BBBPBB,12,3
PBPPPP,PPBBBBPPPPBB,BBBPBB,12,3
PPPBPB,PPBBPPBBBBPP,BPBPBP,12,3
PPPBPB,BBPPBBPPBBPP,BBBPPP,12,3
PPPPPP,PPBBBBPPBBPP,PBBBBP,12,3
BPBPBP,PPBBPPBBBBPPBBPP,BPBBBB,16,4
PBBBBB,BBPPPPBBBBPP,PBPPPP,12,3
PBBBBB,BBPPPPBBBBPP,PBPPPP,12,3
PBPPPP,PPBBPPBBBBPP,PBBBPB,12,3
PBBBBP,BBPPPPBBPPBB,PBBBBP,12,3
BPBBPB,PPBBBBPPBBPPPPBB,BBBBBP,16,4
PBBBPP,PPBBPPBBPPBB,PPPPBB,12,3
PBPPPP,PPBBBBPPPPBB,PBBPBP,12,3
PPBBPP,PPBBPPBBPPBB,PBPPBP,12,3
BBBBPB,PPBBPPBBPPBB,BPPPBP,12,3
PPBPPB,PPBBBBPPPPBB,PBBPBP,12,3
PPPPBP,PPBBPPBBPPBB,PPPBBP,12,3
PPBPBP,BBPPBBPPBBPP,PBBPPB,12,3
BPBPPB,PPBBBBPPPPBB,PBBBBP,12,3
BBPBBP,BBPPBBPPPPBB,PBPPPP,12,3
PBBPBP,BBPPPPBBPPBB,BBBPBB,12,3
BBBPBP,PPBBPPBBPPBB,BBPBPP,12,3
PBBPPP,PPBBBBPPBBPP,PPBPBB,12,3
BBPPBP,BBPPPPBBPPBB,BPPBBB,12,3
PBBPPB,BBPPPPBBPPBB,BPPPBB,12,3
PPBPBB,BBPPBBPPBBPP,BPPPBP,12,3
BBPBPB,BBPPBBPPBBPP,BPPPBP,12,3
PPPBBP,BBPPBBPPPPBB,BPBPPP,12,3
PBBBBB,BBPPPPBBPPBB,BPBPPP,12,3
BBPBPP,PPBBPPBBBBPP,BPBPPP,12,3
PPBBBP,BBPPPPBBBBPP,BBPBPB,12,3
BBBBBB,BBPPPPBBBBPP,PPPBPP,12,3
PBBPPB,PPBBPPBBBBPP,PBBBPP,12,3
BPPPBP,BBPPPPBBBBPP,PBPPBP,12,3
BBBBPB,PPBBBBPPPPBB,BPBBBB,12,3
PPPBPB,PPBBPPBBBBPPPPBB,BPPBBP,16,4
PPBPBP,BBPPPPBBPPBB,BBBPPB,12,3
PPPPPB,PPBBPPBBPPBB,BBBPBP,12,3
PPPBPB,PPBBBBPPBBPP,BBBBPB,12,3
BBBPPB,PPBBBBPPPPBB,BBPBBP,12,3
BBBBPB,BBPPPPBBPPBB,PPPBPP,12,3
BBPBBB,BBPPBBPPBBPP,BPPBBB,12,3
PPBBBP,PPBBPPBBBBPP,BBBPPP,12,3
BPBBPB,PPBBPPBBBBPP,PPPPPB,12,3
PPPPBP,BBPPBBPPPPBB,PBPPBP,12,3
BBPPBP,PPBBPPBBBBPPPPBB,BPBBBB,16,4
BBPPBB,BBPPPPBBPPBB,PBPBPB,12,3
PBBPBP,PPBBBBPPBBPP,PPPBBB,12,3
PPPPPP,PPBBBBPPBBPP,PPBPPB,12,3
BPBBPB,BBPPBBPPPPBB,PPPBBB,12,3
BBPBPB,BBPPPPBBPPBB,BPPBBP,12,3
PBBPBB,BBPPPPBBBBPP,BPBBPB,12,3
PBBBBB,BBPPPPBBBBPP,PBBPBP,12,3
BBBBPB,BBPPPPBBPPBB,PBPBBB,12,3
BBPBBB,BBPPPPBBPPBB,BPPPPB,12,3
PPPBBB,PPBBPPBBPPBB,PBBPPB,12,3
PPBPBP,PPBBPPBBPPBBPPBB,BPBBPB,16,4
PPBPPB,PPBBBBPPBBPP,BPPPPB,12,3
BPBPBP,BBPPBBPPBBPP,PBBBPB,12,3
PPPPBP,BBPPPPBBBBPP,PPPPPB,12,3
BBPPBP,PPBBPPBBPPBB,BBBPBB,12,3
PBBBBP,BBPPBBPPBBPP,PBBPPB,12,3
BPBPBP,BBPPBBPPPPBB,BPBPBB,12,3
BPBBPB,BBPPPPBBPPBB,BBBBBB,12,3
BBPPPB,BBPPBBPPBBPP,PBPPPB,12,3
PBBBBB,BBPPPPBBBBPP,PPPBBP,12,3
BPPPBB,BBPPPPBBBBPP,PBBPBB,12,3
BPBBPB,PPBBPPBBPPBB,BBBBPP,12,3
BPBBPB,PPBBPPBBPPBB,BBBBPP,12,3
BPPBPB,PPBBBBPPPPBBPPBB,PBBBBB,16,4
PPBBBP,PPBBBBPPBBPP,PPBPBP,12,3
PPBBPB,PPBBPPBBBBPP,BPBBPP,12,3
PPPBPB,PPBBBBPPBBPPPPBB,PBBBBB,16,4
BPBBPB,PPBBPPBBPPBB,PBBPPB,12,3
PPPBPB,PPBBPPBBBBPP,PBBPBP,12,3
BBBPBP,BBPPBBPPBBPP,BBBBPP,12,3
BPBBBB,BBPPPPBBPPBB,PPPBPP,12,3
PPPBBP,PPBBPPBBPPBB,BBPBBP,12,3
PBBBBP,BBPPPPBBBBPP,PBBPPB,12,3
PPPPBP,PPBBBBPPPPBB,BPBPPP,12,3
PPBBPP,PPBBPPBBPPBB,PBBBBP,12,3
PPBPBP,BBPPBBPPPPBB,BPPPPB,12,3
PBPBBB,BBPPBBPPBBPP,PPPBBB,12,3
PPPBBP,PPBBBBPPPPBB,PPPPBB,12,3
BPBBBP,BBPPPPBBBBPP,PPBPPP,12,3
BBBPPP,BBPPPPBBBBPPPPBB,PPBPPB,16,4
BPPPBP,PPBBPPBBBBPP,PPPBPP,12,3
PBBPBP,PPBBPPBBBBPP,BPBPPB,12,3
PBPBBP,BBPPPPBBBBPPBBPP,BPPPBP,16,4
PBPBBB,BBPPPPBBBBPP,PBPPPB,12,3
PPBBPB,PPBBBBPPPPBB,PBPBPB,12,3
BBBPPB,BBPPBBPPPPBB,BBPBBB,12,3
PPBBPB,BBPPPPBBPPBB,BBBBBB,12,3
BBBPPB,PPBBPPBBPPBBBBPP,BPBPPP,16,4
BPPBPB,PPBBPPBBPPBB,PPBPPP,12,3
BBBPPP,PPBBPPBBPPBB,PBBBPP,12,3
BBPBPB,PPBBPPBBPPBBBBPP,PBPPPB,16,4
PBPPPB,PPBBBBPPPPBB,PPPPPB,12,3
PBBBPB,BBPPPPBBPPBB,BBBBPB,12,3
BPBBPB,BBPPPPBBPPBB,BBBBPB,12,3
BPPBBB,BBPPBBPPPPBB,PPPBBB,12,3
PBPPBP,BBPPBBPPBBPP,BPBPBB,12,3
BPBBPB,BBPPPPBBBBPP,PPPPPB,12,3
PPPBPB,BBPPPPBBPPBB,PPPBBB,12,3
PPPBBB,BBPPBBPPPPBB,BPPPPB,12,3
BPBPPP,PPBBBBPPPPBB,BPPBPP,12,3
PBBPPP,PPBBBBPPPPBB,PBPBPP,12,3
BPPPBP,PPBBPPBBBBPP,PPBPPB,12,3
PBBBBB,BBPPPPBBPPBB,BPBPBB,12,3
PPBPBP,BBPPBBPPBBPPBBPP,PPPPPB,16,4
BPBBBB,BBPPPPBBPPBB,BPBPBB,12,3
BPPBPB,PPBBPPBBBBPP,PBPPBP,12,3
BBBBBP,BBPPPPBBBBPP,PBBPPP,12,3
PBPPPB,PPBBBBPPBBPP,BPBBBB,12,3
PPPBPB,BBPPBBPPBBPPBBPP,BPBPBB,16,4
PBBBPP,PPBBBBPPPPBB,PBPPBP,12,3
PBPBPB,PPBBBBPPBBPP,PPBPPP,12,3
BPBPPP,PPBBPPBBBBPP,PBBPBP,12,3
PBPBPP,PPBBPPBBPPBB,PPBPBB,12,3
PBPPBP,BBPPPPBBBBPP,PPPPPP,12,3
PBPBBB,BBPPBBPPBBPP,PPBPBP,12,3
BBPBPB,BBPPBBPPPPBB,BPBPBP,12,3
BBPBPP,PPBBBBPPPPBB,BPPPBP,12,3
BBPPBP,PPBBBBPPPPBB,PPBPPP,12,3
BBBPBP,PPBBBBPPPPBB,PBBBPP,12,3
PPPBBB,PPBBBBPPPPBB,BPBPPP,12,3
BBBPBP,PPBBPPBBBBPP,BPBPBB,12,3
BPBBPB,BBPPPPBBPPBB,PBPPPB,12,3
BPBPBP,PPBBBBPPPPBB,BPBPBP,12,3
BPBBBB,BBPPBBPPPPBB,BBBPBB,12,3
BPBBPB,PPBBBBPPPPBB,BPBPBB,12,3
BBBBBB,BBPPPPBBBBPP,BPBBPB,12,3
BBBPPB,BBPPPPBBPPBB,PPPBBB,12,3
BBBPBB,BBPPPPBBPPBB,PBBBPB,12,3
PPBPPP,PPBBPPBBPPBB,PBBBBP,12,3
BPBPPP,PPBBPPBBPPBB,PPPPPB,12,3
BBBPBP,BBPPBBPPPPBB,BPPPPB,12,3
BBBPBP,BBPPBBPPPPBB,BPPPPB,12,3
PPPBPB,PPBBPPBBBBPP,PBBPBB,12,3
BPPBBB,BBPPPPBBPPBB,BBPBBB,12,3
PPBBPP,PPBBBBPPBBPP,BBPBPP,12,3
BBBBPB,PPBBBBPPBBPP,PPBPPB,12,3
BBBBPB,PPBBBBPPBBPP,PPBPPB,12,3
BPPBBB,BBPPPPBBBBPP,PBPBPB,12,3
BBBPPB,BBPPPPBBPPBB,BPPBBB,12,3
BPPPBP,BBPPPPBBBBPP,BPPPBP,12,3
BBPBPP,PPBBPPBBPPBB,PBPBBP,12,3
BBPPBP,BBPPPPBBPPBB,BPPBPP,12,3
PBBPBP,BBPPBBPPPPBB,PPPBBP,12,3
PBBPBP,BBPPBBPPPPBB,PPPBBP,12,3
PBPBPB,BBPPPPBBPPBBBBPP,BBBPPP,16,4
PBPPBP,PPBBPPBBBBPP,BBPBBB,12,3
PPPPBP,PPBBPPBBPPBB,BBPBBP,12,3
PBBBPB,BBPPBBPPPPBB,PBPBPP,12,3
PBBPPB,BBPPBBPPBBPP,PPPBPB,12,3
BPPBPB,PPBBPPBBPPBB,PPPPPB,12,3
BBPBPB,PPBBPPBBPPBB,PBBPPP,12,3
BPBPBP,PPBBPPBBBBPP,BPBBBP,12,3
PPBBBP,BBPPPPBBPPBB,BPBPPB,12,3
BBBPPP,PPBBBBPPBBPP,PBPPBP,12,3
BBBBPB,BBPPBBPPPPBB,BPBBPP,12,3
PPPBBB,BBPPPPBBBBPP,BPPPPP,12,3
BBBPPP,PPBBPPBBPPBB,BPPPBB,12,3
PPBBPB,BBPPBBPPPPBB,PPPPPP,12,3
BPPBPB,PPBBBBPPBBPP,BBBBBB,12,3
BPBPPB,PPBBBBPPPPBB,PBBBBB,12,3
PBPPBP,PPBBPPBBPPBBPPBB,BBPBBB,16,4
PPPBBP,PPBBPPBBPPBB,PBBBBP,12,3
BBBPBP,BBPPBBPPPPBB,BPPBPB,12,3
BPBPPB,PPBBBBPPPPBB,PBBPPP,12,3
PPBPBP,BBPPPPBBPPBB,PBPBPB,12,3
PPBPBP,BBPPPPBBPPBB,PBPBPB,12,3
PBBPBB,BBPPPPBBBBPP,BBBPPP,12,3
PBBPBB,BBPPBBPPBBPP,PBBPBB,12,3
PPBBPB,BBPPBBPPPPBB,BPBBBP,12,3
BBBBBP,BBPPBBPPPPBB,BPBBPB,12,3
BBBBBP,BBPPBBPPPPBB,BPBBPB,12,3
BBBBBP,BBPPBBPPPPBB,BPBBPB,12,3
PBBPBB,BBPPBBPPBBPP,PBPPBB,12,3
BBBPPP,PPBBBBPPPPBB,PPPPBB,12,3
BBBPBP,BBPPBBPPBBPP,BBBPPB,12,3
BBPPPB,BBPPPPBBPPBB,BBPBPB,12,3
BBPPBP,PPBBBBPPPPBB,BBPBBP,12,3
BBPBBB,BBPPPPBBPPBB,BPPBBB,12,3
BPBPBP,PPBBBBPPBBPPPPBB,BBPBBP,16,4
PBPPPP,PPBBBBPPPPBB,BBPBBP,12,3
BBPBPB,BBPPPPBBBBPP,PBBPPB,12,3
BPBPPP,PPBBPPBBBBPP,BBBPBP,12,3
PBBPBB,BBPPBBPPBBPP,PBBBPB,12,3
PBPPPB,PPBBPPBBBBPP,PPBPBP,12,3
PPPBBB,BBPPBBPPPPBB,BPBBBB,12,3
PPBBBP,PPBBBBPPPPBB,PBPPBB,12,3
BBBPBB,BBPPPPBBPPBB,BBBBPP,12,3
BBBBBB,BBPPPPBBBBPP,PBPPBP,12,3
PPPBBP,PPBBPPBBBBPP,PPPBPB,12,3
BPPBBB,PPBBBBPPPPBB,BBBPPP,12,3
PPBPBB,BBPPBBPPPPBB,PBPBBB,12,3
BBPPBP,PPBBPPBBPPBB,BBBBPB,12,3
BBPPPB,BBPPPPBBBBPP,BPPPBB,12,3
BPPPBP,BBPPBBPPPPBB,PPPBBB,12,3
BBPBPB,BBPPBBPPBBPP,BBBPBP,12,3
BPPPPB,PPBBBBPPPPBB,PBPBPP,12,3
BBPPBP,PPBBBBPPBBPP,BPBPPB,12,3
BPBPBP,PPBBBBPPBBPPBBPPBBPP,BPBPBB,20,5
BBBPPB,BBPPPPBBBBPPBBPP,PBBBBB,16,4
BBBBBB,BBPPPPBBPPBB,BPPPBB,12,3
PBPBPP,PPBBPPBBBBPP,BPPBPP,12,3
PBPPBP,BBPPBBPPPPBB,PBPPPB,12,3
PBPPBP,BBPPBBPPPPBB,PPPBBP,12,3
PPBPBB,BBPPPPBBBBPP,BPPPBP,12,3
BPBPPP,PPBBBBPPBBPP,PBPPBP,12,3
PBPPBP,PPBBPPBBPPBB,BBBPPP,12,3
BPBBBP,BBPPPPBBPPBB,PPPPBP,12,3
BPPBBP,BBPPBBPPPPBB,BBBBBB,12,3
PBBPPB,PPBBBBPPPPBB,BBBBPB,12,3
BPBPBB,BBPPBBPPBBPP,BPPPPP,12,3
BPPBPB,BBPPPPBBBBPP,PBBPPP,12,3
BBPBPP,PPBBBBPPBBPP,PPBPPB,12,3
PBPBPB,BBPPPPBBPPBBPPBBPPBB,PPPPBB,20,5
PPPPPB,PPBBBBPPBBPP,BBPBPP,12,3
PPPBBB,BBPPBBPPBBPPBBPPBBPPPPBB,PPPPBB,24,6
PPBBPP,PPBBPPBBPPBB,BBBBPP,12,3
PPBBBB,BBPPBBPPBBPP,BBBBBB,12,3
PPBBPP,PPBBPPBBBBPP,PPPPBB,12,3
PPPPPP,PPBBBBPPBBPP,BBBBBP,12,3
BBBPPB,BBPPBBPPBBPP,BPPPBB,12,3
BBPPBP,PPBBBBPPBBPP,BPPPBB,12,3
PBBBBP,BBPPPPBBBBPPPPBB,BBBBPP,16,4
PPBPPB,PPBBPPBBPPBB,BPPPPP,12,3
BPPPBP,PPBBPPBBBBPP,PBBBPP,12,3
PPBBPP,PPBBBBPPPPBB,BPPBBB,12,3
BPPBBB,PPBBPPBBPPBB,BBBBBB,12,3
BPBPPP,PPBBBBPPBBPP,BBPBPB,12,3
BBBPPP,PPBBBBPPPPBB,BPBBBP,12,3
BBPPBP,BBPPPPBBBBPP,PBBPPP,12,3
PPBPPP,PPBBBBPPPPBB,BPBBPP,12,3
PBPPBP,PPBBPPBBBBPPBBPP,PBPPBB,16,4
PBBPBP,PPBBBBPPBBPP,BBBBPB,12,3
PPBPBP,BBPPBBPPBBPP,BBBBBB,12,3
BPBBBB,BBPPPPBBBBPP,PBPPPB,12,3
PPBBBP,BBPPBBPPBBPP,PBPPBP,12,3
PPBPPP,PPBBPPBBBBPP,BPPBBP,12,3
BBPBBB,BBPPBBPPPPBB,BPPPPP,12,3
BPBBBB,BBPPPPBBBBPP,PPPPPP,12,3
BBPPBB,BBPPPPBBPPBB,BPPPBB,12,3
BPBPPP,PPBBBBPPPPBB,BBBBPB,12,3
PBPBBP,BBPPPPBBPPBB,BPBBPB,12,3
BPPBPP,PPBBPPBBBBPPPPBB,PBPPBB,16,4
BBPBBB,BBPPBBPPPPBB,BBBBPP,12,3
BBBPPP,PPBBBBPPBBPP,PPPPPB,12,3
PBPBPB,BBPPBBPPBBPP,BBBPBP,12,3
BBBBBB,BBPPBBPPPPBB,PPBPPP,12,3
PPBBPB,PPBBBBPPPPBB,BBPBBP,12,3
PPBPPP,PPBBPPBBPPBB,PPPPBP,12,3
BBPBPP,PPBBBBPPPPBB,PBBBPB,12,3
BPBPBP,PPBBPPBBPPBBPPBB,PPPBBP,16,4
PPBBPB,BBPPBBPPBBPP,BBPBBB,12,3
BPPBPP,PPBBBBPPPPBB,BPBBPP,12,3
BBBBBP,BBPPPPBBBBPP,PPBPBB,12,3
BBPPPB,PPBBPPBBPPBB,PBPBPB,12,3
BBPPBP,BBPPBBPPPPBB,PBBPBB,12,3
BPBPBB,BBPPBBPPBBPP,BPPPPB,12,3
BBPPPP,PPBBBBPPBBPP,BBPBPB,12,3
BBBPBP,PPBBPPBBPPBB,PPPBPP,12,3
BBBPPP,PPBBBBPPBBPP,PPPBPP,12,3
PBPBPB,BBPPPPBBBBPP,PBPPBP,12,3
PBPBPP,PPBBBBPPBBPP,BBPBBB,12,3
BPPBPP,PPBBBBPPPPBB,BPPPBB,12,3
PPPBPB,BBPPBBPPBBPPBBPP,PPPPBB,16,4
BBPPPP,PPBBPPBBPPBBPPBB,BBBPPB,16,4
BPPBBB,BBPPBBPPPPBB,BPBPPB,12,3
PBBBBB,BBPPBBPPPPBB,BPPBPP,12,3
BPPBBB,BBPPBBPPPPBBBBPP,PPPPBP,16,4
PBBBBP,BBPPPPBBBBPP,BBBPBB,12,3
PBBPPP,BBPPBBPPPPBB,BPPPPP,12,3
PBPBBB,BBPPBBPPBBPP,PBPBBB,12,3
BBPBBB,BBPPBBPPBBPP,BPBPBP,12,3
PPBPPP,PPBBBBPPPPBBPPBB,PPPPBB,16,4
BPPPPB,PPBBPPBBPPBB,BPPPPP,12,3
BBPBBB,BBPPPPBBPPBB,PPPPBP,12,3
BPBPBB,BBPPPPBBBBPPPPBB,PPPBBB,16,4
PPPBBB,BBPPBBPPPPBB,PBBPPB,12,3
PBBBPB,BBPPBBPPPPBB,PPPPBB,12,3
PBBPBB,BBPPPPBBPPBB,PBPBBB,12,3
PBBBBB,BBPPBBPPPPBB,PPPPPP,12,3
BPPBBP,BBPPBBPPBBPP,PBPPBP,12,3
PBBPBB,BBPPPPBBPPBB,BPBBBP,12,3
PPBPBB,BBPPPPBBPPBB,PBBPBB,12,3
BPPBPP,PPBBPPBBPPBB,PPPPPP,12,3
BBBBPB,PPBBPPBBBBPP,BBPBBB,12,3
PBBBPB,PPBBBBPPBBPP,BBBBPP,12,3
BBBBBP,BBPPBBPPBBPP,BBBPPP,12,3
PBBPBP,BBPPPPBBPPBB,PBPPPP,12,3
BPPPPB,PPBBBBPPBBPP,PBPBBB,12,3
BPPBPP,PPBBPPBBBBPP,PBPBPB,12,3
PPPPPP,PPBBPPBBBBPP,BPBPBP,12,3
PPBBPB,BBPPPPBBPPBB,PPPPPP,12,3
PBBBBP,BBPPPPBBBBPP,BPPPBB,12,3
PPPPPP,PPBBBBPPPPBB,BPBBBP,12,3
PPPPPP,PPBBPPBBPPBB,BPPPPP,12,3
PPPBBB,PPBBPPBBPPBB,PBBBBP,12,3
PPPBBB,PPBBPPBBPPBB,PBBBBP,12,3
PPPBBB,BBPPPPBBPPBB,BPPPBB,12,3
BPPPPB,PPBBPPBBPPBB,BBPBBB,12,3
BBPPBB,BBPPPPBBPPBB,BPPPPP,12,3
BBPPBB,BBPPPPBBPPBB,BPPPPP,12,3
BBBPBB,BBPPPPBBBBPP,BPPPPB,12,3
PPPBPP,PPBBBBPPPPBB,BBBPBB,12,3
BPBPBP,BBPPPPBBBBPPBBPPBBPP,BPPBPP,20,5
PBBPPP,PPBBPPBBPPBB,PBBPPP,12,3
PPPPBP,BBPPPPBBBBPP,PPPPPB,12,3
BPPBBP,PPBBBBPPBBPP,BPPPBP,12,3
BBBBBP,BBPPPPBBPPBB,BBBBBP,12,3
BBBBBP,BBPPPPBBPPBB,BBBBBP,12,3
BBBBBP,BBPPPPBBPPBB,BBBBBP,12,3
PPPPPB,PPBBPPBBPPBB,PBPPBB,12,3
PPPPBP,BBPPPPBBPPBB,PPPPBB,12,3
PPPPPP,PPBBBBPPBBPP,BBBBBB,12,3
BBPPPB,BBPPPPBBPPBBPPBB,PBPPBB,16,4
BPBBBB,BBPPBBPPBBPP,BPPBBB,12,3
BBBBBB,BBPPBBPPPPBB,BBBBBP,12,3
PPPPPP,PPBBBBPPBBPP,PPPPPP,12,3
PBPBPP,PPBBBBPPBBPP,BBBBBB,12,3
PPBBBB,BBPPBBPPBBPP,PPPPPP,12,3
PPBBPP,PPBBPPBBPPBB,PPPPBB,12,3
BBBPBB,BBPPBBPPPPBB,PPPPBB,12,3
PPBBBP,PPBBPPBBBBPP,BBBBBB,12,3
PBBBPP,PPBBBBPPBBPP,PPBPBB,12,3
PBPBPP,PPBBBBPPBBPP,BBBPPB,12,3
BBPPPB,BBPPBBPPPPBB,BBBPPP,12,3
BBPPPB,BBPPBBPPPPBB,BBBPPP,12,3
BBPPBB,BBPPPPBBBBPP,PPPPBP,12,3
BPBPBP,PPBBBBPPBBPP,PPPPPP,12,3
PPPPPB,PPBBPPBBPPBB,PPBPPP,12,3
PPPBBB,PPBBPPBBBBPP,PPBPBP,12,3
BBPPPB,BBPPPPBBPPBB,BBPBBP,12,3
PPPBPP,PPBBBBPPBBPP,PBBBBB,12,3
BPPBBB,PPBBPPBBBBPP,PBPPPB,12,3
BBBBBB,BBPPBBPPPPBBBBPP,BBPBPP,16,4
BPPBBP,PPBBBBPPBBPP,PBPPPB,12,3
BPPPBP,PPBBBBPPPPBB,BBBBPB,12,3
BBBPBP,BBPPPPBBPPBB,PPPPBB,12,3
PPBPPP,PPBBPPBBPPBB,BBPBBB,12,3
BBBBPB,PPBBPPBBPPBB,PPPPBP,12,3
PBBPBP,BBPPBBPPPPBB,BPPPPB,12,3
PPBBPB,PPBBBBPPPPBB,BPBPBB,12,3
PPPBPP,PPBBBBPPPPBB,PBBPPB,12,3
PPBBBB,BBPPBBPPPPBB,BBBBPP,12,3
PPBBBB,BBPPBBPPPPBB,BPPPBB,12,3
BBBPBP,PPBBPPBBPPBBPPBB,PBBPPP,16,4
PBPBPB,BBPPBBPPPPBB,BPBPBB,12,3
PBPPPP,PPBBBBPPBBPP,PBBBPP,12,3
PPBBBB,BBPPPPBBPPBB,BBBPBB,12,3
BBBPBB,BBPPBBPPPPBB,PPBPBP,12,3
BPBPPP,PPBBPPBBPPBB,PBPBBP,12,3
BPBBBP,BBPPPPBBBBPPPPBB,BPBBBP,16,4
BBPPPP,PPBBBBPPBBPP,PBBPBB,12,3
BBPBPB,PPBBBBPPBBPP,BBBBPP,12,3
BPBBPB,BBPPBBPPPPBB,BBBBBP,12,3
BBBBBB,BBPPPPBBBBPPPPBB,BPPBPP,16,4
PPPBBP,BBPPPPBBPPBB,BPPBPP,12,3
BBBPPP,BBPPBBPPBBPP,PBBBPP,12,3
PPBPBP,PPBBBBPPPPBBPPBB,PBBBBB,16,4
PPPBBP,BBPPPPBBBBPP,PBBPBP,12,3
BPPPPP,PPBBPPBBBBPP,PBBBBP,12,3
BBBBBB,BBPPPPBBBBPP,BBBPPB,12,3
PPBBBB,BBPPPPBBPPBB,BBBBPB,12,3
PBBBPP,PPBBBBPPPPBB,BBBBBP,12,3
PBBPPP,BBPPPPBBPPBB,BBBBBP,12,3
BPPPBP,PPBBBBPPPPBB,BPBBPB,12,3
PBPBPP,PPBBPPBBPPBB,BPBPPP,12,3
PPBPBP,BBPPBBPPPPBB,PBBPPP,12,3
PPPBPB,BBPPPPBBPPBB,PPPPPB,12,3
BBBPPP,PPBBBBPPPPBB,BBBBBP,12,3
BPBPBP,BBPPBBPPBBPP,PPBPPP,12,3
BPBPBB,BBPPPPBBPPBBPPBB,BPBPPP,16,4
BPPBPP,PPBBBBPPPPBB,BPPPBB,12,3
PPBPBB,BBPPPPBBBBPPBBPP,BPPPPP,16,4
PPBBBP,BBPPPPBBPPBB,PBBPBB,12,3
BBPBPB,BBPPPPBBPPBB,PBPPBP,12,3
BBPPBP,PPBBBBPPBBPP,PBPBBP,12,3
BBPBBP,BBPPBBPPBBPP,BPPBPP,12,3
PBPPBP,PPBBBBPPPPBB,BBPBPP,12,3
BBPBPP,PPBBBBPPPPBB,BPPPBP,12,3
PPBBPB,PPBBBBPPPPBBBBPP,PPBPPP,16,4
BPBPBB,BBPPBBPPBBPP,BPPBBP,12,3
PPBBBP,BBPPPPBBBBPP,PBPPPB,12,3
BPBBBB,BBPPPPBBPPBBBBPPPPBB,BBPBPP,20,5
BBBPBB,BBPPPPBBPPBBBBPP,PPPPPP,16,4
BBBBBB,BBPPPPBBPPBB,PPPPPP,12,3
PBBBBB,BBPPPPBBBBPP,PPPBBP,12,3
BBPPPP,PPBBBBPPBBPP,PPPPPP,12,3
PPBPPB,PPBBPPBBPPBB,PBBBBP,12,3
BPPBPP,PPBBPPBBBBPP,PPBPBB,12,3
BPBBBP,BBPPBBPPBBPP,PBPPPP,12,3
PPBPBP,PPBBPPBBBBPP,BBPBBB,12,3
PPPBBP,PPBBPPBBPPBBBBPPPPBB,PBPBBP,20,5
PPPBBP,PPBBPPBBPPBBBBPPPPBB,PBPBBP,20,5
PPBPBP,PPBBBBPPPPBB,PPPPBB,12,3
BBBPPP,BBPPPPBBPPBBPPBB,PPPPPP,16,4
BPPPPP,PPBBPPBBBBPP,PBPPPP,12,3
PPBBBB,BBPPBBPPPPBB,BPPBBP,12,3
PBBBPB,BBPPPPBBBBPP,BBPBBP,12,3
BPBBPB,PPBBPPBBBBPPPPBB,BPBPPB,16,4
PBBPPB,BBPPPPBBBBPP,PPPPPP,12,3
BBBPPP,PPBBPPBBPPBB,PPPBBP,12,3
BPBBBB,BBPPBBPPPPBB,PBBPPB,12,3
BPBBBB,BBPPBBPPPPBB,PBBPPB,12,3
PBPPBP,BBPPPPBBBBPP,BPPPPP,12,3
PPPPPP,PPBBBBPPBBPP,BBBPPP,12,3
BPPBPB,PPBBBBPPPPBB,BPPPBB,12,3
PPPPBP,PPBBPPBBPPBB,BPPBPB,12,3
PBBBPB,PPBBPPBBPPBB,BBBBBP,12,3
PPBPPP,PPBBBBPPPPBB,BBBBBB,12,3
PPBBBP,PPBBPPBBBBPP,BPBPBB,12,3
PPPPPB,PPBBBBPPPPBB,BBBBPP,12,3
PPPBBP,PPBBBBPPPPBBBBPP,BBBPPP,16,4
PBBPBP,BBPPBBPPBBPP,BBPBPB,12,3
BBBPPP,BBPPBBPPPPBB,PBPPPP,12,3
PPPPPP,PPBBPPBBPPBB,PPPBPP,12,3
BPBBPB,PPBBPPBBBBPP,BPPPBP,12,3
BBBPPP,PPBBPPBBBBPPBBPPBBPP,PPPPBP,20,5
BPPBBB,BBPPBBPPBBPP,BPBBPP,12,3
BBBPPB,PPBBBBPPBBPP,PBBBBP,12,3
PPBBBP,PPBBPPBBBBPP,BBBBBB,12,3
PPBPPP,PPBBBBPPBBPP,PPPPPB,12,3
BPPPPB,PPBBPPBBBBPPPPBB,PBBBBB,16,4
BPPBBB,BBPPBBPPPPBB,BBPBBB,12,3
BPBBBP,BBPPPPBBBBPP,BPBPPB,12,3
BBBPBP,PPBBBBPPPPBB,PBPBPB,12,3
PPPPPB,PPBBPPBBPPBB,BBBPPB,12,3
PPPBBB,PPBBBBPPPPBB,PPPBBB,12,3
PBPBBP,BBPPBBPPBBPP,BBBBBB,12,3
PPBBPB,PPBBBBPPBBPP,PBPPBP,12,3
BBBPBP,PPBBBBPPPPBB,PBBBBB,12,3
BBBPPP,BBPPBBPPBBPP,BBPBPP,12,3
PPPBPP,PPBBBBPPBBPP,BBBPBB,12,3
BPBBBB,BBPPPPBBPPBB,PBBBBB,12,3
BBBPPP,BBPPBBPPPPBB,BBBBBP,12,3
BPBBBB,BBPPPPBBPPBB,PPBPPP,12,3
PBBPBP,PPBBPPBBPPBB,PPPPPP,12,3
PBBBPB,PPBBPPBBBBPP,BBBBBB,12,3
PPPBPB,PPBBPPBBPPBB,BPPBPB,12,3
PBBPBB,BBPPBBPPPPBB,PPPPPP,12,3
BBBPBB,BBPPPPBBBBPP,PBBPBP,12,3
BBBBPB,BBPPPPBBPPBB,PBPPPB,12,3
BBPPPB,PPBBBBPPBBPP,BBBBBP,12,3
PBPPBP,PPBBPPBBBBPP,BPPPPP,12,3
PBPBBB,BBPPBBPPPPBB,BPPBBB,12,3
BBBPPB,BBPPPPBBPPBB,PBPPPP,12,3
PBBBBP,BBPPPPBBPPBB,PBBPPP,12,3
BBPPPB,PPBBBBPPPPBB,PPPBBP,12,3
BBBBBP,BBPPBBPPBBPP,BBPBBB,12,3
PPPBBB,BBPPBBPPPPBB,PBPPPP,12,3
BPBPPB,PPBBPPBBBBPP,BPBBPB,12,3
BPBBPB,BBPPPPBBPPBBPPBB,BBBBBB,16,4
BBBBBP,BBPPPPBBPPBBPPBB,PBPPBB,16,4
PBBBBB,BBPPPPBBPPBB,BPBBBP,12,3
PBBBPB,BBPPPPBBPPBB,PBBPBB,12,3
PPPBBB,BBPPBBPPBBPPPPBB,PBPBPP,16,4
BBBPBP,BBPPBBPPBBPP,BBPBBP,12,3
PBBPBB,BBPPPPBBPPBB,BBPBPB,12,3
PPPPPP,PPBBBBPPBBPP,PBPBBP,12,3
PPPBPB,PPBBBBPPBBPP,PPPPPP,12,3
BBPBBB,BBPPBBPPBBPP,BPBBBB,12,3
PPPBBP,BBPPPPBBBBPP,BBBBBB,12,3
PPBBPB,PPBBPPBBPPBB,BBBBPP,12,3
BBBPPP,BBPPBBPPPPBB,PPBPPB,12,3
BPPBBB,BBPPBBPPBBPPBBPP,BPPPBB,16,4
BPPBBB,BBPPBBPPBBPP,PBBBBP,12,3
BPPBBB,BBPPBBPPBBPP,PBBBBP,12,3
PBBBBP,BBPPBBPPBBPP,PPPBPB,12,3
PPPPPP,PPBBBBPPBBPPPPBB,BBBBBB,16,4
PPPPBP,BBPPPPBBPPBBBBPP,PPBPPB,16,4
BBPPBP,PPBBPPBBPPBB,PBBBBP,12,3
BPPBBP,BBPPPPBBBBPP,BBBBPP,12,3
PBPPPP,PPBBBBPPPPBB,BPBPPP,12,3
BPBPPP,PPBBBBPPPPBB,PPPPPB,12,3
BPPPBB,BBPPPPBBBBPP,PPPPPP,12,3
BBBBBP,BBPPPPBBBBPPPPBB,BBBBBB,16,4
PBPPPB,PPBBPPBBBBPP,PPPPPP,12,3
PPBBBB,BBPPPPBBBBPP,PBBPPB,12,3
BBPPBP,BBPPBBPPPPBB,BBBPPP,12,3
PPPPBP,PPBBBBPPBBPP,BPPBBB,12,3
BBBBBB,BBPPPPBBPPBB,PPPPPP,12,3
BPPPBP,PPBBPPBBPPBB,BPPPBP,12,3
BBBPBP,PPBBPPBBBBPP,BPPBPP,12,3
BBBPPP,PPBBBBPPPPBB,PBBPBP,12,3
BBPBBB,BBPPPPBBBBPP,PPPBPB,12,3
PPPBBP,BBPPPPBBBBPP,PBBPPB,12,3
PBPPBP,BBPPPPBBPPBB,BBBBPP,12,3
BBBBBB,BBPPBBPPPPBB,BBBPBB,12,3
PBPBBP,BBPPPPBBBBPP,PPPPPB,12,3
PPBPBP,PPBBBBPPBBPP,PPBPBP,12,3
PBPBBP,BBPPBBPPBBPP,BPBPPP,12,3
PPPPPP,PPBBPPBBPPBB,PPBPBB,12,3
BBPPBP,PPBBPPBBPPBB,PBPPBB,12,3
PBPPPB,PPBBBBPPPPBB,BBBPPP,12,3
PPBBBB,BBPPBBPPBBPP,PPPBBP,12,3
BBBPBP,PPBBPPBBBBPPBBPP,PBBBBP,16,4
BBBPPB,PPBBBBPPBBPP,BPBPBB,12,3
BBBPPP,BBPPPPBBPPBB,BPPPPP,12,3
PBBPPP,PPBBPPBBPPBB,BPPPBB,12,3
PBBPPB,PPBBBBPPBBPP,BBBBBB,12,3
PPBPPP,PPBBBBPPBBPP,PBBPBB,12,3
PPBBBB,BBPPPPBBBBPPPPBB,BPBPPP,16,4
PBPPPB,PPBBPPBBPPBB,BBBBBB,12,3
BPBBBP,BBPPPPBBBBPP,PPBPPB,12,3
BPBPPP,PPBBBBPPPPBB,PBPPPP,12,3
PBPBPP,PPBBBBPPPPBBPPBBPPBBBBPP,PBPBPP,24,6
BBBBBB,BBPPPPBBBBPP,BPBBPP,12,3
BBBPBB,BBPPBBPPBBPP,PBPBPB,12,3
BPPPPP,PPBBPPBBBBPP,BPBBBB,12,3
PPBPBP,BBPPBBPPBBPP,BPPPBB,12,3
BBPBPP,PPBBBBPPPPBB,BPBBPP,12,3
PBPBBP,BBPPPPBBPPBB,BBBBPP,12,3
BBBPBP,BBPPPPBBPPBB,PBBBPB,12,3
BBPBPB,BBPPBBPPBBPP,BPPPBB,12,3
PBBBPB,BBPPPPBBBBPP,PPBPPB,12,3
PPBBBP,BBPPPPBBBBPP,PPPPBP,12,3
BBBBPB,PPBBBBPPPPBB,BPPPBP,12,3
PBPBBB,BBPPBBPPPPBB,PBPBPB,12,3
PBPBBB,BBPPBBPPPPBB,PBPBPB,12,3
BBPBPP,PPBBBBPPPPBB,BPBPBB,12,3
BBBPBB,BBPPBBPPBBPP,PPBPBB,12,3
BPPBBB,BBPPBBPPPPBB,PPPPBP,12,3
BBPBPB,BBPPPPBBBBPP,PBBBPP,12,3
PPBBBB,BBPPBBPPPPBB,BPPPBB,12,3
PPBBBP,PPBBBBPPPPBB,BBBPPB,12,3
PPPBBB,BBPPPPBBBBPP,BPBBPB,12,3
BBPBBB,BBPPBBPPBBPP,BPPBPB,12,3
PPPBBP,PPBBBBPPPPBB,BBBBBB,12,3
BBBPPP,PPBBPPBBPPBB,PBBPPP,12,3
BBBBBP,BBPPBBPPPPBB,BBBPBP,12,3
BBBBPB,BBPPPPBBBBPP,BPBBPP,12,3
BBBBPB,BBPPPPBBBBPP,BPBBPP,12,3
PPPBBP,PPBBPPBBBBPP,PBPPBP,12,3
PPPBBP,PPBBPPBBBBPP,PBPPBP,12,3
PPPPBP,BBPPPPBBPPBB,PPBPPP,12,3
PPBBBB,BBPPBBPPBBPP,PBPPBP,12,3
BPBBBB,BBPPPPBBPPBB,BBBPPP,12,3
BPBBBB,BBPPPPBBPPBB,BBBPPP,12,3
PBBPBP,PPBBPPBBBBPPPPBB,BBPBPP,16,4
PBBPPP,PPBBBBPPPPBB,BPBPBB,12,3
BPPBBB,BBPPPPBBBBPP,BBBPPP,12,3
PPPBPP,PPBBBBPPPPBB,PPPBBP,12,3
PPBBPB,PPBBBBPPBBPP,PBPBPB,12,3
PPPBBB,BBPPPPBBBBPP,BBBBBB,12,3
PBBPPB,BBPPBBPPBBPP,PBPPPP,12,3
BBBBBB,BBPPPPBBPPBB,BBBPPP,12,3
BBPPBP,PPBBBBPPPPBB,BBBPPP,12,3
PBBPBP,BBPPPPBBBBPP,PBPPBB,12,3
PPPBBP,PPBBPPBBPPBB,BPBPPB,12,3
BPPBPP,PPBBPPBBBBPPBBPP,PBPBPB,16,4
PPPBBB,BBPPBBPPPPBBPPBB,BPBBBP,16,4
BBBPBP,PPBBPPBBBBPP,BBBBBB,12,3
PBPBPP,PPBBPPBBPPBB,BBBBBB,12,3
PPPBBB,PPBBBBPPPPBB,PPPBBB,12,3
BBPPBP,BBPPBBPPPPBB,BPPPBB,12,3
BBBBPB,BBPPPPBBBBPP,PPPPPB,12,3
PPBBPB,BBPPBBPPBBPP,BPPPBB,12,3
PBPPBP,PPBBPPBBBBPPPPBB,BBBBBP,16,4
PBPPBP,PPBBPPBBBBPPPPBB,BBBBBP,16,4
BBPPPB,PPBBPPBBBBPP,PPPPBB,12,3
PPBBBB,BBPPBBPPBBPP,BPBBBB,12,3
BBBBBP,BBPPPPBBPPBB,BBPBPP,12,3
BPPBPB,PPBBBBPPPPBB,BPPPBB,12,3
PBBPBP,PPBBPPBBBBPP,BPPPBP,12,3
PBPBBB,BBPPPPBBBBPP,BBPBBP,12,3
BPBBBB,BBPPBBPPPPBB,PBPBBP,12,3
PPBBPP,PPBBPPBBBBPP,PBBBPP,12,3
BBBBBB,BBPPPPBBBBPP,BPPPBB,12,3
BBPPPB,BBPPBBPPPPBB,BPBBBB,12,3
PPPPBP,PPBBPPBBBBPP,PBBPPB,12,3
BBPBPP,PPBBBBPPPPBB,PPBPBP,12,3
BBBBBP,BBPPPPBBBBPP,BPPBPB,12,3
PPBBPB,PPBBPPBBBBPP,PPPPBP,12,3
BBBPBP,PPBBBBPPPPBB,PPPPPP,12,3
PPBBBB,BBPPPPBBPPBB,PBBPPB,12,3
PBPBPB,PPBBBBPPPPBB,PPBPPB,12,3
BPPBBP,PPBBBBPPBBPP,BBBBBB,12,3
BBPBPB,BBPPPPBBBBPPPPBB,BBBBBB,16,4
PPBBPP,PPBBBBPPPPBB,PBPPBB,12,3
BBPPBP,PPBBBBPPBBPP,PBBPBP,12,3
PPBBPB,BBPPPPBBBBPPPPBB,PBPPBB,16,4
PPPBPB,PPBBPPBBBBPP,PPBPBB,12,3
BPPPBB,BBPPPPBBBBPP,PBBPPP,12,3
PBBPBP,PPBBPPBBBBPP,BPPBBP,12,3
PBBPPB,BBPPPPBBPPBBBBPP,BPBPPP,16,4
PPPBBB,PPBBBBPPBBPP,BBBPBB,12,3
BPPBBB,PPBBBBPPPPBB,BPPBPB,12,3
BBPBBP,BBPPBBPPPPBB,BPBBPP,12,3
PPBBPB,PPBBBBPPBBPP,BBBBPB,12,3
PBBPPB,PPBBBBPPPPBBBBPPBBPP,PPBPPP,20,5
BBBBBB,BBPPBBPPBBPP,BPPPPP,12,3
BBBPPB,BBPPBBPPBBPP,PPPPBP,12,3
PPBBPP,PPBBPPBBPPBB,PPPBPP,12,3
BPBBPB,PPBBBBPPPPBB,PBPPPP,12,3
BPPPBP,BBPPPPBBPPBB,PBPPBB,12,3
PPBBPB,BBPPBBPPPPBB,PBPPPB,12,3
BPBPPB,PPBBPPBBBBPP,BPPBPB,12,3
PBPBBB,BBPPBBPPPPBB,BPPBBP,12,3
BBBBPB,BBPPPPBBPPBB,BPPPBB,12,3
PPPPPB,PPBBBBPPPPBB,PBBPPB,12,3
PPPBPB,BBPPBBPPPPBB,PBBBPB,12,3
BBPPPB,PPBBBBPPBBPP,PPBPBB,12,3
PPPBPB,PPBBPPBBPPBB,BBBPBB,12,3
PBPBBP,BBPPBBPPBBPPBBPP,BBBBBP,16,4
BPPBBB,BBPPPPBBPPBBBBPP,PBPBBP,16,4
PPPBBP,BBPPPPBBPPBB,PBBBBP,12,3
PBPBBB,BBPPBBPPPPBB,BPPBPB,12,3
BPPPBP,PPBBBBPPPPBB,BBBBPP,12,3
PBBPBB,BBPPBBPPPPBB,BPPBBB,12,3
PBBBBB,BBPPPPBBPPBB,PPPPPP,12,3
PPBBBB,BBPPBBPPBBPP,PPPPPP,12,3
PBBPPP,PPBBBBPPPPBB,BBPBBP,12,3
PPBBBB,BBPPPPBBPPBB,BBBPBP,12,3
PPBBBB,BBPPPPBBPPBB,BBBPBP,12,3
PBPPBP,BBPPPPBBBBPP,BBBPPP,12,3
PPPPPB,PPBBBBPPBBPP,PBPBBP,12,3
PBPPBP,BBPPBBPPBBPP,BPBBPP,12,3
PBBPBB,BBPPPPBBBBPP,PBPBBP,12,3
BBBPBB,BBPPBBPPBBPP,BBBPPB,12,3
PPPBBP,PPBBPPBBPPBB,BPBPPB,12,3
PBBBPB,BBPPPPBBBBPP,PPPPPB,12,3
BBBPBP,PPBBBBPPPPBBBBPP,PBBPBP,16,4
PBBBPB,PPBBBBPPBBPP,BBBPPP,12,3
PPBBPB,BBPPPPBBPPBB,BBBPPP,12,3
PPBBPB,BBPPPPBBPPBB,BBBPPP,12,3
PBBPPP,PPBBBBPPBBPP,PBBPBP,12,3
BBPBPP,PPBBBBPPBBPPBBPP,PPPPBB,16,4
BPBPPP,PPBBBBPPBBPP,BPBBBP,12,3
PPPBPB,PPBBBBPPPPBB,PPPPPP,12,3
BBPPBP,BBPPBBPPPPBB,PPPBBP,12,3
BBBBBB,BBPPPPBBBBPP,BBBBPB,12,3
PPPBPB,PPBBBBPPPPBB,PPPPPP,12,3
PPPBBP,BBPPBBPPPPBB,BBBBPB,12,3
BBBBBP,BBPPPPBBPPBB,BPBBPP,12,3
BBBPPB,PPBBBBPPPPBB,BPPPPP,12,3
BBBPPB,PPBBBBPPBBPP,PBPBPP,12,3
BBBBPB,BBPPPPBBPPBB,PBPBBB,12,3
BPBPPB,PPBBPPBBBBPP,BPBPBB,12,3
BBBPPP,PPBBPPBBBBPP,PPPPPP,12,3
PPPBBB,PPBBBBPPBBPPBBPP,PBPBPP,16,4
BPPBBB,BBPPBBPPPPBB,BPBBBB,12,3
BBBPPP,BBPPBBPPBBPP,PBBPPP,12,3
BPPPBP,PPBBBBPPBBPP,PPPBBB,12,3
PBBBPB,BBPPPPBBBBPP,PPBPBB,12,3
PPBPPB,PPBBBBPPPPBB,PPPPBP,12,3
PBBPBP,PPBBPPBBPPBB,PPPPPB,12,3
PPPBBB,PPBBPPBBPPBB,BBPBBP,12,3
PBPPPP,PPBBBBPPBBPP,PPBPPP,12,3
PPPPBP,PPBBBBPPPPBB,BBBBPP,12,3
BPBPBB,BBPPPPBBPPBB,BBPBPB,12,3
BBPBPB,PPBBPPBBBBPP,BBBBPB,12,3
BBPPPP,PPBBBBPPPPBBBBPP,PPPPBB,16,4
PBBPBP,PPBBPPBBPPBB,BPPPBB,12,3
PPBPBB,BBPPPPBBBBPPBBPP,PPPPBB,16,4
PPBBPB,BBPPBBPPBBPP,BPPPBP,12,3
PPPBPP,PPBBBBPPPPBB,BBBPPB,12,3
PPBBPB,BBPPPPBBPPBB,BBPBPP,12,3
BPPBBB,PPBBPPBBPPBB,BPPPPP,12,3
PPPBBB,BBPPPPBBPPBB,PBBBBP,12,3
PPBBBB,BBPPBBPPBBPP,PPBPBP,12,3
PPPPPP,PPBBPPBBBBPP,PBBBPB,12,3
PPBPBP,PPBBBBPPBBPP,BPPBBB,12,3
PBPPBP,PPBBBBPPPPBB,PPPPBP,12,3
BPPBBP,BBPPPPBBPPBB,PPBPPB,12,3
BBPBBP,BBPPBBPPPPBBPPBBPPBB,PPPBBP,20,5
PPPBPB,PPBBBBPPPPBB,PBPPPP,12,3
BPBBBB,BBPPBBPPBBPP,PBBPBP,12,3
BBPPBP,PPBBBBPPBBPP,BBPBPP,12,3
BBPPBP,PPBBBBPPBBPP,BBPBPP,12,3
BBPPPP,PPBBBBPPBBPP,BBPBPP,12,3
BBPBPB,PPBBBBPPPPBB,BPBBBB,12,3
PBBBPB,PPBBBBPPBBPP,PBBBBB,12,3
PBPBBB,BBPPPPBBBBPP,BBBBPP,12,3
PBBPPP,BBPPPPBBPPBB,PPPPPP,12,3
BBBBPB,PPBBPPBBBBPP,PBPBBP,12,3
PPPBPB,PPBBPPBBPPBB,PPBPBB,12,3
PPBBPB,PPBBBBPPPPBBPPBB,PPPBBB,16,4
PBBPPB,BBPPBBPPPPBBBBPP,BBBBPB,16,4
BPBPPP,PPBBPPBBPPBB,PBPBBP,12,3
PBPBPP,PPBBBBPPBBPP,BPBPPB,12,3
PBPPPB,PPBBPPBBBBPP,BBBPPP,12,3
BBPPBP,PPBBPPBBPPBB,BPPPPP,12,3
PPBBBB,BBPPPPBBBBPP,PPBPBP,12,3
BPPPBP,PPBBPPBBBBPP,PPPBBP,12,3
BPPBBP,PPBBPPBBBBPP,BPPPBB,12,3
BBPPBP,PPBBPPBBBBPP,BBBBPP,12,3
BBPPBP,PPBBPPBBBBPP,BBBBPP,12,3
BBPBPB,BBPPBBPPBBPP,BPBBPB,12,3
PBPBPB,BBPPBBPPBBPP,PPPBBP,12,3
PBBPPP,PPBBPPBBPPBB,BPPPPP,12,3
PPPBBP,PPBBPPBBBBPP,PPPBBP,12,3
BBBBBB,BBPPPPBBPPBB,BBPBPP,12,3
PPPBBB,BBPPBBPPBBPP,BBPBPP,12,3
BPPPBP,PPBBBBPPPPBBBBPP,PPPPPP,16,4
BPPBPB,PPBBBBPPPPBB,PPPBPB,12,3
BPPPPB,PPBBPPBBPPBB,BPPBPB,12,3
BBPBPB,PPBBPPBBPPBB,BPPPBP,12,3
PPPBBB,PPBBBBPPPPBB,BPBBPP,12,3
BPPBBP,PPBBPPBBPPBB,PPPPPP,12,3
BPPBBB,BBPPPPBBBBPPPPBB,PBBBBB,16,4
PPPBPB,PPBBPPBBBBPP,PBBBPP,12,3
PPBPBP,PPBBBBPPPPBB,PBPBBP,12,3
PPBPBP,PPBBBBPPPPBB,PBPBBP,12,3
PBPBBP,BBPPPPBBBBPP,BBBPBB,12,3
PBPBPB,PPBBBBPPBBPP,BBBPPB,12,3
PBBPPB,PPBBPPBBPPBB,BBPBBB,12,3
BPBBBP,BBPPPPBBBBPPPPBB,BPBBBP,16,4
BBBBBP,BBPPBBPPPPBBPPBB,PBBBPP,16,4
BPBPBP,BBPPBBPPBBPP,PPBPPP,12,3
PPBBPB,BBPPBBPPPPBB,PBPPPB,12,3
BBPBPB,BBPPBBPPPPBB,BBPBPP,12,3
BPPPBP,PPBBPPBBBBPPBBPP,PPBPBB,16,4
PBBPBP,BBPPPPBBPPBB,BPPPPP,12,3
BPPPBP,PPBBPPBBBBPP,BBBBPP,12,3
PPPBBP,BBPPBBPPPPBB,PBBBBP,12,3
BPBPBB,BBPPBBPPPPBB,PPPBBP,12,3
BPBPBB,BBPPBBPPPPBB,PPPBBP,12,3
PBBPPP,BBPPPPBBBBPP,PPPPPP,12,3
BBBPPB,PPBBBBPPPPBB,PBPBPB,12,3
PPPBBP,BBPPPPBBPPBB,PBBBBB,12,3
PPPBBP,BBPPPPBBPPBB,PBBBBB,12,3
BBBPPB,BBPPBBPPBBPP,BBBPBB,12,3
PBBBBB,BBPPPPBBBBPP,PPPPBP,12,3
PBBPPB,PPBBPPBBBBPP,PBBPPP,12,3
BBBPPP,BBPPPPBBBBPP,BPPPBP,12,3
BBBPBB,BBPPPPBBPPBB,PBBBPP,12,3
BPBBBB,BBPPPPBBBBPPBBPP,PBBPPB,16,4
PBPPBP,PPBBBBPPPPBB,BPPPBP,12,3
BBBPBB,BBPPBBPPBBPPPPBB,PBBBPB,16,4
PBPBPP,PPBBPPBBPPBB,PPBPBB,12,3
PBBBPB,BBPPPPBBBBPP,BPBPPB,12,3
BPBPBP,BBPPPPBBPPBB,PPPBPB,12,3
BBBBBB,BBPPPPBBBBPP,BPBPPB,12,3
PPBBBP,BBPPBBPPBBPP,PBPBBB,12,3
PBPPBP,BBPPPPBBBBPP,PBBPBP,12,3
BBPBPB,PPBBPPBBBBPP,BBBPBP,12,3
BBPPPB,PPBBBBPPBBPP,PBPPPP,12,3
PPBPPP,PPBBPPBBBBPP,PPBPPB,12,3
BPPBPP,PPBBBBPPBBPP,BPBBBP,12,3
PPPPPP,PPBBPPBBPPBB,PPPBBP,12,3
BBBPPP,PPBBBBPPBBPP,BBPBPB,12,3
BBBPPP,BBPPBBPPPPBB,PBPBBP,12,3
PBBBBB,BBPPPPBBPPBB,PPPPBP,12,3
PPPBBP,PPBBPPBBPPBB,BBBBPP,12,3
PPBPPB,PPBBBBPPBBPP,PPPPBP,12,3
BBBPBB,BBPPPPBBBBPP,BBBPPP,12,3
PBBPBP,PPBBPPBBPPBB,BPBPPB,12,3
PPPBPB,BBPPBBPPPPBB,PPPPBB,12,3
BBBPBB,BBPPBBPPBBPPBBPP,PBPPPB,16,4
BBPPPB,PPBBBBPPPPBB,PBBBBB,12,3
BBBPPB,PPBBBBPPPPBB,BPPPPB,12,3
BBPBBP,BBPPPPBBBBPP,PPPBPB,12,3
BBPBBP,BBPPPPBBBBPP,PPPBPB,12,3
PPPBBB,PPBBPPBBBBPP,PBBPBP,12,3
PPPBBB,PPBBPPBBBBPP,PBBPBP,12,3
PPPBBB,PPBBPPBBBBPP,PBBPBP,12,3
PBBPPP,PPBBPPBBBBPP,BBBPBP,12,3
BBBBBB,BBPPBBPPBBPP,BPBBPB,12,3
PPBBPB,BBPPPPBBPPBB,BBBBBP,12,3
PBBPBB,BBPPPPBBBBPP,PBBPBB,12,3
PBPBPP,PPBBBBPPBBPP,PBBPPB,12,3
PBPPBP,BBPPBBPPPPBBPPBB,PPPBPB,16,4
BBBBBP,BBPPPPBBPPBB,BPPPPB,12,3
PBPBBP,BBPPPPBBBBPPBBPP,PBBBBB,16,4
PBBPPB,BBPPBBPPBBPP,BBBBBB,12,3
BBPBBB,BBPPBBPPBBPP,BPPBBP,12,3
PPPPBP,PPBBPPBBPPBBPPBB,PBPBPP,16,4
PBBPBB,BBPPPPBBPPBB,PBPBPB,12,3
BPPBPP,PPBBPPBBPPBB,BPPPPP,12,3
BPPBBP,BBPPPPBBPPBB,PBBPBP,12,3
BBPBBB,BBPPBBPPPPBB,PPPBPB,12,3
BBBBPB,PPBBPPBBPPBB,BPBBPB,12,3
BPBBBP,BBPPPPBBPPBB,PBBBBP,12,3
PPPBPP,PPBBBBPPBBPP,BBPBBB,12,3
PPPBBB,PPBBPPBBBBPP,BBPBPP,12,3
PPBBPB,PPBBBBPPBBPP,BPBPPB,12,3
BPBPPP,PPBBPPBBPPBB,BPBBBP,12,3
PBPBBP,BBPPPPBBBBPP,BPBPPP,12,3
BBBPBP,BBPPBBPPBBPP,PBBPBP,12,3
PBBBPB,PPBBBBPPBBPPBBPP,BPBPBP,16,4
PBPBBB,BBPPPPBBBBPP,BPPBBB,12,3
PBBBPB,BBPPPPBBPPBB,BPBPBB,12,3
PBPPBP,BBPPPPBBBBPP,BBBPPP,12,3
PBBPPP,PPBBBBPPPPBB,BPPPPB,12,3
BBBPPP,BBPPPPBBPPBB,PBPBBB,12,3
BPPBPB,PPBBBBPPBBPPPPBB,PBPBPP,16,4
PBBPPB,BBPPBBPPPPBBPPBB,BBBPBP,16,4
BPBPBB,BBPPBBPPBBPP,BBBBBP,12,3
BPBPBB,BBPPPPBBPPBB,BPPBPB,12,3
PBBPBP,PPBBPPBBBBPP,PPPPPP,12,3
BBPBBB,BBPPPPBBBBPP,PPPPBB,12,3
PBPPPB,PPBBBBPPBBPP,BBBBBB,12,3
BPPBBB,BBPPBBPPBBPPBBPP,BBPBPP,16,4
BPPBBB,BBPPBBPPBBPPBBPP,BBPBPP,16,4
PPBBBB,BBPPPPBBBBPP,BBBPBB,12,3
BBBPPP,PPBBPPBBBBPP,BPBPBB,12,3
PPPBBP,BBPPBBPPPPBB,BBBBBB,12,3
PPPBBP,BBPPBBPPPPBB,BBBBBB,12,3
BBBBPB,BBPPPPBBBBPP,BPPPPB,12,3
PPPPPB,PPBBBBPPBBPP,PPPBBB,12,3
BBPPPP,PPBBPPBBBBPP,BPBBPP,12,3
BBPPPP,PPBBPPBBBBPP,BPBBPP,12,3
BPBPBP,BBPPPPBBBBPP,PBPBPP,12,3
PBBBBP,BBPPBBPPPPBB,PBBPBB,12,3
PPPBBB,BBPPBBPPPPBB,PBPPPP,12,3
PBPBBB,BBPPPPBBPPBB,BPPPBP,12,3
BPBPBB,BBPPPPBBPPBB,BBBBPP,12,3
PBPPPP,PPBBPPBBBBPP,BPBPPP,12,3
BBPBBP,BBPPPPBBBBPP,BPPPPP,12,3
BBPBBP,BBPPPPBBBBPP,BPPPPP,12,3
BBPPPB,PPBBBBPPPPBB,BPPPPP,12,3
BPPBPB,PPBBBBPPPPBB,PBPPPB,12,3
BPPBBB,BBPPBBPPPPBB,PPPPBB,12,3
PBBPPB,BBPPPPBBPPBB,BPPBBP,12,3
PPPPBP,BBPPBBPPPPBB,PBPPBP,12,3
PBBBPB,BBPPBBPPPPBB,PBPPBP,12,3
PPBBBP,BBPPPPBBBBPP,BBBBPB,12,3
BBPPBP,PPBBPPBBBBPP,BBBPBB,12,3
BPBPPB,PPBBPPBBBBPP,BBBPPP,12,3
PBPPPP,PPBBPPBBBBPP,BBBBPB,12,3
PBBPPP,BBPPPPBBBBPP,PPBPBP,12,3
PBBPPP,BBPPPPBBBBPP,PPBPBP,12,3
BPPBBB,PPBBBBPPBBPP,BPPBPB,12,3
PBPBPP,PPBBPPBBBBPP,BBBPBP,12,3
BBBBPB,BBPPPPBBBBPP,BPPBBP,12,3
BBBBPB,BBPPPPBBBBPP,BPPBBP,12,3
PBPPBP,BBPPPPBBBBPPPPBBPPBB,PPPPPP,20,5
PBPPBP,BBPPPPBBBBPPPPBBPPBB,PPPPPP,20,5
PBPPBP,BBPPPPBBBBPPPPBBPPBB,PPPPPP,20,5
PPBBPP,PPBBPPBBBBPP,PPPBPB,12,3
BBBPPP,BBPPPPBBBBPP,PBPBBB,12,3
PPPBPP,PPBBBBPPBBPP,PPPPPB,12,3
BBPPBP,PPBBBBPPPPBB,PBPBPB,12,3
PPBPBB,BBPPBBPPBBPPPPBB,PBBPPB,16,4
PPPBPP,PPBBBBPPPPBB,BPPBPP,12,3
BPPPBB,BBPPPPBBPPBB,BBBBBB,12,3
BPPPPB,PPBBPPBBPPBB,BPPPBP,12,3
BBPPBP,PPBBPPBBPPBB,BPPPPP,12,3
BBPPPP,PPBBBBPPPPBB,PPPBBB,12,3
PPBBPB,BBPPBBPPPPBB,BPBBPB,12,3
BBBBBP,BBPPBBPPPPBB,BPBPPP,12,3
BPBPPB,PPBBBBPPBBPP,BBBPBB,12,3
BPBPBP,PPBBBBPPPPBBBBPP,BBPBPB,16,4
PBPPPB,PPBBPPBBBBPP,BBBPBB,12,3
BPPPPP,PPBBBBPPPPBB,BBBBPB,12,3
BPPBBP,PPBBPPBBBBPPBBPPBBPP,PPPPPB,20,5
PPBBBB,BBPPPPBBPPBB,BPPPBB,12,3
BBBPPP,PPBBPPBBPPBB,PBPPPP,12,3
PPBPBP,BBPPBBPPPPBB,BBBPBP,12,3
PPBPPP,PPBBBBPPBBPP,BPPPBP,12,3
BPPBPB,PPBBPPBBPPBB,PBBPPP,12,3
BBPBPB,BBPPBBPPPPBB,PPPBBP,12,3
PBBPPB,BBPPBBPPPPBB,BBBBPB,12,3
PBBPBB,BBPPBBPPBBPP,BPBPPP,12,3
PPPPPB,PPBBPPBBBBPP,BBBPBP,12,3
BPPPBP,PPBBPPBBPPBB,PPPBPP,12,3
PPPBBB,BBPPBBPPBBPP,BBBPBB,12,3
PPBPPB,PPBBBBPPPPBB,PBPBPB,12,3
BBPPPB,PPBBBBPPPPBB,PPBPBB,12,3
BBBPBP,PPBBBBPPBBPP,BPBBBP,12,3
BBBPBP,PPBBBBPPBBPP,BPBBBP,12,3
BBBPBP,PPBBBBPPBBPP,BPBBBP,12,3
PPPBPB,BBPPPPBBBBPP,PBPBBP,12,3
BBBPPP,BBPPBBPPPPBB,BBBBBP,12,3
BBBPPP,BBPPBBPPPPBB,BBBBBP,12,3
PPPPBP,BBPPBBPPPPBBPPBB,PPPPPP,16,4
PPBBPB,BBPPPPBBBBPP,PPPPPP,12,3
BBPBPB,BBPPPPBBBBPPPPBB,BPPBBB,16,4
PPBPBP,PPBBBBPPBBPP,BBBBPP,12,3
PPBPBP,PPBBBBPPBBPP,BBBBPP,12,3
PPBBPB,PPBBBBPPPPBB,PBBBPP,12,3
BPPBPB,BBPPBBPPBBPP,PPBPPP,12,3
PPBBPB,PPBBPPBBBBPP,BPBPBP,12,3
PBBPPB,BBPPBBPPPPBB,BBBPPB,12,3
PPBPBP,BBPPBBPPBBPPBBPP,BPPPPP,16,4
BBBBPB,PPBBBBPPBBPPPPBB,BPBPBP,16,4
BBPPPB,PPBBPPBBPPBB,BPBBPP,12,3
BPPPBP,BBPPBBPPPPBB,BBPBBP,12,3
BBPBBB,BBPPBBPPPPBB,BPBBBP,12,3
PPBPBB,BBPPPPBBPPBBBBPP,PPPBPP,16,4
PPBPBB,BBPPPPBBPPBBBBPP,PPPBPP,16,4
BPBBBB,BBPPPPBBPPBB,BBBPBB,12,3
BPBBBB,BBPPPPBBPPBB,BBBPBB,12,3
BBPPPB,PPBBPPBBBBPP,BPBPPB,12,3
PBPBPB,BBPPBBPPPPBB,BBPBPB,12,3
BPBPPB,PPBBPPBBPPBB,PBPBPB,12,3
BBPBBB,BBPPPPBBBBPP,BBPBBB,12,3
BBPBBB,BBPPPPBBBBPP,BBPBBB,12,3
PPPPPB,PPBBPPBBPPBB,BPPBPP,12,3
PBBPBP,PPBBPPBBBBPP,PPBPPP,12,3
PBPPBP,BBPPPPBBPPBB,PBBBPB,12,3
BBBPPP,PPBBBBPPBBPP,BPBBPB,12,3
PPBBBB,BBPPBBPPBBPP,BPBBBP,12,3
BBBBPB,PPBBPPBBPPBB,BPPBPP,12,3
BBPBPP,PPBBBBPPPPBB,BPBBPB,12,3
PPPBPP,PPBBBBPPBBPP,BPPPPP,12,3
PBPBPP,PPBBBBPPPPBB,BPBPPB,12,3
PPBBBB,BBPPPPBBPPBB,PBBBPB,12,3
BBBBBB,BBPPPPBBBBPP,BPBPBP,12,3
BPBBBP,BBPPBBPPPPBB,PBBBBP,12,3
BPBBBP,BBPPBBPPPPBB,PBBBBP,12,3
PPPBBB,BBPPPPBBBBPP,BBBBBB,12,3
BPPBPB,PPBBBBPPPPBB,BBBBBB,12,3
BBBPBP,PPBBPPBBBBPP,PBBBPB,12,3
PBBPBP,PPBBBBPPBBPP,BBBPBP,12,3
PBBPBP,PPBBBBPPBBPP,BBBPBP,12,3
BBPBBB,BBPPPPBBPPBB,PPPPBP,12,3
PPBBPB,PPBBBBPPPPBB,PBBPBP,12,3
BPPBPP,PPBBBBPPBBPP,BPBPPP,12,3
PPPBBB,PPBBPPBBPPBB,BPPPBP,12,3
PBBPBB,BBPPBBPPBBPP,BBPBBP,12,3
PPBBBP,BBPPPPBBPPBB,BPBBPB,12,3
PPPBBP,PPBBBBPPBBPP,BPPBPB,12,3
BBBPBP,BBPPBBPPBBPP,BPPPPP,12,3
PBBBPB,PPBBPPBBPPBBBBPP,BBPBPP,16,4
BPBBBB,BBPPPPBBBBPP,BPBBBP,12,3
BBPBPB,BBPPPPBBBBPP,PBBPBB,12,3
BBPBPB,BBPPPPBBBBPP,PBBPBB,12,3
BBBBBB,BBPPBBPPPPBB,PBBPBB,12,3
PPPPPB,PPBBPPBBBBPP,PBBBBB,12,3
PBPBPP,PPBBBBPPPPBB,BBBPPB,12,3
BPBBPB,BBPPPPBBBBPP,PBBPBB,12,3
PBPPPP,PPBBPPBBBBPP,PBPPBP,12,3
PBPPPP,PPBBPPBBBBPP,PBPPBP,12,3
PPPBBB,BBPPBBPPPPBB,BBBPBP,12,3
PBBPBP,BBPPPPBBPPBB,PBBPPB,12,3
PPBPBP,PPBBPPBBPPBBPPBB,PPBPPB,16,4
PPBPBP,PPBBPPBBPPBBPPBB,PPBPPB,16,4
PPPBPB,PPBBPPBBBBPPBBPP,BBBPBP,16,4
PBBPPB,BBPPBBPPBBPP,BBBPBP,12,3
PPBPBP,BBPPBBPPPPBB,BPBBPP,12,3
BPBBPB,BBPPPPBBPPBB,BPBPBP,12,3
BBBBPB,BBPPBBPPBBPP,PBPBPB,12,3
PBBPBP,PPBBBBPPBBPP,PBBBBB,12,3
PBPBPB,PPBBBBPPBBPP,PPPPBB,12,3
PPBBBP,BBPPBBPPBBPP,PPPPPB,12,3
PPBPBB,BBPPBBPPBBPP,PBPPPB,12,3
PPBBPB,BBPPBBPPPPBBPPBBPPBB,BBBBPP,20,5
PPPBBP,BBPPPPBBBBPP,BBBPBP,12,3
BPBPPB,PPBBBBPPPPBB,PBPBPP,12,3
BPPBBB,BBPPPPBBBBPP,PBBBPP,12,3
PPPPBP,BBPPPPBBBBPPBBPP,PBPPBB,16,4
PBPPPB,PPBBBBPPPPBB,PPPBPB,12,3
PBPBBP,BBPPBBPPPPBB,BPBPBB,12,3
BPBPPB,PPBBPPBBBBPP,BPBPBP,12,3
BBBPBB,BBPPBBPPPPBB,PBPPBB,12,3
PBBBBP,BBPPBBPPBBPP,BBPBBP,12,3
PBBPBB,BBPPPPBBBBPPPPBB,BPBPBB,16,4
BPPPBP,BBPPBBPPBBPP,BPBBBP,12,3
BBBPPP,BBPPBBPPPPBB,PBBBBP,12,3
BPBPBB,BBPPBBPPPPBB,BPBBPP,12,3
