before,no_column,after,length
PPPPBB,BPBPBPBPBP,BBPBPB,10
BBPBPB,BPBPBPBPBP,BPPBBP,10
BPBPPP,PBPBPBPBPB,PBBBBP,10
PBPPBB,BPBPBPBPBP,BPPPBP,10
BBBBBB,BPBPBPBPBP,PPPBPB,10
BBBBBP,PBPBPBPBPB,PBPBBP,10
PPPPBB,BPBPBPBPBP,PBBPPB,10
BBBPBB,BPBPBPBPBP,BBPPPP,10
PPPPPB,BPBPBPBPBP,BPPBBP,10
PBBPBB,BPBPBPBPBP,PBBPPB,10
PPBBBP,PBPBPBPBPB,BBPPPB,10
PBPPBB,BPBPBPBPBP,BBPPBP,10
BBBPBP,PBPBPBPBPB,PPBBBB,10
PPPBPP,PBPBPBPBPB,BPPPPP,10
BBBPPP,PBPBPBPBPB,PBPPPP,10
BPBPBP,PBPBPBPBPB,PBBPBB,10
BBPBPB,BPBPBPBPBP,BBPBBB,10
BPPBPP,PBPBPBPBPB,BBPPPB,10
BPPBPP,PBPBPBPBPB,BBPPPB,10
PBPBBP,PBPBPBPBPB,BBPBPP,10
PBBPBP,PBPBPBPBPB,PPPBBB,10
PBPPPB,BPBPBPBPBP,PPBBPP,10
PBBPPB,BPBPBPBPBP,PPPBPB,10
BPPPBB,BPBPBPBPBP,PBPBBB,10
PBBBPP,PBPBPBPBPB,BBBBPB,10
PPPPPP,PBPBPBPBPB,BBPPPP,10
BPPBBB,BPBPBPBPBP,PPPPBP,10
BBPBBB,BPBPBPBPBP,BBPBPP,10
BPPPPB,BPBPBPBPBP,BPBBPP,10
BPBBBB,BPBPBPBPBP,PPBBPP,10
PBBPBP,PBPBPBPBPB,BPPPPP,10
PBPPPB,BPBPBPBPBP,PBBBPP,10
PBPPPB,BPBPBPBPBP,BPPPPB,10
BBBPPP,PBPBPBPBPB,PBPBPP,10
PBPBPB,BPBPBPBPBP,BBBBPB,10
BPPPBP,PBPBPBPBPB,BBBBBP,10
PPBPPP,PBPBPBPBPB,BPPPBB,10
PBBPBP,PBPBPBPBPB,BPPBBP,10
PBBBPB,BPBPBPBPBP,BPBPPB,10
BPBPBB,BPBPBPBPBP,PBPPBP,10
BPBBPB,BPBPBPBPBP,PPBPPP,10
PPPBPB,BPBPBPBPBP,PBBBPB,10
PBBPBP,PBPBPBPBPB,BPBBBB,10
PBBBBP,PBPBPBPBPB,PPPBPP,10
BPBPBP,PBPBPBPBPB,PBBBBP,10
BPBBBB,BPBPBPBPBP,PPPPPB,10
PBPBPB,BPBPBPBPBP,PPPPBB,10
BPBPBB,BPBPBPBPBP,BPBPPB,10
BPBPPB,BPBPBPBPBP,BPBPPB,10
PBPBBB,BPBPBPBPBP,BPPBBP,10
BBPPBP,PBPBPBPBPB,BPBPPB,10
PBBPPP,PBPBPBPBPB,PPBPPP,10
PBBPPP,PBPBPBPBPB,BBPPBB,10
PPBBBB,BPBPBPBPBP,PBBBPB,10
PBPPBB,BPBPBPBPBP,PPPBPB,10
BPBPBP,PBPBPBPBPB,PBBBPB,10
PBBPPP,PBPBPBPBPB,PPPBPP,10
BBPBPB,BPBPBPBPBP,PBPPBB,10
BPPBPB,BPBPBPBPBP,PBBBPB,10
BBBPPP,PBPBPBPBPB,BBBPBP,10
BBBBPB,BPBPBPBPBP,PPPBPB,10
PBBBPP,PBPBPBPBPB,BPBBBP,10
BBPBBP,PBPBPBPBPB,PBBBPP,10
PBBPBB,BPBPBPBPBP,BBPBBB,10
PPBBBB,BPBPBPBPBP,BBBPPP,10
BBBBPB,BPBPBPBPBP,BPPBPB,10
BBBBPP,PBPBPBPBPB,PBBBBB,10
PPBPBP,PBPBPBPBPB,PBPPPP,10
BPBPPP,PBPBPBPBPB,BBPPPP,10
PPBBBB,BPBPBPBPBP,BBBBPP,10
BBBPBP,PBPBPBPBPB,PBPBBB,10
BBBBPB,BPBPBPBPBP,PBBPPP,10
PBPPPP,PBPBPBPBPB,BPBPBP,10
PPPBPB,BPBPBPBPBP,PPPPPP,10
PBBBPP,PBPBPBPBPB,PBBPPP,10
BPPPPB,BPBPBPBPBP,BBPBBB,10
PBPBBP,PBPBPBPBPB,BPBPBB,10
BPPBBP,PBPBPBPBPB,PBPPPP,10
PPBBPP,PBPBPBPBPB,PPPBPP,10
BPBPPB,BPBPBPBPBP,BPBPBP,10
BPBPPP,PBPBPBPBPB,PBPPPB,10
PPBBBP,PBPBPBPBPB,PPBPBB,10
PBPBPP,PBPBPBPBPB,PBPPPB,10
BPPBBB,BPBPBPBPBP,BPBPPB,10
BPPPPB,BPBPBPBPBP,PPBPPP,10
BPPBBB,BPBPBPBPBP,PBPBBB,10
BPPBPP,PBPBPBPBPB,PBPPBP,10
BPPBPP,PBPBPBPBPB,BBBBBB,10
BBPPPP,PBPBPBPBPB,PBBPPP,10
BPPPBP,PBPBPBPBPB,BPPBBB,10
BBBBBB,BPBPBPBPBP,BPPBBB,10
PBBBPB,BPBPBPBPBP,BPBBBB,10
PBPBPP,PBPBPBPBPB,BPPBPP,10
PBBPBP,PBPBPBPBPB,PBBBBB,10
BPPPBB,BPBPBPBPBP,PPPBPB,10
PPBBPB,BPBPBPBPBP,PPBPBP,10
PBBPBP,PBPBPBPBPB,BPPPBB,10
PPBBPB,BPBPBPBPBP,BPBPPP,10
BBPBPB,BPBPBPBPBP,PBBPPP,10
BBPBPP,PBPBPBPBPB,PPBBPP,10
BBBBPP,PBPBPBPBPB,BBBBPB,10
BBBPPP,PBPBPBPBPB,PBBPBB,10
PBPBBB,BPBPBPBPBP,PBBBPB,10
BBBBPB,BPBPBPBPBP,PPPPPB,10
PBBPBP,PBPBPBPBPB,PBPBPB,10
BBBBPP,PBPBPBPBPB,BPPPPB,10
BBPBBB,BPBPBPBPBP,PPBBBP,10
PBBBPB,BPBPBPBPBP,BPBPBB,10
PPPBBB,BPBPBPBPBP,BBBBPP,10
BPPBBB,BPBPBPBPBP,PPPPPB,10
BPBPBP,PBPBPBPBPB,PPPBBP,10
BPPPPP,PBPBPBPBPB,PBPPBB,10
BPBBPB,BPBPBPBPBP,BPPBBB,10
BPPPPP,PBPBPBPBPB,BBBBPB,10
BPPPPP,PBPBPBPBPB,PBPBBP,10
BBPBBB,BPBPBPBPBP,PPPPPP,10
PBPPPP,PBPBPBPBPB,PBBPPB,10
BBBPPB,BPBPBPBPBP,BPBBBB,10
PBPBPB,BPBPBPBPBP,PPPBPB,10
BBBBBP,PBPBPBPBPB,PBPBBP,10
PBBPPB,BPBPBPBPBP,BPBBPP,10
BPPPBP,PBPBPBPBPB,BPBBPP,10
PBBBPB,BPBPBPBPBP,BPPPBB,10
BBBPPB,BPBPBPBPBP,BPPPPB,10
BBBBPB,BPBPBPBPBP,BBPPPP,10
PBPPPP,PBPBPBPBPB,PBPBPB,10
PPBBPP,PBPBPBPBPB,PBBPBP,10
BPPPPP,PBPBPBPBPB,PPPBPB,10
PPBBBB,BPBPBPBPBP,PPPPPP,10
BPBPPB,BPBPBPBPBP,PPPBPP,10
PBPPBP,PBPBPBPBPB,BBBPPP,10
PBBPBP,PBPBPBPBPB,BPBBBB,10
BBPBBP,PBPBPBPBPB,BBBPPP,10
PBPPPB,BPBPBPBPBP,PPBPBB,10
BPBBPP,PBPBPBPBPB,BBPBBP,10
PBBBBB,BPBPBPBPBP,BBBPPP,10
BPPBPB,BPBPBPBPBP,PPBPBB,10
BBPPPP,PBPBPBPBPB,PPPBBB,10
BBBPPP,PBPBPBPBPB,BBBPPB,10
BBBPBP,PBPBPBPBPB,PPBPPB,10
PBPPBP,PBPBPBPBPB,PBBPPP,10
PPBBPP,PBPBPBPBPB,BPPBPB,10
PPBPBB,BPBPBPBPBP,BBBPBB,10
PBBBBB,BPBPBPBPBP,PPBPPB,10
BBPPBB,BPBPBPBPBP,BPBPBB,10
BBBPPP,PBPBPBPBPB,PBPPBP,10
BBBBBP,PBPBPBPBPB,BBBPPB,10
BPBBBP,PBPBPBPBPB,BPBBBB,10
PBPBBP,PBPBPBPBPB,BPPBPP,10
PBBBBP,PBPBPBPBPB,BBPBBP,10
PBPBBP,PBPBPBPBPB,BBPBBP,10
PPPPPB,BPBPBPBPBP,PPPBBB,10
PPBBBB,BPBPBPBPBP,BPPBBP,10
BBBBPB,BPBPBPBPBP,BBPBBB,10
PPBBPP,PBPBPBPBPB,PBBBBB,10
BBPBPP,PBPBPBPBPB,BPPBBP,10
BPBBBB,BPBPBPBPBP,BBBPBB,10
BBBBPP,PBPBPBPBPB,BBBBPP,10
PBBBPB,BPBPBPBPBP,BBPBBB,10
PBBBBP,PBPBPBPBPB,PPBBBP,10
BBBBPP,PBPBPBPBPB,PBPBBB,10
PBPPBB,BPBPBPBPBP,PBPBPP,10
BBBPBB,BPBPBPBPBP,PBBBBB,10
BBBPBP,PBPBPBPBPB,PBBBBB,10
BBPPPP,PBPBPBPBPB,BBBBPB,10
BBBBBB,BPBPBPBPBP,PBPBPP,10
BBBBPB,BPBPBPBPBP,PPPBBP,10
BPBPBB,BPBPBPBPBP,BPBPPP,10
BBPBPP,PBPBPBPBPB,BBPPPB,10
PBBBBP,PBPBPBPBPB,PPPBBP,10
PPPBPB,BPBPBPBPBP,PPPPPP,10
PBBBPP,PBPBPBPBPB,PBPBBB,10
BPBPBP,PBPBPBPBPB,PPBBBP,10
PPPBBP,PBPBPBPBPB,PPPPPP,10
BBPPBB,BPBPBPBPBP,PPPBBP,10
PBBBBB,BPBPBPBPBP,PPBPBP,10
BPBBBB,BPBPBPBPBP,PBPBPP,10
BPBPBB,BPBPBPBPBP,BPPPBB,10
PBBPPP,PBPBPBPBPB,BPPPPP,10
BBBBPP,PBPBPBPBPB,PBBBPB,10
BBPPBB,BPBPBPBPBP,BPPPBB,10
BPBPBP,PBPBPBPBPB,BPBBBB,10
BPPPBB,BPBPBPBPBP,BBBPPB,10
PBPPPB,BPBPBPBPBP,PPPPBP,10
PPBPBP,PBPBPBPBPB,BPPPBB,10
PBPPBB,BPBPBPBPBP,BBBPPB,10
PPBPPB,BPBPBPBPBP,BPBPBB,10
PBBPBB,BPBPBPBPBP,PBBBPP,10
PPBPBP,PBPBPBPBPB,BBBPBP,10
BBBPBP,PBPBPBPBPB,PBPBBP,10
PBPPPB,BPBPBPBPBP,PBBBBP,10
PPBPPB,BPBPBPBPBP,PBBBBB,10
PBPBBP,PBPBPBPBPB,PBBPBP,10
BPBPPP,PBPBPBPBPB,BBPBBB,10
PPBBPB,BPBPBPBPBP,PBPPPB,10
PBBPPP,PBPBPBPBPB,PBPBPB,10
BPPBPB,BPBPBPBPBP,BBBBBB,10
PPPPPB,BPBPBPBPBP,BPBPPB,10
PPBPBP,PBPBPBPBPB,BPPPBP,10
BBBPBB,BPBPBPBPBP,PPPPPB,10
PPPBPB,BPBPBPBPBP,BPBPPP,10
PBPPPP,PBPBPBPBPB,PPPPBP,10
PBBPPB,BPBPBPBPBP,BPBPPP,10
BBBBPB,BPBPBPBPBP,PBPPPB,10
BBBBPB,BPBPBPBPBP,PPBBBB,10
BPBPPP,PBPBPBPBPB,BBPBPP,10
BPBPPB,BPBPBPBPBP,BBPPBB,10
PPBBBP,PBPBPBPBPB,PBBBBB,10
PPPBBP,PBPBPBPBPB,PBBPPB,10
PPBPPP,PBPBPBPBPB,BBBBPP,10
PPPBBB,BPBPBPBPBP,PPPBBP,10
BPBBPP,PBPBPBPBPB,PPBPBB,10
PBBBPP,PBPBPBPBPB,PPPPBP,10
PPPBBP,PBPBPBPBPB,PBBPBB,10
PBPPBB,BPBPBPBPBP,PBPBPB,10
PBBBPB,BPBPBPBPBP,PBPBBB,10
PPBBBP,PBPBPBPBPB,BPBPBB,10
BBBBPP,PBPBPBPBPB,PBPBBP,10
BBBPPB,BPBPBPBPBP,BBPPBP,10
PBBBPB,BPBPBPBPBP,PBPBPB,10
BPPBBB,BPBPBPBPBP,PBPPBP,10
PPBBBP,PBPBPBPBPB,BBBPBB,10
PPBPBP,PBPBPBPBPB,PPPBPP,10
BBPPBP,PBPBPBPBPB,PPPPPP,10
BPPBBB,BPBPBPBPBP,PPPPBB,10
BBPBBB,BPBPBPBPBP,BPPBBB,10
BPBPBB,BPBPBPBPBP,PPBPPP,10
PBPPBP,PBPBPBPBPB,BPPPBB,10
PPPPBB,BPBPBPBPBP,BBBPBB,10
PPPPBP,PBPBPBPBPB,BPPPBB,10
BPBBBP,PBPBPBPBPB,PPBPBP,10
PPBPBP,PBPBPBPBPB,PPBPPB,10
BBPPPB,BPBPBPBPBP,PPBPBB,10
BBPPPB,BPBPBPBPBP,PBPPPB,10
PPPBBP,PBPBPBPBPB,BPBPPB,10
PPBBBP,PBPBPBPBPB,BBPPBB,10
PPPBBP,PBPBPBPBPB,BBPPPB,10
PPPBPB,BPBPBPBPBP,BPPBPB,10
BPBBPB,BPBPBPBPBP,PPBPBP,10
BPBBBB,BPBPBPBPBP,BPPPBP,10
PPPPBP,PBPBPBPBPB,PBBBBB,10
PBBPBP,PBPBPBPBPB,PBPPPB,10
PBPBBB,BPBPBPBPBP,PBPBBP,10
PBBBBB,BPBPBPBPBP,PPBPPB,10
PBPPPB,BPBPBPBPBP,PBBPPP,10
PBBPBP,PBPBPBPBPB,BBBPPP,10
PPPPBP,PBPBPBPBPB,BBPBPP,10
BPBPPP,PBPBPBPBPB,PBBBPP,10
PPBPBB,BPBPBPBPBP,PPPPPB,10
BPPBPB,BPBPBPBPBP,PPBPPB,10
BBPBPB,BPBPBPBPBP,BPBBBP,10
BPBBPB,BPBPBPBPBP,BPBBBB,10
BBBPPP,PBPBPBPBPB,BBPBBB,10
BBBBBB,BPBPBPBPBP,BPPBBP,10
BPPBBP,PBPBPBPBPB,BBPBBB,10
BPPPPP,PBPBPBPBPB,PBPPPB,10
BBBPPP,PBPBPBPBPB,BBPPBB,10
BPBPBP,PBPBPBPBPB,PBPBPP,10
BBPPPB,BPBPBPBPBP,BBBBBP,10
PPPBBP,PBPBPBPBPB,BPPBPP,10
PPBPBB,BPBPBPBPBP,BBBBPB,10
BBPBPB,BPBPBPBPBP,BPBBBP,10
PPPPPP,PBPBPBPBPB,PPPBBP,10
BBBPPB,BPBPBPBPBP,PPBPPB,10
BBPPPB,BPBPBPBPBP,BBBPBP,10
BBPBBB,BPBPBPBPBP,PBBPPB,10
BBBBBB,BPBPBPBPBP,PPPBPB,10
PBPPBP,PBPBPBPBPB,BPPBBP,10
PPPPPP,PBPBPBPBPB,PPBPBB,10
BBBBBB,BPBPBPBPBP,BPBBPB,10
PPPPBP,PBPBPBPBPB,BPBPBP,10
PBPBPB,BPBPBPBPBP,BPBPPP,10
PBPBBB,BPBPBPBPBP,PPPPBB,10
BPBPBB,BPBPBPBPBP,PBPPPB,10
PPBPPB,BPBPBPBPBP,BPPBBB,10
PBBPPB,BPBPBPBPBP,BBPBBP,10
PBPBPB,BPBPBPBPBP,BPBBBP,10
BBPPPP,PBPBPBPBPB,PPPPPP,10
BPPBPB,BPBPBPBPBP,PBPPPP,10
BPPBPB,BPBPBPBPBP,PPBBBP,10
PPBPBP,PBPBPBPBPB,PBPPPP,10
PPBPPP,PBPBPBPBPB,BPPBPP,10
PPPBBP,PBPBPBPBPB,PPPBPB,10
PBBPBB,BPBPBPBPBP,BBBPBP,10
PBPPBB,BPBPBPBPBP,PBBBPB,10
PPBBBB,BPBPBPBPBP,PPPPPB,10
PBPBBB,BPBPBPBPBP,BPBPPP,10
BPPBPP,PBPBPBPBPB,BPPBBP,10
BBPBPP,PBPBPBPBPB,BPBBBP,10
BBBPPP,PBPBPBPBPB,PBBBBB,10
BBPBPP,PBPBPBPBPB,BBBBBP,10
PPBPBB,BPBPBPBPBP,BBBBBB,10
PPPBPB,BPBPBPBPBP,BPBPBP,10
BBPPPB,BPBPBPBPBP,BPBBBP,10
PBPBBB,BPBPBPBPBP,BBPBBP,10
BBPBBB,BPBPBPBPBP,BBBPPB,10
PPPBBB,BPBPBPBPBP,PBPPPB,10
PBBPPB,BPBPBPBPBP,BBPBPB,10
BPPPBB,BPBPBPBPBP,BBBBPP,10
BPPBBB,BPBPBPBPBP,BPBBBB,10
PPPPBP,PBPBPBPBPB,PBPBBP,10
PPPPBP,PBPBPBPBPB,BPBPBP,10
BPBPBB,BPBPBPBPBP,BBBPPP,10
PBBPBP,PBPBPBPBPB,BBPBBP,10
BBPPPB,BPBPBPBPBP,BPPPPP,10
PPPPPP,PBPBPBPBPB,PPPBPP,10
BPPBBP,PBPBPBPBPB,BPBPBP,10
BBPBBP,PBPBPBPBPB,PBBPBB,10
PBBBPP,PBPBPBPBPB,BBBPPB,10
BBBPPP,PBPBPBPBPB,PPBPPB,10
BPPBBB,BPBPBPBPBP,BBPPPB,10
BBPBPB,BPBPBPBPBP,BPBBPB,10
PBBPBB,BPBPBPBPBP,PBPPPP,10
PPBBBB,BPBPBPBPBP,PPPPBP,10
BBBBBB,BPBPBPBPBP,BPPBPP,10
BBBPPP,PBPBPBPBPB,PBPPPP,10
PBBPBP,PBPBPBPBPB,BPBBPB,10
PPBPBB,BPBPBPBPBP,PPBPBB,10
BPBPBP,PBPBPBPBPB,PPPPPP,10
BBBBPP,PBPBPBPBPB,PPBBBB,10
BBPBPB,BPBPBPBPBP,PBBBPP,10
BBPBPP,PBPBPBPBPB,BPPBPB,10
PBPPBB,BPBPBPBPBP,PBPBPB,10
BBPBPB,BPBPBPBPBP,PBBPBP,10
PPPPBP,PBPBPBPBPB,BBBPBB,10
BBPBPB,BPBPBPBPBP,BBBPBB,10
BPPPBB,BPBPBPBPBP,PBPPPB,10
PPBBPP,PBPBPBPBPB,PBBPBB,10
PBBBBB,BPBPBPBPBP,PBBBBB,10
BPPBPB,BPBPBPBPBP,PPPBPP,10
BPPBBB,BPBPBPBPBP,PPBPPP,10
BPBPBP,PBPBPBPBPB,BBBBPB,10
PBBPBP,PBPBPBPBPB,BBPPBB,10
BPBBPB,BPBPBPBPBP,BBPPBP,10
BBBBPB,BPBPBPBPBP,PPPPPP,10
BPBPBB,BPBPBPBPBP,BBBBPP,10
BPPPBP,PBPBPBPBPB,BBPBPB,10
BBPBPP,PBPBPBPBPB,BPBPPB,10
BBBPBP,PBPBPBPBPB,PPBBPB,10
BPPBBB,BPBPBPBPBP,PPBBPP,10
BPPBBB,BPBPBPBPBP,PPPPBB,10
PBBPPP,PBPBPBPBPB,PBPBBB,10
BBPPPP,PBPBPBPBPB,BPPBPB,10
PBPPBP,PBPBPBPBPB,BPPBBP,10
BPBPBB,BPBPBPBPBP,BBBPPB,10
PPBBPB,BPBPBPBPBP,PBBBBB,10
BBBBPB,BPBPBPBPBP,PBPBBB,10
BPBBBP,PBPBPBPBPB,PBPBPB,10
PPPBBP,PBPBPBPBPB,BBBPPP,10
PBPPPB,BPBPBPBPBP,PBPPPP,10
PBBPPP,PBPBPBPBPB,BPPPPB,10
BPBBBP,PBPBPBPBPB,PBBPPP,10
BBPBPB,BPBPBPBPBP,PPBPBB,10
PBBBPP,PBPBPBPBPB,PPBBPB,10
PPPPPB,BPBPBPBPBP,BPBPBP,10
BPBPBB,BPBPBPBPBP,BBBBPB,10
BPPBPB,BPBPBPBPBP,PBBBBP,10
BPPBPP,PBPBPBPBPB,BPPPPP,10
PPBBBP,PBPBPBPBPB,PBPBPB,10
BPBPBP,PBPBPBPBPB,BBPBPB,10
PBBPBB,BPBPBPBPBP,BBBPPB,10
PBBPBB,BPBPBPBPBP,BBBBBP,10
PBPBPB,BPBPBPBPBP,PPBBBP,10
PBBBBB,BPBPBPBPBP,BPPBBB,10
BPPPPB,BPBPBPBPBP,PPBBBP,10
PPPPBB,BPBPBPBPBP,PPBPBB,10
PBPBBP,PBPBPBPBPB,BPBBPB,10
BBBPBP,PBPBPBPBPB,PBPBPB,10
BPBBPP,PBPBPBPBPB,PPBBPP,10
BPBBPP,PBPBPBPBPB,PPBBPP,10
PPPPPP,PBPBPBPBPB,BBBBPB,10
PBBBBB,BPBPBPBPBP,BPBPPB,10
BPPBBB,BPBPBPBPBP,PPPBBP,10
BBPBBB,BPBPBPBPBP,BPPBPP,10
PPPBBB,BPBPBPBPBP,BPBPBP,10
BBBPBP,PBPBPBPBPB,PBBBPB,10
PBPBBP,PBPBPBPBPB,PBBPBB,10
PPBBBP,PBPBPBPBPB,PPPPBB,10
PBPPBP,PBPBPBPBPB,BPBBBP,10
BBBBPP,PBPBPBPBPB,BBPBBB,10
PBBBBP,PBPBPBPBPB,BBBBBB,10
BPBBPB,BPBPBPBPBP,PBPBPP,10
BBBPBB,BPBPBPBPBP,BBBPBB,10
PPBPBP,PBPBPBPBPB,BPPPPP,10
BBPBPB,BPBPBPBPBP,PBPBBB,10
PBPPBB,BPBPBPBPBP,PBPPBB,10
BPBPBB,BPBPBPBPBP,BBBPBP,10
BBPBBB,BPBPBPBPBP,PBPBPB,10
PPBBPB,BPBPBPBPBP,PBPBPB,10
BBBPPP,PBPBPBPBPB,BBPPBB,10
BPPPBB,BPBPBPBPBP,PPBBBB,10
PBPBBP,PBPBPBPBPB,BBBBPB,10
PPPBPP,PBPBPBPBPB,BPPBBB,10
BBPPBP,PBPBPBPBPB,BBBBPP,10
PPPPPP,PBPBPBPBPB,BPPPPP,10
PPBBBB,BPBPBPBPBP,BBPPBB,10
BPBBPP,PBPBPBPBPB,BPPBPP,10
BPPPBP,PBPBPBPBPB,PPBBPB,10
PBPBPP,PBPBPBPBPB,BPPBBB,10
PPBPPB,BPBPBPBPBP,BBPPPP,10
BBPBBB,BPBPBPBPBP,BPPBBB,10
BBBBBP,PBPBPBPBPB,BBBBBP,10
BBPBPB,BPBPBPBPBP,PBPPPB,10
PBPPPP,PBPBPBPBPB,PBPBBP,10
BBPPBB,BPBPBPBPBP,BBPPPP,10
PPBPPB,BPBPBPBPBP,PBPPPB,10
PBBBBP,PBPBPBPBPB,PPBBPP,10
BBPBPP,PBPBPBPBPB,BBBPPP,10
BBBPPP,PBPBPBPBPB,BBBPPP,10
PPBPBP,PBPBPBPBPB,BBPBBP,10
PBBPBB,BPBPBPBPBP,BBPBBB,10
PBBPPB,BPBPBPBPBP,BPPBPB,10
BBPBBP,PBPBPBPBPB,BBBBPP,10
PPPBPB,BPBPBPBPBP,PBBBPB,10
BBBBPP,PBPBPBPBPB,BBBPPP,10
PPBBPB,BPBPBPBPBP,BPBPPB,10
BPPPBB,BPBPBPBPBP,BBPBPB,10
BPPPPP,PBPBPBPBPB,BBBPPB,10
BBBBPP,PBPBPBPBPB,BPBBPP,10
PPBBBP,PBPBPBPBPB,BPPPBB,10
BBPPBP,PBPBPBPBPB,BBBPPB,10
PBBBBB,BPBPBPBPBP,BPBPPB,10
BPPBPB,BPBPBPBPBP,BBPPPP,10
PPBBBP,PBPBPBPBPB,PPPPBB,10
PBPPPB,BPBPBPBPBP,PPBPPP,10
PPPBPB,BPBPBPBPBP,PBPBBP,10
PPBPPB,BPBPBPBPBP,PBPBPP,10
BBPBPB,BPBPBPBPBP,PBBPBB,10
BPBPPB,BPBPBPBPBP,PPBPPP,10
PPPPBP,PBPBPBPBPB,PBPBBP,10
BBPBPB,BPBPBPBPBP,PBBBPB,10
BPPBPB,BPBPBPBPBP,PBBBPB,10
BBPBBP,PBPBPBPBPB,PBPPBP,10
PBBBPB,BPBPBPBPBP,BBBPBB,10
BBPPBB,BPBPBPBPBP,PBPPPP,10
PPPBBB,BPBPBPBPBP,PBBPPP,10
BBPPBP,PBPBPBPBPB,PPPPBP,10
BBPPPB,BPBPBPBPBP,BPBPBB,10
PBPPPP,PBPBPBPBPB,PPBBPB,10
BBBBBB,BPBPBPBPBP,BBBBBP,10
PPBPPB,BPBPBPBPBP,PBPPPP,10
BBBBPB,BPBPBPBPBP,PPPBBP,10
BPBBBP,PBPBPBPBPB,BBPBBP,10
PBPPPP,PBPBPBPBPB,BPPPBP,10
PBBBBB,BPBPBPBPBP,PPPBBP,10
BPPPBB,BPBPBPBPBP,BBBPBB,10
PPPPBP,PBPBPBPBPB,PPPBBP,10
PPPBBB,BPBPBPBPBP,BPBPPB,10
BPBBPP,PBPBPBPBPB,PBPPBP,10
BBBPBB,BPBPBPBPBP,PPPPPB,10
PBPBPP,PBPBPBPBPB,PPPPBB,10
PBPPPB,BPBPBPBPBP,BPBBPB,10
BBPPBB,BPBPBPBPBP,PBPPBP,10
PPBPPB,BPBPBPBPBP,PBBBBP,10
PPBPPB,BPBPBPBPBP,PPBBBP,10
PBBPBB,BPBPBPBPBP,PBBBBP,10
BPBPBB,BPBPBPBPBP,BPBPPB,10
BBBPBB,BPBPBPBPBP,PPBPBB,10
PBPBPP,PBPBPBPBPB,PBBPBP,10
BPBBPB,BPBPBPBPBP,PBBBBP,10
BBBBBP,PBPBPBPBPB,BPBPPP,10
PBBPBB,BPBPBPBPBP,BPBBBP,10
PBPBBB,BPBPBPBPBP,BBPBPP,10
PBPBBB,BPBPBPBPBP,BBPPPP,10
PBBPPP,PBPBPBPBPB,PPBBPP,10
BPPBPP,PBPBPBPBPB,PPPPPP,10
BPPBPB,BPBPBPBPBP,PPPBPP,10
BBBBPB,BPBPBPBPBP,BBPPPB,10
PPBBBP,PBPBPBPBPB,PBBBBB,10
PPBBBB,BPBPBPBPBP,BPPPBB,10
PBPPBB,BPBPBPBPBP,PBBBPP,10
BBBPBB,BPBPBPBPBP,PBBBPB,10
BPBPPP,PBPBPBPBPB,BPBBPB,10
PBBPBB,BPBPBPBPBP,BPBPBB,10
PPPBPP,PBPBPBPBPB,PPPPPB,10
PPBBBB,BPBPBPBPBP,BBBBBP,10
PPPPBB,BPBPBPBPBP,PPPPBP,10
PPBBBB,BPBPBPBPBP,BPPPBP,10
PBBPBB,BPBPBPBPBP,BBPBBB,10
PPBBPB,BPBPBPBPBP,BPPBBP,10
PPBBPB,BPBPBPBPBP,BPPBBP,10
PPBBPP,PBPBPBPBPB,PPBBPP,10
PPPBBP,PBPBPBPBPB,PPPBBB,10
BPBPBP,PBPBPBPBPB,PBBPPP,10
PBBBBP,PBPBPBPBPB,PBBPBP,10
PPPBPP,PBPBPBPBPB,PBBPPB,10
BBPPBP,PBPBPBPBPB,BPPBBB,10
PPBBBP,PBPBPBPBPB,PBPPPP,10
PPBBPB,BPBPBPBPBP,PBPBBB,10
BPPBPP,PBPBPBPBPB,PPBPPB,10
PPBPBB,BPBPBPBPBP,PBBPPB,10
BPPBBP,PBPBPBPBPB,BPBBBB,10
BPPBPP,PBPBPBPBPB,BPPBBB,10
BPPBBB,BPBPBPBPBP,BPBPPB,10
BPPPPP,PBPBPBPBPB,BBBPPP,10
BBBBBP,PBPBPBPBPB,BPBBBB,10
BBBBBP,PBPBPBPBPB,BBBPPP,10
BPBPBP,PBPBPBPBPB,BPBBBP,10
PBPPPB,BPBPBPBPBP,BPBPPP,10
PBPBPP,PBPBPBPBPB,PBBBPB,10
PBPBPP,PBPBPBPBPB,PBBBPB,10
BPBPPB,BPBPBPBPBP,PPPPBP,10
PPBBBP,PBPBPBPBPB,PBPBBP,10
BBPBPB,BPBPBPBPBP,PPBBBB,10
BPBBBB,BPBPBPBPBP,BPBBPB,10
PBBPPB,BPBPBPBPBP,BPBPPP,10
BBBPPP,PBPBPBPBPB,PBBPPB,10
PPBBBP,PBPBPBPBPB,PPPBBB,10
PPPPBB,BPBPBPBPBP,PPPPPB,10
BPPPBB,BPBPBPBPBP,PPPPPB,10
PPPPBP,PBPBPBPBPB,BPBBBP,10
PPPPBP,PBPBPBPBPB,BPBBBP,10
PPPBPB,BPBPBPBPBP,PPPBPP,10
BPBBPP,PBPBPBPBPB,BPBPBP,10
BBBBPP,PBPBPBPBPB,PBBBBB,10
BPPPBP,PBPBPBPBPB,PPBBPP,10
BBPBBP,PBPBPBPBPB,BPPBPB,10
PPBBBP,PBPBPBPBPB,PPBBPB,10
BBBPBB,BPBPBPBPBP,BPPPBP,10
PPBBBB,BPBPBPBPBP,PBPBBB,10
PPBBBP,PBPBPBPBPB,BBPBPP,10
BBPPPP,PBPBPBPBPB,PPBBBB,10
PBPPPP,PBPBPBPBPB,BPBPBP,10
BPPPPB,BPBPBPBPBP,BBPBBB,10
PPBBBP,PBPBPBPBPB,PPPBBB,10
PPPPBB,BPBPBPBPBP,PPPPBP,10
BPBBPB,BPBPBPBPBP,BPBBBP,10
BPPBBP,PBPBPBPBPB,PPPPBP,10
PPPBBP,PBPBPBPBPB,BPPPBB,10
BBBPPB,BPBPBPBPBP,PPPPBP,10
BPBBBP,PBPBPBPBPB,BBPPPB,10
PPPBBB,BPBPBPBPBP,PPBBBP,10
PBPPBB,BPBPBPBPBP,PPPBPB,10
PPBBPB,BPBPBPBPBP,PBPPPB,10
BPBBPP,PBPBPBPBPB,BPPBBB,10
BBBPPP,PBPBPBPBPB,PPBBPB,10
BBPBPB,BPBPBPBPBP,BBBPPB,10
BBBBPB,BPBPBPBPBP,BPBBPB,10
BPBPPP,PBPBPBPBPB,PPBPBP,10
BPPPBB,BPBPBPBPBP,BPBBPB,10
BPPBBP,PBPBPBPBPB,PPBPBP,10
PBPBPB,BPBPBPBPBP,BPPPPP,10
PPBBBP,PBPBPBPBPB,BBBBBB,10
PPBBBB,BPBPBPBPBP,PBPPBP,10
PPPPBB,BPBPBPBPBP,BPBPBP,10
BBBBPB,BPBPBPBPBP,PPBPBB,10
BPPBBB,BPBPBPBPBP,PPPBPP,10
PPPPBB,BPBPBPBPBP,BBPBBP,10
PPPBPP,PBPBPBPBPB,BPPBPP,10
PPBBBB,BPBPBPBPBP,PPBBPP,10
PBPPBB,BPBPBPBPBP,BBBBPB,10
PPPPBB,BPBPBPBPBP,BPPBBB,10
BBBBBB,BPBPBPBPBP,BBBBPB,10
PBBPPP,PBPBPBPBPB,BPPBPP,10
PPBPBB,BPBPBPBPBP,BPPBPB,10
PBPPPP,PBPBPBPBPB,BPBPBB,10
BPPPBP,PBPBPBPBPB,BBBPBP,10
BBPBPP,PBPBPBPBPB,PBPBBB,10
PBPPBB,BPBPBPBPBP,PBBBPB,10
PPBBBP,PBPBPBPBPB,PBBBPP,10
BPPPBB,BPBPBPBPBP,BBBPPB,10
PBPBBB,BPBPBPBPBP,BBPPBP,10
BBPPBB,BPBPBPBPBP,PPPBPB,10
BBBBBB,BPBPBPBPBP,PPPBPP,10
PBPBBP,PBPBPBPBPB,PPPBPB,10
PPBBPP,PBPBPBPBPB,BPBPPB,10
PBPBPP,PBPBPBPBPB,BPPPBP,10
PPBPPP,PBPBPBPBPB,BBPPPP,10
PPBPPB,BPBPBPBPBP,PBPBBP,10
PPBPPB,BPBPBPBPBP,PBPBBP,10
BPPPBB,BPBPBPBPBP,BBBBPB,10
BPPPBB,BPBPBPBPBP,BBBBPB,10
BPPBPB,BPBPBPBPBP,BPPBBB,10
BPPBPB,BPBPBPBPBP,BPPBBB,10
BPPBPB,BPBPBPBPBP,BPPBBB,10
BBBPBP,PBPBPBPBPB,BPBPBP,10
PPBBBB,BPBPBPBPBP,PBBBPP,10
PPPPBB,BPBPBPBPBP,PBBPBP,10
BPPPPB,BPBPBPBPBP,BBBBBB,10
BBBBBP,PBPBPBPBPB,PBPPBP,10
PPPBBB,BPBPBPBPBP,PPBPBP,10
PBBPPP,PBPBPBPBPB,BPBBBB,10
PPPBPB,BPBPBPBPBP,PPPBPB,10
BBBBBB,BPBPBPBPBP,BBBBBP,10
BBBBPB,BPBPBPBPBP,PBBBPP,10
PPPPPP,PBPBPBPBPB,BPPPPP,10
BPPBBB,BPBPBPBPBP,PPPPPP,10
PBBPPB,BPBPBPBPBP,PBBPPP,10
PPPBPP,PBPBPBPBPB,BPPBPB,10
BBBPPB,BPBPBPBPBP,PPPPBB,10
BBPPBB,BPBPBPBPBP,BPPBPB,10
PPPBBP,PBPBPBPBPB,BPBBBP,10
PPPBBP,PBPBPBPBPB,BPBBBP,10
PPBBPB,BPBPBPBPBP,PPBPPB,10
PPBBPB,BPBPBPBPBP,PPBPPB,10
BPBPBB,BPBPBPBPBP,BBBPBB,10
PPBBBB,BPBPBPBPBP,PBPPBP,10
PPPBPP,PBPBPBPBPB,PBBPBB,10
BPPBPB,BPBPBPBPBP,BPPPPB,10
BPBPPP,PBPBPBPBPB,PPPBPP,10
PPBBPP,PBPBPBPBPB,PPPPPP,10
PBBPPP,PBPBPBPBPB,PBPBBP,10
PBBPPP,PBPBPBPBPB,PBPBBP,10
PBBPBP,PBPBPBPBPB,PPBBPP,10
PBBBBB,BPBPBPBPBP,PPPBPP,10
PPBPBB,BPBPBPBPBP,PPPBBP,10
PBPPPB,BPBPBPBPBP,BPPPBP,10
BPBPPP,PBPBPBPBPB,BPBBPB,10
BPBPPP,PBPBPBPBPB,BPBBPB,10
PPBBPP,PBPBPBPBPB,BBPBPB,10
BPPBBB,BPBPBPBPBP,BBBPPP,10
BPPBPP,PBPBPBPBPB,PBBPPB,10
PBPBBB,BPBPBPBPBP,BPPPPP,10
BPPPPB,BPBPBPBPBP,PPPBPB,10
BBPPPB,BPBPBPBPBP,BBPPPB,10
BBPPBB,BPBPBPBPBP,BPBBBP,10
PPBBBB,BPBPBPBPBP,BBBPPP,10
BPPPBP,PBPBPBPBPB,PBBPPP,10
BBBPBB,BPBPBPBPBP,BBBBBP,10
BPBPBB,BPBPBPBPBP,PBBPPB,10
BBBPPB,BPBPBPBPBP,PBPPPP,10
BBBPPB,BPBPBPBPBP,PBPPPP,10
BBBPPB,BPBPBPBPBP,PBPPPP,10
BPPBPP,PBPBPBPBPB,PBBPPP,10
PPBBBB,BPBPBPBPBP,PBPPPB,10
BBPBPP,PBPBPBPBPB,BBPPBB,10
BPPPBB,BPBPBPBPBP,PBBBBP,10
PPPPPP,PBPBPBPBPB,BBBBPP,10
PPPBPB,BPBPBPBPBP,PBPPBB,10
PPBBPB,BPBPBPBPBP,PBPBPB,10
BBBPPB,BPBPBPBPBP,PBBBBP,10
BBBPPB,BPBPBPBPBP,PPBBPB,10
BBPBPP,PBPBPBPBPB,BBPPPB,10
PPPPBP,PBPBPBPBPB,BBBBBP,10
PPPBPP,PBPBPBPBPB,PPPPPB,10
BPPBPB,BPBPBPBPBP,PPBBPB,10
PBBBBB,BPBPBPBPBP,PBPPBB,10
BPBBBP,PBPBPBPBPB,PBBPPB,10
BPPPPB,BPBPBPBPBP,BPBPBP,10
PBBBBP,PBPBPBPBPB,PPPPBP,10
PPPPPB,BPBPBPBPBP,BBBBBP,10
PBPPBB,BPBPBPBPBP,BPBPBP,10
PPBBBB,BPBPBPBPBP,BBPBPB,10
PPBPBP,PBPBPBPBPB,BPBPPB,10
PPPBBB,BPBPBPBPBP,BBPPBP,10
PPPBBB,BPBPBPBPBP,BBBPBB,10
PPBPBB,BPBPBPBPBP,BPBBPP,10
PBPBPP,PBPBPBPBPB,PBPPPB,10
BPPPPP,PBPBPBPBPB,PBPBPB,10
PBPBPB,PBPBPBPBPB,PPBPBB,10
PPPPBP,PBPBPBPBPB,PPBBPP,10
BPBPPB,BPBPBPBPBP,PBBBPB,10
BPPPPB,BPBPBPBPBP,PBBBBB,10
PBBBBP,PBPBPBPBPB,PBBBBP,10
BPPBPB,BPBPBPBPBP,BPBPBP,10
PPPPPP,PBPBPBPBPB,BBBPPB,10
BBBPPB,BPBPBPBPBP,BPPBBP,10
PPBPBP,PBPBPBPBPB,BPBBBP,10
PBBBPP,PBPBPBPBPB,PBPBBB,10
BPBPPB,BPBPBPBPBP,PPPPBP,10
BPBPPB,BPBPBPBPBP,PPPPBP,10
BBBBPB,BPBPBPBPBP,PBPPPB,10
PBBPPP,PBPBPBPBPB,BPBPBB,10
BPPBBP,PBPBPBPBPB,BBPBBB,10
BBPBBP,PBPBPBPBPB,PPPPPB,10
BBBPBB,BPBPBPBPBP,PPBBPB,10
PBPPPB,BPBPBPBPBP,PBBBPB,10
BBPBPB,BPBPBPBPBP,PBPBBP,10
PBPBBP,PBPBPBPBPB,BPBPPB,10
BBPPBP,PBPBPBPBPB,PPBBPP,10
BBPPPB,BPBPBPBPBP,BPPBBP,10
BPBPBB,BPBPBPBPBP,BPBPPB,10
PPBBBP,PBPBPBPBPB,PPPBBB,10
PPBPPP,PBPBPBPBPB,PBBPPB,10
BPPPBB,BPBPBPBPBP,BBPBBB,10
BPPPBB,BPBPBPBPBP,BBPBBB,10
BPPBPB,BPBPBPBPBP,PBBBPP,10
BPPBPP,PBPBPBPBPB,BPBPBP,10
PPPPBB,BPBPBPBPBP,BBPPBP,10
PPPBPB,BPBPBPBPBP,PBBPPP,10
BPBBBB,BPBPBPBPBP,BBPBPP,10
BPBBPP,PBPBPBPBPB,BPBPPP,10
BBPPBP,PBPBPBPBPB,BBPBPB,10
PPPPPB,BPBPBPBPBP,BBPBBP,10
BPPBPB,BPBPBPBPBP,BPPBBP,10
PBBPBB,BPBPBPBPBP,PBBBPP,10
BBBBPP,PBPBPBPBPB,BBBPPP,10
BBPBPP,PBPBPBPBPB,BPPBPP,10
BPPPPP,PBPBPBPBPB,BBBBPP,10
BPBBBB,BPBPBPBPBP,BBBBBP,10
BBBBPP,PBPBPBPBPB,BBBPPP,10
PBBPBP,PBPBPBPBPB,BPBBBB,10
BPPBPP,PBPBPBPBPB,BPBBPB,10
BPBBBB,BPBPBPBPBP,BBPBBP,10
PBBPPB,BPBPBPBPBP,PPPPBB,10
BBPPPP,PBPBPBPBPB,PPBBBP,10
PPBBBB,BPBPBPBPBP,BBBBPP,10
PBBBBB,BPBPBPBPBP,BPBPBB,10
PPBBBP,PBPBPBPBPB,BBPBBB,10
BBBPBB,BPBPBPBPBP,BBBBBB,10
PBBPPP,PBPBPBPBPB,BBBBPP,10
PPBPBB,BPBPBPBPBP,PBBBPP,10
BBBBBP,PBPBPBPBPB,PBBBPP,10
BBBPPP,PBPBPBPBPB,BBBBPP,10
PBPPBB,BPBPBPBPBP,BPBBBP,10
BPPPBP,PBPBPBPBPB,PBPBPP,10
BBBBPP,PBPBPBPBPB,BBBBBP,10
PPPBPB,BPBPBPBPBP,BBPBBP,10
PBPPBP,PBPBPBPBPB,BPBPBP,10
PPPPBB,BPBPBPBPBP,BBPPBP,10
BPBBPB,BPBPBPBPBP,PBPPPP,10
BBBBPB,BPBPBPBPBP,BBPPBP,10
BPPBPB,BPBPBPBPBP,BBPPBB,10
BPPPBP,PBPBPBPBPB,PBBBPP,10
BPPPBB,BPBPBPBPBP,PBBPPP,10
BBPBBB,BPBPBPBPBP,PBBPPB,10
BBPPPP,PBPBPBPBPB,BBBBBP,10
BPBBPB,BPBPBPBPBP,PPBPPP,10
BBBBPB,BPBPBPBPBP,BPBBBB,10
PPBPBP,PBPBPBPBPB,BPBBPP,10
BPBPPB,BPBPBPBPBP,BPPPPB,10
BBPPPP,PBPBPBPBPB,PPPBBP,10
BBBPPP,PBPBPBPBPB,PBBPBB,10
BPPBBB,BPBPBPBPBP,PBBBBP,10
PPBPPP,PBPBPBPBPB,BBBBPB,10
PPBPPP,PBPBPBPBPB,BBBBPB,10
PPBBPP,PBPBPBPBPB,PPBPPP,10
BBPPBB,BPBPBPBPBP,PBBPPB,10
BBPPBB,BPBPBPBPBP,PBBPPB,10
PPPPPB,BPBPBPBPBP,PPPPBP,10
PBBBBP,PBPBPBPBPB,PPPBBP,10
BBBBPP,PBPBPBPBPB,PPPBPB,10
BPPBBB,BPBPBPBPBP,PBBBPP,10
PBPBBP,PBPBPBPBPB,PPBBPB,10
PPPBBB,BPBPBPBPBP,PPPPPB,10
PPPBBB,BPBPBPBPBP,PPPPPB,10
PPBBBB,BPBPBPBPBP,PPBPBB,10
BPBBBP,PBPBPBPBPB,PPPPPB,10
BPBBPP,PBPBPBPBPB,BBBPPB,10
BPBBPP,PBPBPBPBPB,BBBPPB,10
PBBBBP,PBPBPBPBPB,PPBBPB,10
PPBPPB,BPBPBPBPBP,BPBPBB,10
BBPBBP,PBPBPBPBPB,PPBPBP,10
BBPBPP,PBPBPBPBPB,PPPPBP,10
BBBPBP,PBPBPBPBPB,PBBBPP,10
PBPPBB,BPBPBPBPBP,BBBBPP,10
BPPBPP,PBPBPBPBPB,BPPPBB,10
PPPBPP,PBPBPBPBPB,PBBBPB,10
PBPPPB,BPBPBPBPBP,BPPPBB,10
PPBBBP,PBPBPBPBPB,BBPBBB,10
PPPBPP,PBPBPBPBPB,PBPPPB,10
BPBPPB,BPBPBPBPBP,BPPBBB,10
BPPPPB,BPBPBPBPBP,PBPBPB,10
BPBPBP,PBPBPBPBPB,PBBBPB,10
PPBBPP,PBPBPBPBPB,PPPPPB,10
PPBPPB,BPBPBPBPBP,BPPPPP,10
BBBBBP,PBPBPBPBPB,BPBBBP,10
BBBPPP,PBPBPBPBPB,PBBBBP,10
BBPPPP,PBPBPBPBPB,BBPPPP,10
PPBBBB,BPBPBPBPBP,PPBBBB,10
BBBBBB,BPBPBPBPBP,BPPBBB,10
BBBBBB,BPBPBPBPBP,PBBBPB,10
BPBBPB,BPBPBPBPBP,PBBBBB,10
BPBPBB,BPBPBPBPBP,PPBBBP,10
BBBBBP,PBPBPBPBPB,PBBPBB,10
PBPBPP,PBPBPBPBPB,PBBPPB,10
BBPPBB,BPBPBPBPBP,PBBPBB,10
PBPBBP,PBPBPBPBPB,BPPBBP,10
PPBBPB,BPBPBPBPBP,BBPPBP,10
PBBBPP,PBPBPBPBPB,PBPBBB,10
PBBBBB,BPBPBPBPBP,PPBBBP,10
PPBPPB,BPBPBPBPBP,BPPBPB,10
PPPBPP,PBPBPBPBPB,PPBPBB,10
PPPBBP,PBPBPBPBPB,PBPPPB,10
BBPPBP,PBPBPBPBPB,PPBBPP,10
PPPBPP,PBPBPBPBPB,BBBBPB,10
PBPPPB,BPBPBPBPBP,PPPBPB,10
PPPBBB,BPBPBPBPBP,PBBBPB,10
BPPPPB,BPBPBPBPBP,PPBPPB,10
PBBPPP,PBPBPBPBPB,PBPBPB,10
BPPBBP,PBPBPBPBPB,PBBPBB,10
PBPBPB,BPBPBPBPBP,PBPBBP,10
BPPBBB,BPBPBPBPBP,PBBPBP,10
PBPBPB,BPBPBPBPBP,PPBPPB,10
BPBBPP,PBPBPBPBPB,BPBBPB,10
PBBBPP,PBPBPBPBPB,PPBBBB,10
BPBPBP,PBPBPBPBPB,BPBPBP,10
BPBPBP,PBPBPBPBPB,BPBPBP,10
PPBBPP,PBPBPBPBPB,BBBPBP,10
PBPBBB,BPBPBPBPBP,PPPBPB,10
PPBBPP,PBPBPBPBPB,BBBPBP,10
PBPBBB,BPBPBPBPBP,PPPBPB,10
BBPBBP,PBPBPBPBPB,BBBPBP,10
BBPBBP,PBPBPBPBPB,BBBPBP,10
BPPBPP,PBPBPBPBPB,PPPPBP,10
PBBBPB,BPBPBPBPBP,BBBBBB,10
PPBPPB,BPBPBPBPBP,BPPPBP,10
BPPPPB,BPBPBPBPBP,BPBBBP,10
BPPPPB,BPBPBPBPBP,PBPBBB,10
BPBPPP,PBPBPBPBPB,PPPPBB,10
PPPBBP,PBPBPBPBPB,BBBPBB,10
PPPBPP,PBPBPBPBPB,BPPPPB,10
PPPBPB,BPBPBPBPBP,BBPPBB,10
PBBBPP,PBPBPBPBPB,BBBBPB,10
BPBBBB,BPBPBPBPBP,PBBBPB,10
BBPPBB,BPBPBPBPBP,PBPBBP,10
BBBBPB,BPBPBPBPBP,PBBPBP,10
BBBBPP,PBPBPBPBPB,PBPBBB,10
BBBBPP,PBPBPBPBPB,PBPBBB,10
BBBPPB,BPBPBPBPBP,PBPPBP,10
PPBPPB,BPBPBPBPBP,BBPPBP,10
BBBPPP,PBPBPBPBPB,PPPPPB,10
BBBPPP,PBPBPBPBPB,PPPPPB,10
BBBPPP,PBPBPBPBPB,PPPPPB,10
BPPPPB,BPBPBPBPBP,BBPBBP,10
PPPBBP,PBPBPBPBPB,BPBPBP,10
BBBPBB,BPBPBPBPBP,PPBPPP,10
BPBBPP,PBPBPBPBPB,PBPPPB,10
PBPBBB,BPBPBPBPBP,BPBPBP,10
PPBPBB,BPBPBPBPBP,BPBPPB,10
BPBPPB,BPBPBPBPBP,PBBBBP,10
BPBPPB,BPBPBPBPBP,PBBBBP,10
PPPPPB,BPBPBPBPBP,PPPBPB,10
BPPPPB,BPBPBPBPBP,BPPBPB,10
BPPBBB,BPBPBPBPBP,PBBBPB,10
PBBBBP,PBPBPBPBPB,BPPBPB,10
PPBPBP,PBPBPBPBPB,PBBBPP,10
PBBPBP,PBPBPBPBPB,PPPPPP,10
BBBBPP,PBPBPBPBPB,PBPBBP,10
BBBPPP,PBPBPBPBPB,BPPPBP,10
BBPPBB,BPBPBPBPBP,PPBBPP,10
BPPBPB,BPBPBPBPBP,PPPPBP,10
BBBPBB,BPBPBPBPBP,PPBPPB,10
PPBBPP,PBPBPBPBPB,BBBBPB,10
PBBPPP,PBPBPBPBPB,BPPPBP,10
BPBBPP,PBPBPBPBPB,BPPBBP,10
BPBBPP,PBPBPBPBPB,BPPBBP,10
PBBPBP,PBPBPBPBPB,BPBPBP,10
PBPBPB,BPBPBPBPBP,BPBPPB,10
PPBPPB,BPBPBPBPBP,BPBPBP,10
PPBPPB,BPBPBPBPBP,BPBPBP,10
BBPBPB,BPBPBPBPBP,PPPBPP,10
BBBBBP,PBPBPBPBPB,PBBBPB,10
PPPBBB,BPBPBPBPBP,BPBBPP,10
BBBBBP,PBPBPBPBPB,PBPPBB,10
BPBPBB,BPBPBPBPBP,BBPPPP,10
PBBPBP,PBPBPBPBPB,PBBPBB,10
PBPPBP,PBPBPBPBPB,BPPBPB,10
PPBPBB,BPBPBPBPBP,PPPPBB,10
PBPBPB,BPBPBPBPBP,BBPBPP,10
BBBBPB,BPBPBPBPBP,BPBBBB,10
BBPPBP,PBPBPBPBPB,BPBPBB,10
PPBPPB,BPBPBPBPBP,BBBBBB,10
PPPBBB,BPBPBPBPBP,PPBBPP,10
PPBBBB,BPBPBPBPBP,BBPBBB,10
PPPBPP,PBPBPBPBPB,BBPPPP,10
PPPBPP,PBPBPBPBPB,BBPPPP,10
PPPBPP,PBPBPBPBPB,BBPPPP,10
PPPBBB,BPBPBPBPBP,BPPPBP,10
PBBBBB,BPBPBPBPBP,PBPPPB,10
PBBBBB,BPBPBPBPBP,PBPPPB,10
PBBBBB,BPBPBPBPBP,PBPPPB,10
BPBPPB,BPBPBPBPBP,PBBPBP,10
PPBBBB,BPBPBPBPBP,BBPPPB,10
PBPBBP,PBPBPBPBPB,BPBPPP,10
PBPBPP,PBPBPBPBPB,BPBPPP,10
BPPPBP,PBPBPBPBPB,BBPPPB,10
PBPBBP,PBPBPBPBPB,BPPBPB,10
PBPBBP,PBPBPBPBPB,BPPBPB,10
PBBBPP,PBPBPBPBPB,BBBPBP,10
PPPPPB,BPBPBPBPBP,PBPBBB,10
PPPPBP,PBPBPBPBPB,BBBBPB,10
BBBPPP,PBPBPBPBPB,PBPPBP,10
PPBBPP,PBPBPBPBPB,PPPBPP,10
BBBPBP,PBPBPBPBPB,PBPBPB,10
PPPBPB,BPBPBPBPBP,BBBBPP,10
PPPBPB,BPBPBPBPBP,BBBBPP,10
PBBPPB,BPBPBPBPBP,BBPPBB,10
BPPBBB,BPBPBPBPBP,PPPPBB,10
PPPPBP,PBPBPBPBPB,BBPBBB,10
PPPPBP,PBPBPBPBPB,BBPBBB,10
PBPPBP,PBPBPBPBPB,PBPPBP,10
BPBBBB,BPBPBPBPBP,PBPPPP,10
BBBBPB,BPBPBPBPBP,PPPBPB,10
BBBBPB,BPBPBPBPBP,PPPBPB,10
PBPBBP,PBPBPBPBPB,BBBBPB,10
BPBBBP,PBPBPBPBPB,BBBPBB,10
BPBBBP,PBPBPBPBPB,BBBPBB,10
BBPBPP,PBPBPBPBPB,BBPBBP,10
PBBBBP,PBPBPBPBPB,PPPBBB,10
PBBBBP,PBPBPBPBPB,PPPBBB,10
PBBBBP,PBPBPBPBPB,PPPBBB,10
BPBPBB,BPBPBPBPBP,BBBBPB,10
BBBPBP,PBPBPBPBPB,PBBBBP,10
BBBPBP,PBPBPBPBPB,PBBBBP,10
BPPBBB,BPBPBPBPBP,BBPPPB,10
PPBBPP,PBPBPBPBPB,PBBBBP,10
BPPPPB,BPBPBPBPBP,PPPPPB,10
BBPBBP,PBPBPBPBPB,PPPPBP,10
BBPPBB,BPBPBPBPBP,BPBPBP,10
BBPBPB,BPBPBPBPBP,BPBBPP,10
BBPBPB,BPBPBPBPBP,BPBBPP,10
PPPBBP,PBPBPBPBPB,BBPPPB,10
BPPPBB,BPBPBPBPBP,BPPPBP,10
BBBPBP,PBPBPBPBPB,PPPBPB,10
BPPBPB,BPBPBPBPBP,BBBBBP,10
BPPPPP,PBPBPBPBPB,PPPBPB,10
PPPBPP,PBPBPBPBPB,BBBPPP,10
BBPBBB,BPBPBPBPBP,PBBBBB,10
PBPBBB,BPBPBPBPBP,PPPPBB,10
BPPPBP,PBPBPBPBPB,PBPPBB,10
PBPBBP,PBPBPBPBPB,BPPPBP,10
BBBBBB,BPBPBPBPBP,BPPBBB,10
BPPPBP,PBPBPBPBPB,BBPBBB,10
BPPPBP,PBPBPBPBPB,BBPBBB,10
BBBPPB,BPBPBPBPBP,BBBPBP,10
BPPPBP,PBPBPBPBPB,BBPPPB,10
BPPPBP,PBPBPBPBPB,BBPPPB,10
BPBBPP,PBPBPBPBPB,PPBBPB,10
PPBPPP,PBPBPBPBPB,PPBBBB,10
BPBBBB,BPBPBPBPBP,BPBBPB,10
BPBBBB,BPBPBPBPBP,BPBBPB,10
BPBBBB,BPBPBPBPBP,BPBBPB,10
PBBBBB,BPBPBPBPBP,PPBBBP,10
BBPPBP,PBPBPBPBPB,BBPBPP,10
BPPPBP,PBPBPBPBPB,PBPBPB,10
PPBBPP,PBPBPBPBPB,PBBPBB,10
BBBBBB,BPBPBPBPBP,PPPBBP,10
BBBBBB,BPBPBPBPBP,PPPBBP,10
BBBBBB,BPBPBPBPBP,PPPBBP,10
BBBBBB,BPBPBPBPBP,PPPBBP,10
BPBPBP,PBPBPBPBPB,BPBBPB,10
BPPBBB,BPBPBPBPBP,PPPBPB,10
BBBBBB,BPBPBPBPBP,BPPPPB,10
BPPPBP,PBPBPBPBPB,PPBPBB,10
BBPPBP,PBPBPBPBPB,PBPBPP,10
BBPPBP,PBPBPBPBPB,PBPBPP,10
BBPPBP,PBPBPBPBPB,PBPBPP,10
BBPPBP,PBPBPBPBPB,PBPBPP,10
BPPBPP,PBPBPBPBPB,BBPBPB,10
BPPBPB,BPBPBPBPBP,BPBBBB,10
BBBPPB,BPBPBPBPBP,PPPPPB,10
PPPPBB,BPBPBPBPBP,BBPBBP,10
PBPPPP,PBPBPBPBPB,BPBPBB,10
BPBPBP,PBPBPBPBPB,BBBPBB,10
BBBPBB,BPBPBPBPBP,BBBPPB,10
PPBPBB,BPBPBPBPBP,PBPBPB,10
PPBPBB,BPBPBPBPBP,PBPBPB,10
BPBPPP,PBPBPBPBPB,PPPBBP,10
BPPPPB,BPBPBPBPBP,BPBPPP,10
PPPPPB,BPBPBPBPBP,PBBBBP,10
BPPPBB,BPBPBPBPBP,PPBBBB,10
PBBBPB,BPBPBPBPBP,BBPBBP,10
PBBBPP,PBPBPBPBPB,BBBPPB,10
BPPPPB,BPBPBPBPBP,BBBPBP,10
BPBPBB,BPBPBPBPBP,BBBBBP,10
PBPPPP,PBPBPBPBPB,BPPBPP,10
PPPBPB,BPBPBPBPBP,PBPPPB,10
BPPPBB,BPBPBPBPBP,BBPBPB,10
BPPPPP,PBPBPBPBPB,BBBPPP,10
PBBPBB,BPBPBPBPBP,BPPPBB,10
BBBBPP,PBPBPBPBPB,BBBBBB,10
BPBBBB,BPBPBPBPBP,PBPBBP,10
PPPPPP,PBPBPBPBPB,PPBBPP,10
BBPBPB,BPBPBPBPBP,PPPPBP,10
PPBPPP,PBPBPBPBPB,BBPPBP,10
PPBPPB,BPBPBPBPBP,BBPBPB,10
BPBBPB,BPBPBPBPBP,BBBBPB,10
PBPPPB,BPBPBPBPBP,PBBBBP,10
BPBBBB,BPBPBPBPBP,BPBPBP,10
PBPBPB,BPBPBPBPBP,BBBPPB,10
BPBPPB,BPBPBPBPBP,BBPBBP,10
BPBPBP,PBPBPBPBPB,PPPPBB,10
BPPPBP,PBPBPBPBPB,PBBPPB,10
PPPPPB,BPBPBPBPBP,BPBPBP,10
BPBPBP,BPBPBPBPBP,PPPPBB,10
PPPBBP,PBPBPBPBPB,PPPBBB,10
BPBBPP,PBPBPBPBPB,BPBBBB,10
PPBBPP,PBPBPBPBPB,BBPBBB,10
BBPBPB,BPBPBPBPBP,PBBPPB,10
PPBBPP,PBPBPBPBPB,PPPPBP,10
PBPBPP,PBPBPBPBPB,BBPBBB,10
BBBBBB,BPBPBPBPBP,PPBBBB,10
BPBPBB,BPBPBPBPBP,PPBPBB,10
PBBPPB,BPBPBPBPBP,PPBBBP,10
BBBBBB,BPBPBPBPBP,BBBBPP,10
PBPBBB,BPBPBPBPBP,PBPBPB,10
PPPPBB,BPBPBPBPBP,PPBBPB,10
PBBPBB,BPBPBPBPBP,PBBBPP,10
PPBBPP,PBPBPBPBPB,PPPBBB,10
PBPPBP,PBPBPBPBPB,BPBPPB,10
PBPPBB,BPBPBPBPBP,BPPPPB,10
BBBPPB,BPBPBPBPBP,PPPPPB,10
BPPBPB,BPBPBPBPBP,PBPBPP,10
PBBBPP,PBPBPBPBPB,BBBPBP,10
BPBBBB,BPBPBPBPBP,BPPPBB,10
PBBBBP,PBPBPBPBPB,BPBBBB,10
PPBPPP,PBPBPBPBPB,BBPPPP,10
PBPBBP,PBPBPBPBPB,PPBBBB,10
PBPPBB,BPBPBPBPBP,PPPPBP,10
PBBBPB,BPBPBPBPBP,PPBBBP,10
PBBBBB,BPBPBPBPBP,BPBBPB,10
BBBPPP,PBPBPBPBPB,PBPPBB,10
PBBBPP,PBPBPBPBPB,PPBPBB,10
PBBPBP,PBPBPBPBPB,PPBBPP,10
BPBPPB,BPBPBPBPBP,BBBBPB,10
PPBBBP,PBPBPBPBPB,BBBBBB,10
BBPPPB,BPBPBPBPBP,BBPPPP,10
PPBBBB,BPBPBPBPBP,PPBPBB,10
BBBPBP,PBPBPBPBPB,PBBBBP,10
PPPBPP,PBPBPBPBPB,PBBPPB,10
PBBBPP,PBPBPBPBPB,BPBBBB,10
BBPPPB,BPBPBPBPBP,BBPBPP,10
PPBPBB,BPBPBPBPBP,BBPBPP,10
BBBBBB,BPBPBPBPBP,BBPPBP,10
BPPBPB,BPBPBPBPBP,PPBBPP,10
BBBBPP,PBPBPBPBPB,PPBPPB,10
BBBPBP,PBPBPBPBPB,PPBBBB,10
BPPBPB,BPBPBPBPBP,BBBPPB,10
PPBPPP,PBPBPBPBPB,BPBPBB,10
PPBPPP,PBPBPBPBPB,BPBPBB,10
BPBPBP,PBPBPBPBPB,BBPBBB,10
BBBBBB,BPBPBPBPBP,PBBBBP,10
BPPPBP,PBPBPBPBPB,BBBBBP,10
BBBPPP,PBPBPBPBPB,PPPBPP,10
PBPBPP,PBPBPBPBPB,BBBBBB,10
PBBBBB,BPBPBPBPBP,PBBPPB,10
PBPPPB,BPBPBPBPBP,BBBBPP,10
BPBBBP,PBPBPBPBPB,PPPPBP,10
BBPPBP,PBPBPBPBPB,BPPBPB,10
BBPPPP,PBPBPBPBPB,BPPBPP,10
PBBPBB,BPBPBPBPBP,PBPBPB,10
PPBPBP,PBPBPBPBPB,BPPBPB,10
BBBBBP,PBPBPBPBPB,BPBBBP,10
PBBBBB,BPBPBPBPBP,BBPBPB,10
BBBBPB,BPBPBPBPBP,PPPBPP,10
BBBPBB,BPBPBPBPBP,BPBPBP,10
BBBPBP,PBPBPBPBPB,BBBPPP,10
PPBPBP,PBPBPBPBPB,PBBBPB,10
PPPPPB,BPBPBPBPBP,BBBBPP,10
PPPBPP,PBPBPBPBPB,BPBPPB,10
BBBPPB,BPBPBPBPBP,PBPPPB,10
BPPBPP,PBPBPBPBPB,PPBBBB,10
BBBBPP,PBPBPBPBPB,PBPPPB,10
PPPBPP,PBPBPBPBPB,BBPPBP,10
PPPBPP,PBPBPBPBPB,BBPPBP,10
PPPBPP,PBPBPBPBPB,BBPPBP,10
BPPPPB,BPBPBPBPBP,PPPBBP,10
BPPBBB,BPBPBPBPBP,BBPPBP,10
PPPBBB,BPBPBPBPBP,PPPPBB,10
PBPPPP,PBPBPBPBPB,BPPBBP,10
PPBPBP,PBPBPBPBPB,PBBPBP,10
BPPPBP,PBPBPBPBPB,PPBPBB,10
PPBBPB,BPBPBPBPBP,BBPBBP,10
BPPBBB,BPBPBPBPBP,PPBPPB,10
PPPPBB,BPBPBPBPBP,BBPBPP,10
PBPPPP,PBPBPBPBPB,BPBPBB,10
BPBBPB,BPBPBPBPBP,PBBBPP,10
PBPPPB,BPBPBPBPBP,PPPBBP,10
BPPBBB,BPBPBPBPBP,BBBBBB,10
PBBPPP,PBPBPBPBPB,PPBPBB,10
PBPPBP,PBPBPBPBPB,PBBBPP,10
PBPPBP,PBPBPBPBPB,PBBBPP,10
PPPPBB,BPBPBPBPBP,PPBPBB,10
PPPPPP,PBPBPBPBPB,PBBPBB,10
BPBPBB,BPBPBPBPBP,PBPPPP,10
PPBPBP,PBPBPBPBPB,PPBBBP,10
BPBBBB,BPBPBPBPBP,BPPPPP,10
BBPPBP,PBPBPBPBPB,BPBBBB,10
BPBBBB,BPBPBPBPBP,BBPPPB,10
BBPBPB,BPBPBPBPBP,PBPPBP,10
PPBBPB,BPBPBPBPBP,BBPPPB,10
BBBPBB,BPBPBPBPBP,PPPPBP,10
PBPPPP,PBPBPBPBPB,PBPBPP,10
PBPBBP,PBPBPBPBPB,BBPPPP,10
PPBPBP,PBPBPBPBPB,PBPBBP,10
BPBBPP,PBPBPBPBPB,BPPBBB,10
BPBBPP,PBPBPBPBPB,BPPBBB,10
PBBPPB,BPBPBPBPBP,BPBPBP,10
PPPPPB,BPBPBPBPBP,BPPPBB,10
BBBPBB,BPBPBPBPBP,BPBPPP,10
BPPPPB,BPBPBPBPBP,PPPBPB,10
BPBBPP,PBPBPBPBPB,PPBPPB,10
BBPPBB,BPBPBPBPBP,PBPBPB,10
BPBPBP,PBPBPBPBPB,PPBBBB,10
PBPPPB,BPBPBPBPBP,BBBBPP,10
BBPPBP,PBPBPBPBPB,BBBPPP,10
PBPBPP,PBPBPBPBPB,BPBBBB,10
BBBPPB,BPBPBPBPBP,BPBPBB,10
BBPBPB,BPBPBPBPBP,PPBPPB,10
PBBBPP,PBPBPBPBPB,PPPBPP,10
BBPBPP,PBPBPBPBPB,PBBPBP,10
BBBPPB,BPBPBPBPBP,PPBPBB,10
BBPBBP,PBPBPBPBPB,BBBBPB,10
PPBBPP,PBPBPBPBPB,PPBPBP,10
PPBPPB,BPBPBPBPBP,PBPPBP,10
PBBPBB,BPBPBPBPBP,BPPBBB,10
BPBBPP,PBPBPBPBPB,BPBBPP,10
BPPBPP,PBPBPBPBPB,BBPBPP,10
PBPBPP,PBPBPBPBPB,BBPPBP,10
BBPPPB,BPBPBPBPBP,PBBPPB,10
BBPPPB,BPBPBPBPBP,PBBPPB,10
BBBBPP,PBPBPBPBPB,PBBPPP,10
BPPBPB,BPBPBPBPBP,BPBBPP,10
PPBBBB,BPBPBPBPBP,BPPBBP,10
PPBBBB,BPBPBPBPBP,BPPBBP,10
PBPBBB,BPBPBPBPBP,BPPBBB,10
BBPPPP,PBPBPBPBPB,PBBBBB,10
BBPBBB,BPBPBPBPBP,PBPPPB,10
PPBBBP,PBPBPBPBPB,BPPBPP,10
BPBPPP,PBPBPBPBPB,PPBBBB,10
BPBBBP,PBPBPBPBPB,PBPBBB,10
BPPBPP,PBPBPBPBPB,PPPBPP,10
BPPPPP,PBPBPBPBPB,BPPBPP,10
PPBPBP,PBPBPBPBPB,BPPBPP,10
BPPPBB,BPBPBPBPBP,BBPBBP,10
PPBPPB,BPBPBPBPBP,PBBBBB,10
BPPBPP,PBPBPBPBPB,PPPBBB,10
PPBPBB,BPBPBPBPBP,PPBPPB,10
PBBBBP,PBPBPBPBPB,BBBPPP,10
BPBPBB,BPBPBPBPBP,BBPBPB,10
PBBBBB,BPBPBPBPBP,BBPPBP,10
PPPBBP,PBPBPBPBPB,BBBBBP,10
PPBPBP,PBPBPBPBPB,BBBBBB,10
PBPBBB,BPBPBPBPBP,PBBPBB,10
BPPPPB,BPBPBPBPBP,BBBPPP,10
PBPPBB,BPBPBPBPBP,BBBBBB,10
PPBBPP,PBPBPBPBPB,PPBPBP,10
BBPPPP,PBPBPBPBPB,BBBPBP,10
PPPBPB,BPBPBPBPBP,BBBBPB,10
BPPPBB,BPBPBPBPBP,PBBBBB,10
PPPBBP,PBPBPBPBPB,BPPBPB,10
BBBBPP,PBPBPBPBPB,PPBPBB,10
BBBBPP,PBPBPBPBPB,BPBPBP,10
BBBBPP,PBPBPBPBPB,PBBBPB,10
PPPBPB,BPBPBPBPBP,PBBBBP,10
PPPBPP,PBPBPBPBPB,PBBPBP,10
PPBPPB,BPBPBPBPBP,PPPPBB,10
BPBPBB,BPBPBPBPBP,PPBBBP,10
BPPPBP,PBPBPBPBPB,PPBBPB,10
BBPPBP,PBPBPBPBPB,PPBBBP,10
PPBBPP,PBPBPBPBPB,PBPBPB,10
BBPPPP,PBPBPBPBPB,BPBPPB,10
PPPBPP,PBPBPBPBPB,BBPPPP,10
PPPBPP,PBPBPBPBPB,BBPPPP,10
PPPPPB,BPBPBPBPBP,BPBPPP,10
PPPPPB,BPBPBPBPBP,BBPPBP,10
BPBPBB,BPBPBPBPBP,BBBBPB,10
BBPPPB,BPBPBPBPBP,BPPPBB,10
PBPPBP,PBPBPBPBPB,BPBBBP,10
BPBBBB,BPBPBPBPBP,PPPBBP,10
PBPPBP,PBPBPBPBPB,BPBBBP,10
BPBBBB,BPBPBPBPBP,PPPBBP,10
BPPPBP,PBPBPBPBPB,PBBBPP,10
PPPBBB,BPBPBPBPBP,BPPPPB,10
PPBPBP,PBPBPBPBPB,BBPPPP,10
BBBBBP,PBPBPBPBPB,BPBBBP,10
BPPPPB,BPBPBPBPBP,BBPPPB,10
PPPBBP,PBPBPBPBPB,BPBPBB,10
BBPBBP,PBPBPBPBPB,BPPPBP,10
PPBPPB,BPBPBPBPBP,PPBBBP,10
BBPPPP,PBPBPBPBPB,BPBBPP,10
BBPBBP,PBPBPBPBPB,PPPPPP,10
PPPBBB,BPBPBPBPBP,PBPPBP,10
PBBPBB,BPBPBPBPBP,PBPBBB,10
BBPPPP,PBPBPBPBPB,PBBPBP,10
BPBPBP,PBPBPBPBPB,BPBPPP,10
BPPBPP,PBPBPBPBPB,BPPPBB,10
BBPBPP,PBPBPBPBPB,BPBPPB,10
PPBPBB,BPBPBPBPBP,PBPBPB,10
PPPPBP,PBPBPBPBPB,BBBPBB,10
PBBPBB,BPBPBPBPBP,PPPBPP,10
BPBBPP,PBPBPBPBPB,PPBBBB,10
BBBPBB,BPBPBPBPBP,PBPBBB,10
BBBBPB,BPBPBPBPBP,BPPBBB,10
PPBPBB,BPBPBPBPBP,BBPPBB,10
PBBBBB,BPBPBPBPBP,BPBBBP,10
PBPBBB,BPBPBPBPBP,BBBBBP,10
BBBPPB,BPBPBPBPBP,BPBPBP,10
BPPBBB,BPBPBPBPBP,BPBBPB,10
PBBBPP,PBPBPBPBPB,PBBPBB,10
PBBBPB,BPBPBPBPBP,PBBBPB,10
BBPBBP,PBPBPBPBPB,PPPBBP,10
PPBPBB,BPBPBPBPBP,PBPBBB,10
BPBBBP,PBPBPBPBPB,PPPPBP,10
BBPBBB,BPBPBPBPBP,PPBPPB,10
PPPBBP,PBPBPBPBPB,BBBPBB,10
BPPPBP,PBPBPBPBPB,PPBPPB,10
BBBPBP,PBPBPBPBPB,BPPBPB,10
PBBBBB,BPBPBPBPBP,PPBBBB,10
PBBBBB,BPBPBPBPBP,PPBBBB,10
BPPPBB,BPBPBPBPBP,BPPBBB,10
BPBBBP,PBPBPBPBPB,PPBBPP,10
PBBBBB,BPBPBPBPBP,PPPBPB,10
PPPPPP,PBPBPBPBPB,PPBBBB,10
BBPPPB,BPBPBPBPBP,BPBPPB,10
PBPBBB,BPBPBPBPBP,PPPPPP,10
BBPBBB,BPBPBPBPBP,BPPBBP,10
PBPPBB,BPBPBPBPBP,PPBBPB,10
PBBBBB,BPBPBPBPBP,BPPBPP,10
PBBBBB,BPBPBPBPBP,BPPBPP,10
BPPBPP,PBPBPBPBPB,PBBPPB,10
BBBBPB,BPBPBPBPBP,BBBBBB,10
BPBPBP,PBPBPBPBPB,BPBBBB,10
BPBPBP,PBPBPBPBPB,BPBBBB,10
PBBBBP,PBPBPBPBPB,PBBPBB,10
BBPPBP,PBPBPBPBPB,BPPPPB,10
PPPPPB,BPBPBPBPBP,PBBPBP,10
BPBBPP,PBPBPBPBPB,PPBBBP,10
PBBPPP,PBPBPBPBPB,BBPPBB,10
PPBBPB,BPBPBPBPBP,PBBPBP,10
PBPPBB,BPBPBPBPBP,BBBPPP,10
BBBPPP,PBPBPBPBPB,BBPPPB,10
BBBBBB,BPBPBPBPBP,PBPPPP,10
BPBPPP,PBPBPBPBPB,PPBPBB,10
PBBPPB,BPBPBPBPBP,PBPBBB,10
PBPBPP,PBPBPBPBPB,BBPBPP,10
PPBBPP,PBPBPBPBPB,BBPPPP,10
BPBPBP,PBPBPBPBPB,PBPBPP,10
BBPBBB,BPBPBPBPBP,BBPPPP,10
BBPBBB,BPBPBPBPBP,BPPPPB,10
BPBPBP,PBPBPBPBPB,PPBBPB,10
BBBPPB,BPBPBPBPBP,PPPBPB,10
PPBPPP,PBPBPBPBPB,PBPPBB,10
PBBBBP,PBPBPBPBPB,BBBBBB,10
BBBBBB,BPBPBPBPBP,BPPPPB,10
BPBBPP,PBPBPBPBPB,BPPBBP,10
BPBBBP,PBPBPBPBPB,PBPBPP,10
PPPBBP,PBPBPBPBPB,BBPPBP,10
BPPBBP,PBPBPBPBPB,PPPPBP,10
BPBPBB,BPBPBPBPBP,PBPBBP,10
PBBPBB,BPBPBPBPBP,PPPBPB,10
BPPPBB,BPBPBPBPBP,PPPPPB,10
BBPPBP,PBPBPBPBPB,PBPPPB,10
PBPPPP,PBPBPBPBPB,PPBPBP,10
BBPPPB,BPBPBPBPBP,PBBPPB,10
BBBBPP,PBPBPBPBPB,BPPBPP,10
BBBPBP,PBPBPBPBPB,BPPPBB,10
BPPBBP,PBPBPBPBPB,PBPBBB,10
PBPBBP,PBPBPBPBPB,PBBPPB,10
PBBBPB,BPBPBPBPBP,PPBPBB,10
BBBBPB,BPBPBPBPBP,BBBBBB,10
BBPPPB,BPBPBPBPBP,BPPPPB,10
PPBPBB,BPBPBPBPBP,BPPPBP,10
BPBBPB,BPBPBPBPBP,PBBBBP,10
PBBBBB,BPBPBPBPBP,PPBBPB,10
PPPPBP,PBPBPBPBPB,PPBBBP,10
BPPBBB,BPBPBPBPBP,BBBBPB,10
BPPBPB,BPBPBPBPBP,BPBBBB,10
PPPPPP,PBPBPBPBPB,BPBPBP,10
BBBPPB,BPBPBPBPBP,PBPBPB,10
BBBPPP,PBPBPBPBPB,BBBPBB,10
PPPPBP,PBPBPBPBPB,PPPBPP,10
PBPPBB,BPBPBPBPBP,BBPPBB,10
PPBPPB,BPBPBPBPBP,PBPBBB,10
BBBPBB,BPBPBPBPBP,PPPPBB,10
PBBPBP,PBPBPBPBPB,PPPPBP,10
BPBBPP,PBPBPBPBPB,BPPPBB,10
BBBPBP,PBPBPBPBPB,BPPPBB,10
BPBPPB,BPBPBPBPBP,PPBPBP,10
BPBBBP,PBPBPBPBPB,PPBPPP,10
BPPPPB,BPBPBPBPBP,PBBBPP,10
BPPPPB,BPBPBPBPBP,PBBBPP,10
BPBPBB,BPBPBPBPBP,PPPPPP,10
BBBBPP,PBPBPBPBPB,BBBBBP,10
PPBPBB,BPBPBPBPBP,BBPPBB,10
BPBBBB,BPBPBPBPBP,BPPPBB,10
PBBPBB,BPBPBPBPBP,BPPPPB,10
BPPPBB,BPBPBPBPBP,PPBBPB,10
PBPBBB,BPBPBPBPBP,BPBBBP,10
PBPBBB,BPBPBPBPBP,BPBBBP,10
BPPBPB,BPBPBPBPBP,PBBPPP,10
BPBPBP,PBPBPBPBPB,BBBBPB,10
BBBPBP,PBPBPBPBPB,BBBBBP,10
PBBPPP,PBPBPBPBPB,PBPBBB,10
BBPPBP,PBPBPBPBPB,BPPBPB,10
PBPBPP,PBPBPBPBPB,PPBPPP,10
BBBPBB,BPBPBPBPBP,PBBPPP,10
BPBBPP,PBPBPBPBPB,PPPPBB,10
BBPBPP,PBPBPBPBPB,BBBBBP,10
BPBBPP,PBPBPBPBPB,PBPBBB,10
BBBBBB,BPBPBPBPBP,BPBPBB,10
PBBPPB,BPBPBPBPBP,PPBPBP,10
BBPPBP,PBPBPBPBPB,PBPBBP,10
BBBPPP,PBPBPBPBPB,PPBBPP,10
BPBPBB,BPBPBPBPBP,BBBBPB,10
BBPPPB,BPBPBPBPBP,BBPPBP,10
BBBBBP,PBPBPBPBPB,BPBPBP,10
BBBPBP,PBPBPBPBPB,PBBBPP,10
BBBBPP,PBPBPBPBPB,PBBPBB,10
BPBBPB,BPBPBPBPBP,PPPPBP,10
BBBPBP,PBPBPBPBPB,PBBBPB,10
PBBBBB,BPBPBPBPBP,PPBBBP,10
PBBPPP,PBPBPBPBPB,PBPPBB,10
BBBPBB,BPBPBPBPBP,BBPBBP,10
PBPBPP,PBPBPBPBPB,BBPPPB,10
BPBBBB,BPBPBPBPBP,PBPPPP,10
BPPPPB,BPBPBPBPBP,BPPPPB,10
BBPPBB,BPBPBPBPBP,PBPBPB,10
BPBPBP,PBPBPBPBPB,BPBPPB,10
PBBPPP,PBPBPBPBPB,BPBPBB,10
BBBBBP,PBPBPBPBPB,PBBPPB,10
BBPBPB,BPBPBPBPBP,PBPBPP,10
BPPBBB,BPBPBPBPBP,BPBPBP,10
BPPPPB,BPBPBPBPBP,BBPBPP,10
PPPPBB,BPBPBPBPBP,PPPBBB,10
PPPPBB,BPBPBPBPBP,PBBPPB,10
BBPBBB,BPBPBPBPBP,PPPBBB,10
BBBPBP,PBPBPBPBPB,BBPBBB,10
PPPPBP,PBPBPBPBPB,PBPPPB,10
PBPBBP,PBPBPBPBPB,PBPPPP,10
BBPPBP,PBPBPBPBPB,BBPBBB,10
BPPPPB,BPBPBPBPBP,PBBBBB,10
BBBBPB,BPBPBPBPBP,BPPPBB,10
PPPPBB,BPBPBPBPBP,PPBBBB,10
BBBPPP,PBPBPBPBPB,PPBBBB,10
BBPBBP,PBPBPBPBPB,BBPBBP,10
PPPBBP,PBPBPBPBPB,PPPBPB,10
PBBPBP,PBPBPBPBPB,BBPBPP,10
PPPPPP,PBPBPBPBPB,PBBBPP,10
PPPBBB,BPBPBPBPBP,PPBPBP,10
PPBPPP,PBPBPBPBPB,PBBBBB,10
BPPBBP,PBPBPBPBPB,BPPBPP,10
PPPBPP,PBPBPBPBPB,BPPPBB,10
BPBBBB,BPBPBPBPBP,BBPPBP,10
PPPPBP,PBPBPBPBPB,BBBBPP,10
PBPBBP,PBPBPBPBPB,BBBPBP,10
PPPPPP,PBPBPBPBPB,PBPPBP,10
PPPPBB,BPBPBPBPBP,BBBBBP,10
PPBPPB,BPBPBPBPBP,PBBPBP,10
BPPBBP,PBPBPBPBPB,PBBPBP,10
BBPBPP,PBPBPBPBPB,BBPBBP,10
BPPPPB,BPBPBPBPBP,PPBPPP,10
BBBPBP,PBPBPBPBPB,PBBBPP,10
BPPBPB,BPBPBPBPBP,PBBBBB,10
PPBPPP,PBPBPBPBPB,BBBBBP,10
BBPBPB,BPBPBPBPBP,BBBBPP,10
BPPBBB,BPBPBPBPBP,PBPPBB,10
BPBBPB,BPBPBPBPBP,BPPBPP,10
PPBPPB,BPBPBPBPBP,BBPPPB,10
BBBPPP,PBPBPBPBPB,BPPBBP,10
BBBBBB,BPBPBPBPBP,PBPPBP,10
PPPBPP,PBPBPBPBPB,PPBBBP,10
BBPPPP,PBPBPBPBPB,BPBBBP,10
BPBPBB,BPBPBPBPBP,PPBPPP,10
BPPPPP,PBPBPBPBPB,PBPPBP,10
BPPPPP,PBPBPBPBPB,PPBBPP,10
PBPPBP,PBPBPBPBPB,BPBPPB,10
PBBBBP,PBPBPBPBPB,PPPBPP,10
PBBPBB,BPBPBPBPBP,BPBPBB,10
PPPPBB,BPBPBPBPBP,BBPPPB,10
BPBBBB,BPBPBPBPBP,PPPPPP,10
PPPPBB,BPBPBPBPBP,PPPPBB,10
PBPBBP,PBPBPBPBPB,PPPBPP,10
PBBPBB,BPBPBPBPBP,PPBPPB,10
BPBPBP,PBPBPBPBPB,PPBPBB,10
PBPBBP,PBPBPBPBPB,BBPPPB,10
PBBPBP,PBPBPBPBPB,BPBBBB,10
PBBBBB,BPBPBPBPBP,PPBBBB,10
BBPPPP,PBPBPBPBPB,PPBBPP,10
BBBBBB,BPBPBPBPBP,PPBPBB,10
BBBPPB,BPBPBPBPBP,PPPBPP,10
PPBPPB,BPBPBPBPBP,BPBPPB,10
PPBBPP,PBPBPBPBPB,PPPBBB,10
PPPPPP,PBPBPBPBPB,BPPPPB,10
BPPPPP,PBPBPBPBPB,BPPBBP,10
PPBPBB,BPBPBPBPBP,BPBPPP,10
PPBPBP,PBPBPBPBPB,PBPPBB,10
BBBPPB,BPBPBPBPBP,BPBPBP,10
BBPBBP,PBPBPBPBPB,PBPPPP,10
BBPPPB,BPBPBPBPBP,PBBPBB,10
PPPPPB,BPBPBPBPBP,BBBPBP,10
BBBBBP,PBPBPBPBPB,PPPBBB,10
PBBPBP,PBPBPBPBPB,BPBBBP,10
PBPPBB,BPBPBPBPBP,BPPBPB,10
BPBPPP,PBPBPBPBPB,PBPBPB,10
BPBPPP,PBPBPBPBPB,PBPBPB,10
BPBBBB,BPBPBPBPBP,BBPBBP,10
BPPBBP,PBPBPBPBPB,BBPPBP,10
BBPPPP,PBPBPBPBPB,BBPBPP,10
PPPBBB,BPBPBPBPBP,PPBPPB,10
PBPPBB,BPBPBPBPBP,PPPPPB,10
PBPBPP,PBPBPBPBPB,BPPPPB,10
PPPBBP,PBPBPBPBPB,BBBPBB,10
BPPPBP,PBPBPBPBPB,BBBBBP,10
BPBPBP,PBPBPBPBPB,BBPPPP,10
PBPBPB,BPBPBPBPBP,BPPPBP,10
PBBBPB,BPBPBPBPBP,PBPPPP,10
BPBPPP,PBPBPBPBPB,BBBPBB,10
BPBPBB,BPBPBPBPBP,BPPBBP,10
PPPBBP,PBPBPBPBPB,BBBBBP,10
BBBPPP,PBPBPBPBPB,PPPPBP,10
PBPPPP,PBPBPBPBPB,PPPPPB,10
BBPPBP,PBPBPBPBPB,PBBBBB,10
PBBBBB,BPBPBPBPBP,BBBPPP,10
BBPPBB,BPBPBPBPBP,BBBPPP,10
PBBPBB,BPBPBPBPBP,PBPPPB,10
PPPBPB,BPBPBPBPBP,PBBBPB,10
PPBPPB,BPBPBPBPBP,BBBPPB,10
PBPPBB,BPBPBPBPBP,PBBPPB,10
PBBPBP,PBPBPBPBPB,BBBBBB,10
PBPPBB,BPBPBPBPBP,BPPBBP,10
BPBBBB,BPBPBPBPBP,BPBBBB,10
BPBBPB,BPBPBPBPBP,PBBPPP,10
PPPBBP,PBPBPBPBPB,BPPBPP,10
BPPBBB,BPBPBPBPBP,BBPPBB,10
PPPBBB,BPBPBPBPBP,PPBPPP,10
BBPPBP,PBPBPBPBPB,BBBBPB,10
PPPBBB,BPBPBPBPBP,PBBPBP,10
BBBPBP,PBPBPBPBPB,BPPPPB,10
PBBPBB,BPBPBPBPBP,PPPBPP,10
BPPPPB,BPBPBPBPBP,BPPBPP,10
BPPPBP,PBPBPBPBPB,PPPBPB,10
PPBPPP,PBPBPBPBPB,BBBPBB,10
BPPBBB,BPBPBPBPBP,BPPPPP,10
BPPPPB,BPBPBPBPBP,BBPPPB,10
BPPPPB,BPBPBPBPBP,BBBBBB,10
PBBBBB,BPBPBPBPBP,PBPPPB,10
PPBBPP,PBPBPBPBPB,BBPBBP,10
BBBPPB,BPBPBPBPBP,PBPBPB,10
BBBBPB,BPBPBPBPBP,BBBBBP,10
PPPBPB,BPBPBPBPBP,PBBPBB,10
BBPPPB,BPBPBPBPBP,BBPPPP,10
BPPBPB,BPBPBPBPBP,BBPBPP,10
PBPPPB,BPBPBPBPBP,PBBPBB,10
PBBBBP,PBPBPBPBPB,PPBBBP,10
PBBPPB,BPBPBPBPBP,BBPBBB,10
PBBBBB,BPBPBPBPBP,BBPPPP,10
BBBPPP,PBPBPBPBPB,BPPPPB,10
PPPPPP,PBPBPBPBPB,PBBBPP,10
PPBBBB,BPBPBPBPBP,BBPPBB,10
BPBPBP,PBPBPBPBPB,BBPBBB,10
BPBBBB,BPBPBPBPBP,PBPBPB,10
PBPPPB,BPBPBPBPBP,BPBPPP,10
PPBBPP,PBPBPBPBPB,BPPBPB,10
PPPPBB,BPBPBPBPBP,BBBPPB,10
BBBBBP,PBPBPBPBPB,PBBPPP,10
PPPBBB,BPBPBPBPBP,BBBPBB,10
BBPBBP,PBPBPBPBPB,BBBBBB,10
PPBBPB,BPBPBPBPBP,PPPPBB,10
PPPBBB,BPBPBPBPBP,PBBPBB,10
PPBPBB,BPBPBPBPBP,BPPPPP,10
BBBPPB,BPBPBPBPBP,BPBBPP,10
BPPBPB,BPBPBPBPBP,BBPBBB,10
PPPBPB,BPBPBPBPBP,PBBBPB,10
BPPPPB,BPBPBPBPBP,PBBBPB,10
PBPPBP,PBPBPBPBPB,BPPPPP,10
BBPBPB,BPBPBPBPBP,PPBBBP,10
PBBBPP,PBPBPBPBPB,PPBBPB,10
BPPPBB,BPBPBPBPBP,BBBBBP,10
PBPPPP,PBPBPBPBPB,PPBBPP,10
PPPBPB,BPBPBPBPBP,BBBPPB,10
BBPPPB,BPBPBPBPBP,BPPPBP,10
BPBBBP,PBPBPBPBPB,PBPPPP,10
PPPBBB,BPBPBPBPBP,PPBPPP,10
BPBPBP,PBPBPBPBPB,BPPBPP,10
PPBPPB,BPBPBPBPBP,PPPPBP,10
BBPBBP,PBPBPBPBPB,PBPPBP,10
BPBBBP,PBPBPBPBPB,BPBBPB,10
BBPPPP,PBPBPBPBPB,PPBPBP,10
BBBPPB,BPBPBPBPBP,BPBBBB,10
BBBBPB,BPBPBPBPBP,BBPBPB,10
PBPPBB,BPBPBPBPBP,PPBBBB,10
BPPPPB,BPBPBPBPBP,BPPBPB,10
BPPPBP,PBPBPBPBPB,BBBPPB,10
BBBPPP,PBPBPBPBPB,BBPBBB,10
BPBPBP,PBPBPBPBPB,BBBPPP,10
PBBBBB,BPBPBPBPBP,PPPPBP,10
PBPBBP,PBPBPBPBPB,BPPBPP,10
BPBPBP,PBPBPBPBPB,PPBPPB,10
PPBPBP,PBPBPBPBPB,BBBBBB,10
PPBBBB,BPBPBPBPBP,PBPPPB,10
PPBBPB,BPBPBPBPBP,BBPBBP,10
PPBBPB,BPBPBPBPBP,BBPBBP,10
PPPBBB,BPBPBPBPBP,PBPPPP,10
BBBBBB,BPBPBPBPBP,PBPBBP,10
BBBBPP,PBPBPBPBPB,PPPPBB,10
BBBBPP,PBPBPBPBPB,PBPBPB,10
PBPPBB,BPBPBPBPBP,PPBPPB,10
PBBBBP,PBPBPBPBPB,BPPBPP,10
PPPPBP,PBPBPBPBPB,BBBPBB,10
PPPPBP,PBPBPBPBPB,BPBPPP,10
BBPBBB,BPBPBPBPBP,PBPBBB,10
PBPBPB,BPBPBPBPBP,BPBPPP,10
PPBPBP,PBPBPBPBPB,PBPBPP,10
PPPBBP,PBPBPBPBPB,PBPPPB,10
BBPBPP,PBPBPBPBPB,PPPPBP,10
PBBPPB,BPBPBPBPBP,PPPBBP,10
PBBBPP,PBPBPBPBPB,BPBBBB,10
PPBBPB,BPBPBPBPBP,BBBPPB,10
BPBPBB,BPBPBPBPBP,PBPBBP,10
BBBPBB,BPBPBPBPBP,BPBBPB,10
PBBBPB,BPBPBPBPBP,PBPPPP,10
BPPPPB,BPBPBPBPBP,BBBBPP,10
BBPPBB,BPBPBPBPBP,PPBBBB,10
PBBBBP,PBPBPBPBPB,BBBPBP,10
PPPBPP,PBPBPBPBPB,BPBPPB,10
PPBBPP,PBPBPBPBPB,PBBPBB,10
PBBBPP,PBPBPBPBPB,PPPPPP,10
BBBBBB,BPBPBPBPBP,PPBBPB,10
BBBBBB,BPBPBPBPBP,PPBBPB,10
BPBPPB,BPBPBPBPBP,BBBPPP,10
BPBPPB,BPBPBPBPBP,BBPBBB,10
BBBPPP,PBPBPBPBPB,PBBPPB,10
PBPBPP,PBPBPBPBPB,PPBPBB,10
BBBBPP,PBPBPBPBPB,BPBBPP,10
PPBPBP,PBPBPBPBPB,BPBPPP,10
BPPBBB,BPBPBPBPBP,BBBPBB,10
PPBBBB,BPBPBPBPBP,BBPBPP,10
PPPPPP,PBPBPBPBPB,PBPBBB,10
BBPPPB,BPBPBPBPBP,BBBBBB,10
PPPBBB,BPBPBPBPBP,PPPPPB,10
PPPPBB,BPBPBPBPBP,PBPBBB,10
BPBBBB,BPBPBPBPBP,PBPBPB,10
PPBPPP,PBPBPBPBPB,BBBPBB,10
PPBPPB,BPBPBPBPBP,PBPPPB,10
BPBBBP,PBPBPBPBPB,BPBPBP,10
PBBPBP,PBPBPBPBPB,BBPBBB,10
PPPPBB,BPBPBPBPBP,PPPPBB,10
PPBBBB,BPBPBPBPBP,BPBPPP,10
BPBBBP,PBPBPBPBPB,BPBPBB,10
PBBPBP,PBPBPBPBPB,BBBPBB,10
BBBPPB,BPBPBPBPBP,BBBPPB,10
BPPBBP,PBPBPBPBPB,BBBPPB,10
BPBPBP,PBPBPBPBPB,BPBPPB,10
BPBPBP,PBPBPBPBPB,PBPBPP,10
BPPPPP,PBPBPBPBPB,PPBPPB,10
BBBPBB,BPBPBPBPBP,BPBPPB,10
PPBPBB,BPBPBPBPBP,PBBBBB,10
PBPPBB,BPBPBPBPBP,BPPBBB,10
PBBPBP,PBPBPBPBPB,PBBBPB,10
PBBPBP,PBPBPBPBPB,PBBBPB,10
BBPBPB,BPBPBPBPBP,PBBBPP,10
PPBPPP,PBPBPBPBPB,BPPPBB,10
PPBPPB,BPBPBPBPBP,BBBBPP,10
PPPPPP,PBPBPBPBPB,PBPPBP,10
PPPBPP,PBPBPBPBPB,PBBBPB,10
BBPPPB,BPBPBPBPBP,BPBPBP,10
PPPPPP,PBPBPBPBPB,BPPBBB,10
PBBPPB,BPBPBPBPBP,PPPPPP,10
BBBPPP,PBPBPBPBPB,BPPPBP,10
BPPBBP,PBPBPBPBPB,BPBPPP,10
PBPPPP,PBPBPBPBPB,PPBPPB,10
BPPBBB,BPBPBPBPBP,BPBBBP,10
BBPBPB,BPBPBPBPBP,PBBPPP,10
BBPBPB,BPBPBPBPBP,PBBPPP,10
PPPPPB,BPBPBPBPBP,PPBPPB,10
PBBPPP,PBPBPBPBPB,PBBPPB,10
BBBBPP,PBPBPBPBPB,PPPPPP,10
BPPPBP,PBPBPBPBPB,BBBPPB,10
BPBPPP,PBPBPBPBPB,PPBBBB,10
PBBBBB,BPBPBPBPBP,BPBPBP,10
BPPBBP,PBPBPBPBPB,BPBBPB,10
PPBPPB,BPBPBPBPBP,BPPPBB,10
PBBPBP,PBPBPBPBPB,BBPPPP,10
PBBPBP,PBPBPBPBPB,BBPPPP,10
PBPPBP,PBPBPBPBPB,PBBBPB,10
PBBBPP,PBPBPBPBPB,PBBPBP,10
PBBBPP,PBPBPBPBPB,PBBPBP,10
BBBPBB,BPBPBPBPBP,PBBPPP,10
BPBBPB,BPBPBPBPBP,BPBPPB,10
BPBPPP,PBPBPBPBPB,PPBPPB,10
BPBPPP,PBPBPBPBPB,PPBPPB,10
PPPBBB,BPBPBPBPBP,PPBBPP,10
BBPBBP,PBPBPBPBPB,BPBPPP,10
PBBPBP,PBPBPBPBPB,BPPPPP,10
BBBPPB,BPBPBPBPBP,BPBPPB,10
PPBBBB,BPBPBPBPBP,PPBPPB,10
PBPBPB,BPBPBPBPBP,PPPBBB,10
PBBBBB,BPBPBPBPBP,BPPBBP,10
PPBPBP,PBPBPBPBPB,BPPBPB,10
PPBPBP,PBPBPBPBPB,BPPBPB,10
BPPPPP,PBPBPBPBPB,PBPPPB,10
PBPBBP,PBPBPBPBPB,PPPBPB,10
PBPBBP,PBPBPBPBPB,PPPBPB,10
PBPBBP,PBPBPBPBPB,PPPBPB,10
PBPPBP,PBPBPBPBPB,PBBBPB,10
PBBBBB,BPBPBPBPBP,BPBPPB,10
PBBPBB,BPBPBPBPBP,BPBBBB,10
PBBBBP,PBPBPBPBPB,BPBPBP,10
PPBPPP,PBPBPBPBPB,PBPPBP,10
PPBPPP,PBPBPBPBPB,PBPPBP,10
PPPBBB,BPBPBPBPBP,BBPBPB,10
PPPPBP,PBPBPBPBPB,PBBBPP,10
BPPBPP,PBPBPBPBPB,BPBPPB,10
BPBBPB,BPBPBPBPBP,BBPPPB,10
BBBBPB,BPBPBPBPBP,PPBPPB,10
BBPBBB,BPBPBPBPBP,BPPBBB,10
BBBBPB,BPBPBPBPBP,PBPPBP,10
BBBBBB,BPBPBPBPBP,PBPBPP,10
PPBPPP,PBPBPBPBPB,PPBBBP,10
PPBBPB,BPBPBPBPBP,PPPBPP,10
PBPPPB,BPBPBPBPBP,BPPPPB,10
PBPPBP,PBPBPBPBPB,PBPBBP,10
PPBBBB,BPBPBPBPBP,BBBPPP,10
PBPPPP,PBPBPBPBPB,PPPPBB,10
BPBBPB,BPBPBPBPBP,BBPPPB,10
BPBBBP,PBPBPBPBPB,BPPPPB,10
BBPBBP,PBPBPBPBPB,BPPPPB,10
BBPBBP,PBPBPBPBPB,BPPPPB,10
BBBBPB,BPBPBPBPBP,BPPPPB,10
BBBBBP,PBPBPBPBPB,PBBPBP,10
PPBBBP,PBPBPBPBPB,PPPPPP,10
BBPPBB,BPBPBPBPBP,PPBBPB,10
PBPBPP,PBPBPBPBPB,PBBBBB,10
BPPPBB,BPBPBPBPBP,BPPBBB,10
PBPBPP,PBPBPBPBPB,BPBPPB,10
BBPBPP,PBPBPBPBPB,PPPPBP,10
BBPPBP,PBPBPBPBPB,PPBPPB,10
PPBBBP,PBPBPBPBPB,PBPPPB,10
PBPBBB,BPBPBPBPBP,PBPBPB,10
BPBPBB,BPBPBPBPBP,PPPPBB,10
PPPPBB,BPBPBPBPBP,BPPBBP,10
BBPBBP,PBPBPBPBPB,PBPPPP,10
PBPBBP,PBPBPBPBPB,PPPPBP,10
PPBBPP,PBPBPBPBPB,BPPPBB,10
BPBBBB,BPBPBPBPBP,PPPPBB,10
BBBPBP,PBPBPBPBPB,PPPBPB,10
BBBPBP,PBPBPBPBPB,PPPBPB,10
BPPPBP,PBPBPBPBPB,PBPPPB,10
BPPPBP,PBPBPBPBPB,PBPPPB,10
BPPPBB,BPBPBPBPBP,PBPPBP,10
PBPPBP,PBPBPBPBPB,BBBPBB,10
PBPPBP,PBPBPBPBPB,BBBPBB,10
BPBPPB,BPBPBPBPBP,PPBPBB,10
PBBBPP,PBPBPBPBPB,PPPPPB,10
BPPBPB,BPBPBPBPBP,BBPBPP,10
BPBPBP,PBPBPBPBPB,BPBPPB,10
PPBBBB,BPBPBPBPBP,BPPPBB,10
BBBBPB,BPBPBPBPBP,BBBPPP,10
PPBBPP,PBPBPBPBPB,BPBPBP,10
BBPBBB,BPBPBPBPBP,PPBPBP,10
BBPBBB,BPBPBPBPBP,PPBPBP,10
PPPPBP,PBPBPBPBPB,PBPBBB,10
BBBPBP,PBPBPBPBPB,PPBPPB,10
PPPPBP,PBPBPBPBPB,BBPBPB,10
BBBPBB,BPBPBPBPBP,BPPBPP,10
BPPBPB,BPBPBPBPBP,PPPPBB,10
PBPBBP,PBPBPBPBPB,PPPBPB,10
PPBPBB,BPBPBPBPBP,PPBBPP,10
PBBBPP,PBPBPBPBPB,PPPPBB,10
PPBPPB,BPBPBPBPBP,PBBPPP,10
BBPBBP,PBPBPBPBPB,BBPPBB,10
PPBBBP,PBPBPBPBPB,PBPBBP,10
BPBBBB,BPBPBPBPBP,PPBBPB,10
PPBPBB,BPBPBPBPBP,PBBBBB,10
PBPPPB,BPBPBPBPBP,BPPPPB,10
BPBBBP,PBPBPBPBPB,PBBBBP,10
PBPPPP,PBPBPBPBPB,PBPPPB,10
BBBPPP,PBPBPBPBPB,BPBBBP,10
BPPBPB,BPBPBPBPBP,PBBPBB,10
PBPBPB,BPBPBPBPBP,BBBBBP,10
PBBPBP,PBPBPBPBPB,PPPBBB,10
PBPBBP,PBPBPBPBPB,BPBBBP,10
PPPPPB,BPBPBPBPBP,PPBBBP,10
BPBPBP,PBPBPBPBPB,BPBBPB,10
PBBPPP,PBPBPBPBPB,BPBPBP,10
PBBBBP,PBPBPBPBPB,BBBPBP,10
BBBBBP,PBPBPBPBPB,PBPBPP,10
PBBPBP,PBPBPBPBPB,PPBPBB,10
PBBPBP,PBPBPBPBPB,PPBPBB,10
PPBPBB,BPBPBPBPBP,BPBPBP,10
BBPPBB,BPBPBPBPBP,PBPBPB,10
BBBPBP,PBPBPBPBPB,PPPBBB,10
BBBPBP,PBPBPBPBPB,PPPBBB,10
BBPBBB,BPBPBPBPBP,BPPPBP,10
PBPPBP,PBPBPBPBPB,PPBBPP,10
PBBBBP,PBPBPBPBPB,BPPPBP,10
BBPBPP,PBPBPBPBPB,BPPBPB,10
BPBBPB,BPBPBPBPBP,BBBPBB,10
BBPPBB,BPBPBPBPBP,BBBBBB,10
BPBBBB,BPBPBPBPBP,BPPPPP,10
BBBPBB,BPBPBPBPBP,PBPPPB,10
BPPPBP,PBPBPBPBPB,PPPBPP,10
PBPBBP,PBPBPBPBPB,PBBPPB,10
BPPBPP,PBPBPBPBPB,BPBBPB,10
BPPBBP,PBPBPBPBPB,PBPBBP,10
BPPBBP,PBPBPBPBPB,PBPBBP,10
BBBPBP,PBPBPBPBPB,BBPBPB,10
PPPPBP,PBPBPBPBPB,PBPPPB,10
PPBBBB,BPBPBPBPBP,BBPPPP,10
PPBPPP,PBPBPBPBPB,PPPBPP,10
PBBPPP,PBPBPBPBPB,PBPPBB,10
PBBPBP,PBPBPBPBPB,BPBPPB,10
PBBPBP,PBPBPBPBPB,BPBPPB,10
