Game_ID,Before,Pattern,After,Full_Sequence
Game_5,BBBPP,BBPBBP,BPBBB,BBBPPBBPBBPBPBBB
Game_7,BPPBP,BBPBBP,BPPBB,BPPBPBBPBBPBPPBB
Game_8,PBPPP,BBPBBP,BBBPB,PBPPPBBPBBPBBBPB
Game_16,PPPBP,BBPBBP,BPBPP,PPPBPBBPBBPBPBPP
Game_21,PPBBB,PPBPPB,PBPBB,PPBBBPPBPPBPBPBB
Game_21,PBBBP,BBPBBP,BPBP,PBBBPBBPBBPBPBP
Game_25,PBBBB,PPBPPB,PBPBP,PBBBBPPBPPBPBPBP
Game_28,PBPBP,BBPBBP,BPPBB,PBPBPBBPBBPBPPBB
Game_34,PBBBP,BBPBBP,BPBBP,PBBBPBBPBBPBPBBP
Game_36,BPBPB,PPBPPB,PPPPB,BPBPBPPBPPBPPPPB
Game_41,BPBBB,PPBPPB,PPPPP,BPBBBPPBPPBPPPPP
Game_41,PPPPB,PPBPPB,PPPPP,PPPPBPPBPPBPPPPP
Game_44,BPBBB,PPBPPB,PBPPB,BPBBBPPBPPBPBPPB
Game_53,PPPBB,PPBPPB,P,PPPBBPPBPPBP
Game_54,BBPBP,BBPBBP,BPPPP,BBPBPBBPBBPBPPPP
Game_62,BPPPB,PPBPPB,P,BPPPBPPBPPBP
Game_66,BBBBP,BBPBBP,BBBPB,BBBBPBBPBBPBBBPB
Game_67,PBBPP,BBPBBP,BPBPB,PBBPPBBPBBPBPBPB
Game_71,PBBBB,PPBPPB,PBPBB,PBBBBPPBPPBPBPBB
Game_76,PBPBP,BBPBBP,BPPPB,PBPBPBBPBBPBPPPB
Game_85,PPBPP,BBPBBP,BBP,PPBPPBBPBBPBBP
Game_86,BPBPP,BBPBBP,BPBPP,BPBPPBBPBBPBPBPP
Game_87,BPPBB,PPBPPB,PBBBB,BPPBBPPBPPBPBBBB
Game_90,PPBPB,PPBPPB,PPBPP,PPBPBPPBPPBPPBPP
Game_90,PBPPB,PPBPPB,PPBB,PBPPBPPBPPBPPBB
Game_92,PPPPP,BBPBBP,BPPBB,PPPPPBBPBBPBPPBB
Game_101,PPPPP,BBPBBP,BPPPB,PPPPPBBPBBPBPPPB
Game_103,PPPBP,BBPBBP,BPBBB,PPPBPBBPBBPBPBBB
Game_104,PPPPB,PPBPPB,PPBPB,PPPPBPPBPPBPPBPB
Game_104,PBPPB,PPBPPB,PBPPP,PBPPBPPBPPBPBPPP
Game_105,PPBPP,BBPBBP,BBBPB,PPBPPBBPBBPBBBPB
Game_105,BBPPP,BBPBBP,BPP,BBPPPBBPBBPBPP
Game_107,BBPBP,BBPBBP,BBP,BBPBPBBPBBPBBP
Game_112,PPPBP,BBPBBP,BPPBP,PPPBPBBPBBPBPPBP
Game_115,BPPBP,BBPBBP,BBPBP,BPPBPBBPBBPBBPBP
Game_115,BPBBP,BBPBBP,BPBBP,BPBBPBBPBBPBPBBP
Game_116,PPBPP,BBPBBP,BPPBP,PPBPPBBPBBPBPPBP
Game_116,BPPBP,BBPBBP,BPBBB,BPPBPBBPBBPBPBBB
Game_123,BPPPB,PPBPPB,PPP,BPPPBPPBPPBPPP
Game_125,PBPBP,BBPBBP,BBPBP,PBPBPBBPBBPBBPBP
Game_125,BPBBP,BBPBBP,BPPBP,BPBBPBBPBBPBPPBP
Game_127,BBPBB,PPBPPB,PPPPB,BBPBBPPBPPBPPPPB
Game_135,BBBBP,BBPBBP,BPBPB,BBBBPBBPBBPBPBPB
Game_140,PBBPP,BBPBBP,BPBBB,PBBPPBBPBBPBPBBB
Game_146,PBPPP,BBPBBP,BPPBB,PBPPPBBPBBPBPPBB
Game_146,PPBPP,BBPBBP,BPPPB,PPBPPBBPBBPBPPPB
Game_146,PBPPP,BBPBBP,BBBPP,PBPPPBBPBBPBBBPP
Game_149,PPBPP,BBPBBP,BBPPP,PPBPPBBPBBPBBPPP
Game_160,PBPPP,BBPBBP,BP,PBPPPBBPBBPBP
Game_166,PBBBP,BBPBBP,BBPBB,PBBBPBBPBBPBBPBB
Game_166,BPBBP,BBPBBP,BBPBP,BPBBPBBPBBPBBPBP
Game_166,BPBBP,BBPBBP,BPPBB,BPBBPBBPBBPBPPBB
Game_179,PPBBB,PPBPPB,PPPBB,PPBBBPPBPPBPPPBB
Game_184,PPPPB,PPBPPB,PBBBB,PPPPBPPBPPBPBBBB
Game_198,PBBBP,BBPBBP,BBPB,PBBBPBBPBBPBBPB
Game_198,BPBBP,BBPBBP,B,BPBBPBBPBBPB
Game_199,BBBPB,PPBPPB,PBBPB,BBBPBPPBPPBPBBPB
Game_209,PPBPP,BBPBBP,BBPBB,PPBPPBBPBBPBBPBB
Game_209,PPBBP,BBPBBP,BBPBB,PPBBPBBPBBPBBPBB
Game_209,BPBBP,BBPBBP,BBBPB,BPBBPBBPBBPBBBPB
Game_209,PBPPP,BBPBBP,BPBBB,PBPPPBBPBBPBPBBB
Game_210,BBPBP,BBPBBP,BBPPP,BBPBPBBPBBPBBPPP
Game_212,BBBPP,BBPBBP,BPB,BBBPPBBPBBPBPB
Game_219,PBBBB,PPBPPB,PPPBP,PBBBBPPBPPBPPPBP
Game_221,PBBBB,PPBPPB,PBPPP,PBBBBPPBPPBPBPPP
Game_224,PBPBB,PPBPPB,PBPPP,PBPBBPPBPPBPBPPP
Game_231,BBBPP,BBPBBP,BBBPP,BBBPPBBPBBPBBBPP
Game_231,PBPBB,PPBPPB,P,PBPBBPPBPPBP
Game_233,BBPBB,PPBPPB,PBPPP,BBPBBPPBPPBPBPPP
Game_233,PBBBB,PPBPPB,PP,PBBBBPPBPPBPP
Game_238,PBBPP,BBPBBP,BBBPP,PBBPPBBPBBPBBBPP
Game_247,BPPPP,BBPBBP,BPBPP,BPPPPBBPBBPBPBPP
Game_251,BPBPP,BBPBBP,BPPBP,BPBPPBBPBBPBPPBP
Game_261,PBBPP,BBPBBP,BPBPP,PBBPPBBPBBPBPBPP
Game_261,BPBPB,PPBPPB,PPB,BPBPBPPBPPBPPB
Game_270,BPBBB,PPBPPB,P,BPBBBPPBPPBP
Game_271,BBBBB,PPBPPB,PPPPB,BBBBBPPBPPBPPPPB
Game_271,BBPBP,BBPBBP,BPPBB,BBPBPBBPBBPBPPBB
Game_272,BPPPB,PPBPPB,PPPBB,BPPPBPPBPPBPPPBB
Game_280,BBBPP,BBPBBP,BBB,BBBPPBBPBBPBBB
Game_284,BPPPP,BBPBBP,BBBBB,BPPPPBBPBBPBBBBB
Game_294,PPBBP,BBPBBP,BBBPB,PPBBPBBPBBPBBBPB
Game_296,BPPBP,BBPBBP,BBPPB,BPPBPBBPBBPBBPPB
Game_297,PPPBP,BBPBBP,BPBBP,PPPBPBBPBBPBPBBP
Game_304,BBBPP,BBPBBP,BBBP,BBBPPBBPBBPBBBP
Game_308,BPBBP,BBPBBP,BPBPP,BPBBPBBPBBPBPBPP
Game_310,BPBBB,PPBPPB,PBBBB,BPBBBPPBPPBPBBBB
Game_311,PBBPB,PPBPPB,PPPBB,PBBPBPPBPPBPPPBB
Game_316,PBPPP,BBPBBP,BBBBB,PBPPPBBPBBPBBBBB
Game_322,PBPPB,PPBPPB,PPPPB,PBPPBPPBPPBPPPPB
Game_324,PBBPB,PPBPPB,PPBPB,PBBPBPPBPPBPPBPB
Game_324,PBPPB,PPBPPB,PBBPB,PBPPBPPBPPBPBBPB
Game_325,BBPPP,BBPBBP,BPPBP,BBPPPBBPBBPBPPBP
Game_326,BPPPB,PPBPPB,PBBPP,BPPPBPPBPPBPBBPP
Game_326,PBPBB,PPBPPB,PPBPB,PBPBBPPBPPBPPBPB
Game_326,BBPPB,PPBPPB,PBBBB,BBPPBPPBPPBPBBBB
Game_335,BBPBB,PPBPPB,PPPBP,BBPBBPPBPPBPPPBP
Game_336,BPBPB,PPBPPB,PBBPP,BPBPBPPBPPBPBBPP
Game_336,PBBPP,BBPBBP,BBBB,PBBPPBBPBBPBBBB
Game_337,PPPBB,PPBPPB,PPBPP,PPPBBPPBPPBPPBPP
Game_337,BBPPB,PPBPPB,PPBPB,BBPPBPPBPPBPPBPB
Game_337,PBPPB,PPBPPB,PBPBB,PBPPBPPBPPBPBPBB
Game_345,PBPBB,PPBPPB,PBBBP,PBPBBPPBPPBPBBBP
Game_351,PBBPP,BBPBBP,BPPBP,PBBPPBBPBBPBPPBP
Game_351,PBBPB,PPBPPB,PBBBP,PBBPBPPBPPBPBBBP
Game_352,BPPBB,PPBPPB,PPBPP,BPPBBPPBPPBPPBPP
Game_352,BBPPB,PPBPPB,PPBPP,BBPPBPPBPPBPPBPP
Game_352,PBPPB,PPBPPB,PPBBP,PBPPBPPBPPBPPBBP
Game_354,BPPBB,PPBPPB,PPPPB,BPPBBPPBPPBPPPPB
Game_356,PPBBB,PPBPPB,PPPBP,PPBBBPPBPPBPPPBP
Game_363,BBPBP,BBPBBP,BPBPB,BBPBPBBPBBPBPBPB
Game_364,BBBBB,PPBPPB,PBPBP,BBBBBPPBPPBPBPBP
Game_366,PBPPB,PPBPPB,PBBPP,PBPPBPPBPPBPBBPP
Game_366,BPBPB,PPBPPB,PPBPB,BPBPBPPBPPBPPBPB
Game_379,BBBBB,PPBPPB,PBPPP,BBBBBPPBPPBPBPPP
Game_380,PPPBB,PPBPPB,PBPPP,PPPBBPPBPPBPBPPP
Game_383,BBBBP,BBPBBP,BPPBP,BBBBPBBPBBPBPPBP
Game_386,PPPBB,PPBPPB,PBBBB,PPPBBPPBPPBPBBBB
Game_387,PPBPB,PPBPPB,PBPBP,PPBPBPPBPPBPBPBP
Game_390,BPPBP,BBPBBP,BBPBB,BPPBPBBPBBPBBPBB
Game_390,BPBBP,BBPBBP,BBBPP,BPBBPBBPBBPBBBPP
Game_395,BBBPB,PPBPPB,PPBPP,BBBPBPPBPPBPPBPP
Game_395,PBPPB,PPBPPB,PPBBB,PBPPBPPBPPBPPBBB
Game_397,BBPBB,PPBPPB,PBPPB,BBPBBPPBPPBPBPPB
Game_402,BBBBB,PPBPPB,PPBPP,BBBBBPPBPPBPPBPP
Game_403,PPBBP,BBPBBP,BBPPB,PPBBPBBPBBPBBPPB
Game_406,PBPPP,BBPBBP,BBPPB,PBPPPBBPBBPBBPPB
Game_420,PBBBB,PPBPPB,PPPPP,PBBBBPPBPPBPPPPP
Game_435,PPPBB,PPBPPB,PBPBB,PPPBBPPBPPBPBPBB
Game_441,BBBPP,BBPBBP,BBBPB,BBBPPBBPBBPBBBPB
Game_442,PBPPB,PPBPPB,PBPBP,PBPPBPPBPPBPBPBP
Game_450,BPPPP,BBPBBP,BPBBB,BPPPPBBPBBPBPBBB
Game_451,PPBBB,PPBPPB,PPBPB,PPBBBPPBPPBPPBPB
Game_452,PPPBB,PPBPPB,PPBBB,PPPBBPPBPPBPPBBB
Game_457,BPPPB,PPBPPB,PBBPB,BPPPBPPBPPBPBBPB
Game_457,BPBBP,BBPBBP,BBB,BPBBPBBPBBPBBB
Game_468,BBPPP,BBPBBP,BBPBB,BBPPPBBPBBPBBPBB
Game_468,PPBBP,BBPBBP,BBBPP,PPBBPBBPBBPBBBPP
Game_469,BBBPP,BBPBBP,BPPPB,BBBPPBBPBBPBPPPB
Game_477,BBPPP,BBPBBP,BPPPP,BBPPPBBPBBPBPPPP
Game_481,PPPPP,BBPBBP,BBBPB,PPPPPBBPBBPBBBPB
Game_481,PBBPP,BBPBBP,BBPPP,PBBPPBBPBBPBBPPP
Game_487,BBPPP,BBPBBP,BBBBP,BBPPPBBPBBPBBBBP
Game_496,PPBPP,BBPBBP,BBPPB,PPBPPBBPBBPBBPPB
Game_499,PPPPB,PPBPPB,PBBPP,PPPPBPPBPPBPBBPP
Game_504,PPPBP,BBPBBP,BPPPP,PPPBPBBPBBPBPPPP
Game_507,PBBPP,BBPBBP,BBBPB,PBBPPBBPBBPBBBPB
Game_508,PBPPB,PPBPPB,PPPBP,PBPPBPPBPPBPPPBP
Game_510,PBPBB,PPBPPB,PPBBB,PBPBBPPBPPBPPBBB
Game_513,PBBBB,PPBPPB,PPP,PBBBBPPBPPBPPP
Game_518,PPPBP,BBPBBP,BBBBP,PPPBPBBPBBPBBBBP
Game_520,PPBPB,PPBPPB,PPBPB,PPBPBPPBPPBPPBPB
Game_523,BBBPP,BBPBBP,BBPBB,BBBPPBBPBBPBBPBB
Game_523,PPBBP,BBPBBP,BBBBP,PPBBPBBPBBPBBBBP
Game_527,BPBBB,PPBPPB,PPBB,BPBBBPPBPPBPPBB
Game_544,BBPPP,BBPBBP,BBBPB,BBPPPBBPBBPBBBPB
Game_550,BBPBP,BBPBBP,BBBBP,BBPBPBBPBBPBBBBP
Game_551,BBPPB,PPBPPB,PBPPB,BBPPBPPBPPBPBPPB
Game_560,BPBPP,BBPBBP,BPPB,BPBPPBBPBBPBPPB
Game_566,PPPPB,PPBPPB,PPBB,PPPPBPPBPPBPPBB
Game_575,PPPBB,PPBPPB,PBBPB,PPPBBPPBPPBPBBPB
Game_576,BPPPB,PPBPPB,PBBBB,BPPPBPPBPPBPBBBB
Game_579,BPPBP,BBPBBP,BBBBP,BPPBPBBPBBPBBBBP
Game_581,PBBPP,BBPBBP,BPPPP,PBBPPBBPBBPBPPPP
Game_586,PPBPP,BBPBBP,BPBPB,PPBPPBBPBBPBPBPB
Game_587,PPPPB,PPBPPB,PBBB,PPPPBPPBPPBPBBB
Game_594,PPBBB,PPBPPB,PBBBB,PPBBBPPBPPBPBBBB
Game_597,PPBPB,PPBPPB,PBPPP,PPBPBPPBPPBPBPPP
Game_602,BPPBB,PPBPPB,PBBPP,BPPBBPPBPPBPBBPP
Game_610,BBBPP,BBPBBP,BBPBP,BBBPPBBPBBPBBPBP
Game_610,PPBBP,BBPBBP,BPBP,PPBBPBBPBBPBPBP
Game_624,PBPBP,BBPBBP,BBPPB,PBPBPBBPBBPBBPPB
Game_630,BBBPP,BBPBBP,BPBPB,BBBPPBBPBBPBPBPB
Game_638,PPPPP,BBPBBP,B,PPPPPBBPBBPB
Game_641,BPBBB,PPBPPB,PBBBP,BPBBBPPBPPBPBBBP
Game_642,BPPPB,PPBPPB,PBBP,BPPPBPPBPPBPBBP
Game_648,PBBPB,PPBPPB,PPPPB,PBBPBPPBPPBPPPPB
Game_649,BPBBB,PPBPPB,PBBPP,BPBBBPPBPPBPBBPP
Game_653,PPBPP,BBPBBP,BPPBB,PPBPPBBPBBPBPPBB
Game_657,PPBPP,BBPBBP,BPBBP,PPBPPBBPBBPBPBBP
Game_658,PPPPB,PPBPPB,PBPBB,PPPPBPPBPPBPBPBB
Game_658,BPBBB,PPBPPB,PPPPB,BPBBBPPBPPBPPPPB
Game_663,BPPBB,PPBPPB,PP,BPPBBPPBPPBPP
Game_664,PPPBB,PPBPPB,PPBPB,PPPBBPPBPPBPPBPB
Game_664,BBPPB,PPBPPB,PBPBP,BBPPBPPBPPBPBPBP
Game_668,BBBBB,PPBPPB,PPBPB,BBBBBPPBPPBPPBPB
Game_668,BBPPB,PPBPPB,PBBPB,BBPPBPPBPPBPBBPB
Game_675,BBPPP,BBPBBP,BPBPB,BBPPPBBPBBPBPBPB
Game_676,BBBBB,PPBPPB,PBPBB,BBBBBPPBPPBPBPBB
Game_681,BBPBB,PPBPPB,PBBBP,BBPBBPPBPPBPBBBP
Game_691,BBBPP,BBPBBP,BBPPP,BBBPPBBPBBPBBPPP
Game_694,PBPBP,BBPBBP,BPBPB,PBPBPBBPBBPBPBPB
Game_696,BPPBB,PPBPPB,PBBBP,BPPBBPPBPPBPBBBP
Game_700,BPBPP,BBPBBP,BPPBB,BPBPPBBPBBPBPPBB
Game_702,PPPBP,BBPBBP,BPBPB,PPPBPBBPBBPBPBPB
Game_704,PBBPP,BBPBBP,BBBBP,PBBPPBBPBBPBBBBP
Game_708,PPBPP,BBPBBP,B,PPBPPBBPBBPB
Game_710,BPPPP,BBPBBP,BBBPB,BPPPPBBPBBPBBBPB
Game_711,BBPPP,BBPBBP,BB,BBPPPBBPBBPBB
Game_715,BPPPP,BBPBBP,BBBPP,BPPPPBBPBBPBBBPP
Game_715,PPPBP,BBPBBP,BB,PPPBPBBPBBPBB
Game_718,PBBPB,PPBPPB,PPPBP,PBBPBPPBPPBPPPBP
Game_723,PPPBP,BBPBBP,BBBBB,PPPBPBBPBBPBBBBB
Game_737,PPBBB,PPBPPB,PBBPB,PPBBBPPBPPBPBBPB
Game_740,BPPPP,BBPBBP,BBPBB,BPPPPBBPBBPBBPBB
Game_740,PPBBP,BBPBBP,BB,PPBBPBBPBBPBB
Game_743,BBBPP,BBPBBP,BPBPP,BBBPPBBPBBPBPBPP
Game_746,PPPBB,PPBPPB,PPPBB,PPPBBPPBPPBPPPBB
Game_747,BBPBB,PPBPPB,PBBPB,BBPBBPPBPPBPBBPB
Game_749,PPPPP,BBPBBP,BBPPP,PPPPPBBPBBPBBPPP
Game_754,PBBBP,BBPBBP,BBP,PBBBPBBPBBPBBP
Game_764,BBBPB,PPBPPB,PPPPB,BBBPBPPBPPBPPPPB
Game_765,PBPBB,PPBPPB,PBPPB,PBPBBPPBPPBPBPPB
Game_767,PBBPB,PPBPPB,PPBPP,PBBPBPPBPPBPPBPP
Game_767,PBPPB,PPBPPB,PPPPP,PBPPBPPBPPBPPPPP
Game_767,PBPPB,PPBPPB,PPPBB,PBPPBPPBPPBPPPBB
Game_779,BBBPB,PPBPPB,PBPBP,BBBPBPPBPPBPBPBP
Game_779,PBBPB,PPBPPB,P,PBBPBPPBPPBP
Game_787,PBPPP,BBPBBP,BPBBP,PBPPPBBPBBPBPBBP
Game_793,PBBPB,PPBPPB,PPPPP,PBBPBPPBPPBPPPPP
Game_794,PBPPB,PPBPPB,PBPPB,PBPPBPPBPPBPBPPB
Game_794,PPPBP,BBPBBP,BBPBP,PPPBPBBPBBPBBPBP
Game_795,BBBBP,BBPBBP,BBBBB,BBBBPBBPBBPBBBBB
Game_800,PPPPB,PPBPPB,PBPBP,PPPPBPPBPPBPBPBP
Game_805,BPPPP,BBPBBP,BPPBB,BPPPPBBPBBPBPPBB
Game_819,PBPBB,PPBPPB,PPBBP,PBPBBPPBPPBPPBBP
Game_820,BPPPP,BBPBBP,BPPPB,BPPPPBBPBBPBPPPB
Game_822,PBBPB,PPBPPB,PP,PBBPBPPBPPBPP
Game_825,PBPBB,PPBPPB,PPPBB,PBPBBPPBPPBPPPBB
Game_829,BBBPP,BBPBBP,BBBBP,BBBPPBBPBBPBBBBP
Game_844,BBBPB,PPBPPB,PPPPP,BBBPBPPBPPBPPPPP
Game_845,BBPPP,BBPBBP,BPBBP,BBPPPBBPBBPBPBBP
Game_845,BBPBP,BBPBBP,BPBBB,BBPBPBBPBBPBPBBB
Game_850,BPBBB,PPBPPB,PPBPP,BPBBBPPBPPBPPBPP
Game_850,BBPPB,PPBPPB,PP,BBPPBPPBPPBPP
Game_857,BBBBP,BBPBBP,BBBPP,BBBBPBBPBBPBBBPP
Game_863,BPPBP,BBPBBP,BBBBB,BPPBPBBPBBPBBBBB
Game_869,PPBPB,PPBPPB,PBBPB,PPBPBPPBPPBPBBPB
Game_871,PPBPP,BBPBBP,BPBPP,PPBPPBBPBBPBPBPP
Game_872,BPBPB,PPBPPB,PBPBB,BPBPBPPBPPBPBPBB
Game_876,PBPPB,PPBPPB,PBBBP,PBPPBPPBPPBPBBBP
Game_879,PPPPB,PPBPPB,P,PPPPBPPBPPBP
Game_885,PBBPB,PPBPPB,PBBPB,PBBPBPPBPPBPBBPB
Game_885,BPPBP,BBPBBP,BPBBP,BPPBPBBPBBPBPBBP
Game_889,BPPBB,PPBPPB,PBBPB,BPPBBPPBPPBPBBPB
Game_890,PBPBB,PPBPPB,PBPBP,PBPBBPPBPPBPBPBP
Game_897,BBPBP,BBPBBP,BBPPB,BBPBPBBPBBPBBPPB
Game_897,PPBPP,BBPBBP,BBBBB,PPBPPBBPBBPBBBBB
Game_901,PPPBB,PPBPPB,PPPPP,PPPBBPPBPPBPPPPP
Game_906,BPPPP,BBPBBP,BPBPB,BPPPPBBPBBPBPBPB
Game_918,BBBBB,PPBPPB,PBBPB,BBBBBPPBPPBPBBPB
Game_918,BPPBP,BBPBBP,BBBPP,BPPBPBBPBBPBBBPP
Game_922,PBBPP,BBPBBP,BBPBB,PBBPPBBPBBPBBPBB
Game_923,PPBPB,PPBPPB,PPP,PPBPBPPBPPBPPP
Game_927,PBBPB,PPBPPB,PBPPP,PBBPBPPBPPBPBPPP
Game_933,PBBBP,BBPBBP,B,PBBBPBBPBBPB
Game_939,BBPPP,BBPBBP,BBPPB,BBPPPBBPBBPBBPPB
Game_941,PPBPP,BBPBBP,BBBBP,PPBPPBBPBBPBBBBP
Game_942,BBPPP,BBPBBP,BPPBB,BBPPPBBPBBPBPPBB
Game_949,BBPBP,BBPBBP,BPPPB,BBPBPBBPBBPBPPPB
Game_949,BBPPB,PPBPPB,PPPBP,BBPPBPPBPPBPPPBP
Game_952,PBBPP,BBPBBP,BBBBB,PBBPPBBPBBPBBBBB
Game_955,PBBBB,PPBPPB,PBBBP,PBBBBPPBPPBPBBBP
Game_968,BPPPP,BBPBBP,BP,BPPPPBBPBBPBP
Game_972,BPPBB,PPBPPB,PBPBB,BPPBBPPBPPBPBPBB
Game_975,PBPPP,BBPBBP,B,PBPPPBBPBBPB
Game_979,BPPBB,PPBPPB,PPBPB,BPPBBPPBPPBPPBPB
Game_979,BBPPB,PPBPPB,PBP,BBPPBPPBPPBPBP
Game_982,BPBPP,BBPBBP,BBBBP,BPBPPBBPBBPBBBBP
Game_984,PBPBB,PPBPPB,PPBPP,PBPBBPPBPPBPPBPP
Game_984,BBPPB,PPBPPB,PPPBB,BBPPBPPBPPBPPPBB
Game_999,BBBBP,BBPBBP,BPBP,BBBBPBBPBBPBPBP
Game_1006,PPBBB,PPBPPB,PPBPP,PPBBBPPBPPBPPBPP
Game_1011,PPPPP,BBPBBP,BBBBB,PPPPPBBPBBPBBBBB
Game_1013,PPPPB,PPBPPB,PPBPP,PPPPBPPBPPBPPBPP
Game_1013,PBPPB,PPBPPB,PPBPP,PBPPBPPBPPBPPBPP
Game_1015,BPBPP,BBPBBP,BBPPB,BPBPPBBPBBPBBPPB
Game_1016,BPBBB,PPBPPB,PBPPP,BPBBBPPBPPBPBPPP
Game_1023,BPPPB,PPBPPB,PBPBB,BPPPBPPBPPBPBPBB
Game_1041,BPBBB,PPBPPB,PPBBB,BPBBBPPBPPBPPBBB
Game_1052,BPBBB,PPBPPB,PPBBP,BPBBBPPBPPBPPBBP
Game_1055,BBBBP,BBPBBP,BBBBP,BBBBPBBPBBPBBBBP
Game_1060,BPBPP,BBPBBP,BBBBB,BPBPPBBPBBPBBBBB
Game_1065,PBBBB,PPBPPB,PPPPB,PBBBBPPBPPBPPPPB
Game_1076,PPPBB,PPBPPB,PPPPB,PPPBBPPBPPBPPPPB
Game_1082,BPBPP,BBPBBP,BBBPP,BPBPPBBPBBPBBBPP
Game_1096,BPBBB,PPBPPB,PBBPB,BPBBBPPBPPBPBBPB
Game_1099,PBPBP,BBPBBP,BBPPP,PBPBPBBPBBPBBPPP
Game_1102,PBPPB,PPBPPB,PPBPB,PBPPBPPBPPBPPBPB
Game_1105,PBPBP,BBPBBP,BPBBB,PBPBPBBPBBPBPBBB
Game_1113,BBPBP,BBPBBP,BBPBP,BBPBPBBPBBPBBPBP
Game_1113,BPBBP,BBPBBP,BPPPP,BPBBPBBPBBPBPPPP
Game_1119,PBPPB,PPBPPB,PB,PBPPBPPBPPBPB
Game_1122,BPPBB,PPBPPB,PBPPB,BPPBBPPBPPBPBPPB
Game_1130,PBBBB,PPBPPB,PBPPB,PBBBBPPBPPBPBPPB
Game_1131,PBPPP,BBPBBP,BPPPB,PBPPPBBPBBPBPPPB
Game_1134,PBBPB,PPBPPB,PBPBB,PBBPBPPBPPBPBPBB
Game_1138,PPPPB,PPBPPB,PPPPB,PPPPBPPBPPBPPPPB
Game_1139,BPBPB,PPBPPB,PPPBP,BPBPBPPBPPBPPPBP
Game_1142,BBPPP,BBPBBP,BBBPP,BBPPPBBPBBPBBBPP
Game_1143,PBBBP,BBPBBP,BPPBB,PBBBPBBPBBPBPPBB
Game_1145,PPPBP,BBPBBP,BBPBB,PPPBPBBPBBPBBPBB
Game_1158,PPPBP,BBPBBP,BBPPB,PPPBPBBPBBPBBPPB
Game_1158,BBPBB,PPBPPB,PBP,BBPBBPPBPPBPBP
Game_1164,BBBBP,BBPBBP,BBPBB,BBBBPBBPBBPBBPBB
Game_1164,BPBBP,BBPBBP,BBBBB,BPBBPBBPBBPBBBBB
Game_1165,BPPBP,BBPBBP,BPBPP,BPPBPBBPBBPBPBPP
Game_1170,BPPBP,BBPBBP,BBBPB,BPPBPBBPBBPBBBPB
Game_1185,PPBPP,BBPBBP,BPPPP,PPBPPBBPBBPBPPPP
Game_1197,BPPPB,PPBPPB,PBPPP,BPPPBPPBPPBPBPPP
Game_1200,PPBPB,PPBPPB,PBBBB,PPBPBPPBPPBPBBBB
Game_1220,PPPBB,PPBPPB,PBBPP,PPPBBPPBPPBPBBPP
Game_1223,BBBBP,BBPBBP,BBPPP,BBBBPBBPBBPBBPPP
Game_1231,BBPBB,PPBPPB,PPBPP,BBPBBPPBPPBPPBPP
Game_1257,PPPPB,PPBPPB,PBBPB,PPPPBPPBPPBPBBPB
Game_1258,BPPBP,BBPBBP,BBPPP,BPPBPBBPBBPBBPPP
Game_1268,BBPBP,BBPBBP,BBBPB,BBPBPBBPBBPBBBPB
Game_1279,BPBBP,BBPBBP,BPBPB,BPBBPBBPBBPBPBPB
Game_1291,PPBBP,BBPBBP,BBBBB,PPBBPBBPBBPBBBBB
Game_1295,PPPBB,PPBPPB,PBBBP,PPPBBPPBPPBPBBBP
Game_1296,BPBBB,PPBPPB,PBPBB,BPBBBPPBPPBPBPBB
Game_1308,PPBBB,PPBPPB,PPBBB,PPBBBPPBPPBPPBBB
Game_1310,PBBPB,PPBPPB,PPBBP,PBBPBPPBPPBPPBBP
Game_1318,BPBPB,PPBPPB,PBP,BPBPBPPBPPBPBP
Game_1319,PBBBB,PPBPPB,PPBPB,PBBBBPPBPPBPPBPB
Game_1320,PBPPP,BBPBBP,BPPPP,PBPPPBBPBBPBPPPP
Game_1327,PPBBB,PPBPPB,PBBBP,PPBBBPPBPPBPBBBP
Game_1329,BBBBP,BBPBBP,BPPPP,BBBBPBBPBBPBPPPP
Game_1335,BPPPB,PPBPPB,PB,BPPPBPPBPPBPB
Game_1338,PBPPP,BBPBBP,BBB,PBPPPBBPBBPBBB
Game_1349,BBPBP,BBPBBP,BPBPP,BBPBPBBPBBPBPBPP
Game_1365,BBBPP,BBPBBP,BPPPP,BBBPPBBPBBPBPPPP
Game_1365,PBBBB,PPBPPB,PBP,PBBBBPPBPPBPBP
Game_1369,PBBPP,BBPBBP,BPPBB,PBBPPBBPBBPBPPBB
Game_1375,PPPPP,BBPBBP,BPPB,PPPPPBBPBBPBPPB
Game_1378,BBBPB,PPBPPB,PPPBP,BBBPBPPBPPBPPPBP
Game_1381,PBPBP,BBPBBP,BBBBP,PBPBPBBPBBPBBBBP
Game_1382,PPPPB,PPBPPB,PPPBP,PPPPBPPBPPBPPPBP
Game_1383,BBPPB,PPBPPB,PBPBB,BBPPBPPBPPBPBPBB
Game_1387,BPPBP,BBPBBP,BPBPB,BPPBPBBPBBPBPBPB
Game_1388,BPBPB,PPBPPB,PPBBB,BPBPBPPBPPBPPBBB
Game_1398,PPBPB,PPBPPB,PPPPP,PPBPBPPBPPBPPPPP
Game_1399,PBBPP,BBPBBP,BBPPB,PBBPPBBPBBPBBPPB
Game_1401,PPBBB,PPBPPB,PPPPP,PPBBBPPBPPBPPPPP
Game_1402,BPBPP,BBPBBP,BPBBB,BPBPPBBPBBPBPBBB
Game_1420,PBBBP,BBPBBP,BPP,PBBBPBBPBBPBPP
Game_1421,BBPPP,BBPBBP,BBBBB,BBPPPBBPBBPBBBBB
Game_1430,BBBBB,PPBPPB,PBPPB,BBBBBPPBPPBPBPPB
Game_1434,PBBBP,BBPBBP,BPPBP,PBBBPBBPBBPBPPBP
Game_1435,BBBPB,PPBPPB,PBPPP,BBBPBPPBPPBPBPPP
Game_1439,PPPPB,PPBPPB,PPBBP,PPPPBPPBPPBPPBBP
Game_1449,PBBBP,BBPBBP,BPBBB,PBBBPBBPBBPBPBBB
Game_1480,PBPBB,PPBPPB,PPPBP,PBPBBPPBPPBPPPBP
Game_1488,PPBPB,PPBPPB,PPPBP,PPBPBPPBPPBPPPBP
Game_1500,PBPBB,PPBPPB,PBBBB,PBPBBPPBPPBPBBBB
Game_1500,BBBPB,PPBPPB,PBPBB,BBBPBPPBPPBPBPBB
Game_1512,BPBPB,PPBPPB,PPPPP,BPBPBPPBPPBPPPPP
Game_1517,BBPBB,PPBPPB,PBPBB,BBPBBPPBPPBPBPBB
Game_1523,BPPPP,BBPBBP,BBBBP,BPPPPBBPBBPBBBBP
Game_1534,BBPBB,PPBPPB,PBPBP,BBPBBPPBPPBPBPBP
Game_1544,BPPPB,PPBPPB,PPPPP,BPPPBPPBPPBPPPPP
Game_1551,BPPBB,PPBPPB,PBPBP,BPPBBPPBPPBPBPBP
Game_1554,PPPPP,BBPBBP,BPPBP,PPPPPBBPBBPBPPBP
Game_1556,BPBPB,PPBPPB,PPPBB,BPBPBPPBPPBPPPBB
Game_1558,BPPPB,PPBPPB,PPBBP,BPPPBPPBPPBPPBBP
Game_1571,BPBPB,PPBPPB,P,BPBPBPPBPPBP
Game_1580,PBBPB,PPBPPB,PBBBB,PBBPBPPBPPBPBBBB
Game_1586,PPBBB,PPBPPB,PBPPB,PPBBBPPBPPBPBPPB
Game_1602,BBBBB,PPBPPB,PPBBP,BBBBBPPBPPBPPBBP
Game_1602,PBPBP,BBPBBP,BPBBP,PBPBPBBPBBPBPBBP
Game_1612,BPBPP,BBPBBP,B,BPBPPBBPBBPB
Game_1614,BBPPP,BBPBBP,BBPBP,BBPPPBBPBBPBBPBP
Game_1614,PPBBP,BBPBBP,BPBPP,PPBBPBBPBBPBPBPP
Game_1622,PBBBP,BBPBBP,BPBPP,PBBBPBBPBBPBPBPP
Game_1652,PBPBB,PPBPPB,PPPPB,PBPBBPPBPPBPPPPB
Game_1654,PPPPB,PPBPPB,PPPBB,PPPPBPPBPPBPPPBB
Game_1658,BPBPB,PPBPPB,PBPPP,BPBPBPPBPPBPBPPP
Game_1665,BPPPP,BBPBBP,BBPBP,BPPPPBBPBBPBBPBP
Game_1665,PPBBP,BBPBBP,BPPBB,PPBBPBBPBBPBPPBB
Game_1675,PBPBP,BBPBBP,BPPPP,PBPBPBBPBBPBPPPP
Game_1692,PPBPP,BBPBBP,BPBBB,PPBPPBBPBBPBPBBB
Game_1700,BBPBP,BBPBBP,BPPBP,BBPBPBBPBBPBPPBP
Game_1708,PBBBB,PPBPPB,PBBBB,PBBBBPPBPPBPBBBB
Game_1726,BPBPP,BBPBBP,BPPPP,BPBPPBBPBBPBPPPP
Game_1760,BBPPB,PPBPPB,PBBBP,BBPPBPPBPPBPBBBP
Game_1762,PPPBP,BBPBBP,BBBPB,PPPBPBBPBBPBBBPB
Game_1766,BBBPP,BBPBBP,BBPPB,BBBPPBBPBBPBBPPB
Game_1767,BBPBB,PPBPPB,PBB,BBPBBPPBPPBPBB
Game_1776,PBPPP,BBPBBP,BBPPP,PBPPPBBPBBPBBPPP
Game_1797,PBPBP,BBPBBP,BBPB,PBPBPBBPBBPBBPB
Game_1806,PPBPB,PPBPPB,PBPPB,PPBPBPPBPPBPBPPB
Game_1823,BPPPP,BBPBBP,BPPBP,BPPPPBBPBBPBPPBP
Game_1841,BBBPP,BBPBBP,BBBBB,BBBPPBBPBBPBBBBB
Game_1849,BBBPB,PPBPPB,PPPBB,BBBPBPPBPPBPPPBB
Game_1868,PPPPP,BBPBBP,BPP,PPPPPBBPBBPBPP
Game_1870,BBBPB,PPBPPB,P,BBBPBPPBPPBP
Game_1907,BBBBP,BBPBBP,BPBBB,BBBBPBBPBBPBPBBB
Game_1907,BBBPP,BBPBBP,BP,BBBPPBBPBBPBP
Game_1910,PBBPB,PPBPPB,PBBPP,PBBPBPPBPPBPBBPP
Game_1943,BBPBB,PPBPPB,PPBPB,BBPBBPPBPPBPPBPB
Game_1944,BPBPP,BBPBBP,BPPPB,BPBPPBBPBBPBPPPB
Game_1953,BBPPB,PPBPPB,PPP,BBPPBPPBPPBPPP
Game_1955,PBPBB,PPBPPB,PBPBB,PBPBBPPBPPBPBPBB
Game_1962,BBBBB,PPBPPB,PPP,BBBBBPPBPPBPPP
Game_1964,PBBBP,BBPBBP,BBBPP,PBBBPBBPBBPBBBPP
Game_1969,BPPBB,PPBPPB,PPBBP,BPPBBPPBPPBPPBBP
Game_1983,PBBBP,BBPBBP,BPBPB,PBBBPBBPBBPBPBPB
Game_2003,PPPPB,PPBPPB,PBPPP,PPPPBPPBPPBPBPPP
Game_2004,BBPBB,PPBPPB,PPBBB,BBPBBPPBPPBPPBBB
Game_2011,PPBPP,BBPBBP,BPPP,PPBPPBBPBBPBPPP
Game_2024,PPBBB,PPBPPB,PBBPP,PPBBBPPBPPBPBBPP
Game_2025,PPPPP,BBPBBP,BPBBB,PPPPPBBPBBPBPBBB
Game_2036,BBBBB,PPBPPB,PPPBP,BBBBBPPBPPBPPPBP
Game_2036,PPPPP,BBPBBP,BPBPP,PPPPPBBPBBPBPBPP
Game_2038,BPPBB,PPBPPB,P,BPPBBPPBPPBP
Game_2050,PPPPP,BBPBBP,BBPP,PPPPPBBPBBPBBPP
Game_2073,PPPPP,BBPBBP,BPPPP,PPPPPBBPBBPBPPPP
Game_2091,PPBBB,PPBPPB,PBP,PPBBBPPBPPBPBP
Game_2098,PPBBB,PPBPPB,PBPBP,PPBBBPPBPPBPBPBP
Game_2107,BBBBP,BBPBBP,BBPBP,BBBBPBBPBBPBBPBP
Game_2108,BBPBB,PPBPPB,PPPPP,BBPBBPPBPPBPPPPP
Game_2116,BPBPB,PPBPPB,PBBBB,BPBPBPPBPPBPBBBB
Game_2122,BPPPP,BBPBBP,B,BPPPPBBPBBPB
Game_2138,BPBPB,PPBPPB,PPBBP,BPBPBPPBPPBPPBBP
Game_2147,BBPBP,BBPBBP,BP,BBPBPBBPBBPBP
Game_2152,PPBBP,BBPBBP,BPPPB,PPBBPBBPBBPBPPPB
Game_2162,BBBBB,PPBPPB,PPPPP,BBBBBPPBPPBPPPPP
Game_2164,PPPPP,BBPBBP,BBPPB,PPPPPBBPBBPBBPPB
Game_2168,BPBPB,PPBPPB,PPBPP,BPBPBPPBPPBPPBPP
Game_2230,BPPBB,PPBPPB,PPPBB,BPPBBPPBPPBPPPBB
Game_2232,BPBBB,PPBPPB,PB,BPBBBPPBPPBPB
Game_2234,BBPBB,PPBPPB,PPBBP,BBPBBPPBPPBPPBBP
Game_2236,PBBPP,BBPBBP,B,PBBPPBBPBBPB
Game_2237,PPBBP,BBPBBP,BPPPP,PPBBPBBPBBPBPPPP
Game_2251,PPBPB,PPBPPB,PBBBP,PPBPBPPBPPBPBBBP
Game_2257,BBBBB,PPBPPB,PBBPP,BBBBBPPBPPBPBBPP
Game_2270,BPPPB,PPBPPB,PPPPB,BPPPBPPBPPBPPPPB
Game_2271,BPPBP,BBPBBP,BPPPP,BPPBPBBPBBPBPPPP
Game_2293,PBPBB,PPBPPB,PPB,PBPBBPPBPPBPPB
Game_2307,PBPBP,BBPBBP,BBBBB,PBPBPBBPBBPBBBBB
Game_2308,PBBPP,BBPBBP,BPPP,PBBPPBBPBBPBPPP
Game_2318,PPPPP,BBPBBP,BBBBP,PPPPPBBPBBPBBBBP
Game_2327,BBBBP,BBPBBP,BPPBB,BBBBPBBPBBPBPPBB
Game_2331,BPPPB,PPBPPB,PPPBP,BPPPBPPBPPBPPPBP
Game_2342,BBBPB,PPBPPB,PBBPP,BBBPBPPBPPBPBBPP
Game_2346,BBBBP,BBPBBP,BPBPP,BBBBPBBPBBPBPBPP
Game_2378,BPPPP,BBPBBP,BBPPB,BPPPPBBPBBPBBPPB
Game_2382,BPPBP,BBPBBP,B,BPPBPBBPBBPB
Game_2397,PBPPB,PPBPPB,PPP,PBPPBPPBPPBPPP
Game_2398,PPBBP,BBPBBP,BPPBP,PPBBPBBPBBPBPPBP
Game_2407,BPPBB,PPBPPB,PPBBB,BPPBBPPBPPBPPBBB
Game_2435,BPBBP,BBPBBP,BBPPP,BPBBPBBPBBPBBPPP
Game_2466,PPBPB,PPBPPB,PPBBB,PPBPBPPBPPBPPBBB
Game_2466,PPBBP,BBPBBP,BBPBP,PPBBPBBPBBPBBPBP
Game_2470,BBPPP,BBPBBP,BPBBB,BBPPPBBPBBPBPBBB
Game_2470,BPBBP,BBPBBP,BBBBP,BPBBPBBPBBPBBBBP
Game_2492,PBPPP,BBPBBP,BBPBP,PBPPPBBPBBPBBPBP
Game_2495,PPBPP,BBPBBP,BBPBP,PPBPPBBPBBPBBPBP
Game_2495,PPBBP,BBPBBP,BPBPB,PPBBPBBPBBPBPBPB
Game_2542,PPPBB,PPBPPB,PPBBP,PPPBBPPBPPBPPBBP
Game_2542,BPPBB,PPBPPB,PBBP,BPPBBPPBPPBPBBP
Game_2549,BPPPB,PPBPPB,PBPBP,BPPPBPPBPPBPBPBP
Game_2553,PBBPB,PPBPPB,PBB,PBBPBPPBPPBPBB
Game_2556,BBBPP,BBPBBP,BPBBP,BBBPPBBPBBPBPBBP
Game_2572,BPBPP,BBPBBP,BPBBP,BPBPPBBPBBPBPBBP
Game_2580,PBBBB,PPBPPB,PPBBB,PBBBBPPBPPBPPBBB
Game_2591,BPBBB,PPBPPB,PPPBB,BPBBBPPBPPBPPPBB
Game_2604,BBPPP,BBPBBP,B,BBPPPBBPBBPB
Game_2636,PPBBB,PPBPPB,PPBBP,PPBBBPPBPPBPPBBP
Game_2657,BPPBP,BBPBBP,BPPPB,BPPBPBBPBBPBPPPB
Game_2658,BPBPP,BBPBBP,BPBPB,BPBPPBBPBBPBPBPB
Game_2659,BBPPB,PPBPPB,PBPPP,BBPPBPPBPPBPBPPP
Game_2666,BPPPB,PPBPPB,PBBBP,BPPPBPPBPPBPBBBP
Game_2674,BBBPP,BBPBBP,BPPBB,BBBPPBBPBBPBPPBB
Game_2705,BPBPP,BBPBBP,BBB,BPBPPBBPBBPBBB
Game_2706,PBPPP,BBPBBP,BPPBP,PBPPPBBPBBPBPPBP
Game_2708,BBPPB,PPBPPB,PBBPP,BBPPBPPBPPBPBBPP
Game_2713,BPPBP,BBPBBP,BPBB,BPPBPBBPBBPBPBB
Game_2724,PBPPP,BBPBBP,BBPBB,PBPPPBBPBBPBBPBB
Game_2724,BPBBP,BBPBBP,BBPPB,BPBBPBBPBBPBBPPB
Game_2739,BPBBB,PPBPPB,PPPBP,BPBBBPPBPPBPPPBP
Game_2742,PBBPP,BBPBBP,BPPPB,PBBPPBBPBBPBPPPB
Game_2751,BPPPP,BBPBBP,BPPPP,BPPPPBBPBBPBPPPP
Game_2768,PPPPP,BBPBBP,BPBBP,PPPPPBBPBBPBPBBP
Game_2775,BPPPP,BBPBBP,BPBBP,BPPPPBBPBBPBPBBP
Game_2783,PBBBP,BBPBBP,BPPPP,PBBBPBBPBBPBPPPP
Game_2790,BBPBB,PPBPPB,PBBPP,BBPBBPPBPPBPBBPP
Game_2791,BPPPB,PPBPPB,PBPPB,BPPPBPPBPPBPBPPB
Game_2802,PBBBP,BBPBBP,BBBBB,PBBBPBBPBBPBBBBB
Game_2804,BBPBP,BBPBBP,BBPBB,BBPBPBBPBBPBBPBB
Game_2804,BPBBP,BBPBBP,BBPBB,BPBBPBBPBBPBBPBB
Game_2834,PBPBP,BBPBBP,B,PBPBPBBPBBPB
Game_2877,PPBPB,PPBPPB,PPPPB,PPBPBPPBPPBPPPPB
Game_2902,PBPBP,BBPBBP,BBB,PBPBPBBPBBPBBB
Game_2919,PPBBB,PPBPPB,PPPB,PPBBBPPBPPBPPPB
Game_2938,BBBPB,PPBPPB,PPBBP,BBBPBPPBPPBPPBBP
Game_2942,BPBPB,PPBPPB,PP,BPBPBPPBPPBPP
Game_2952,PPPBP,BBPBBP,BPPBB,PPPBPBBPBBPBPPBB
Game_2955,PBBBB,PPBPPB,PPPBB,PBBBBPPBPPBPPPBB
Game_2956,PBBBP,BBPBBP,BBPPB,PBBBPBBPBBPBBPPB
Game_2964,PPPPP,BBPBBP,BBPBB,PPPPPBBPBBPBBPBB
Game_2973,PPBBB,PPBPPB,PBPPP,PPBBBPPBPPBPBPPP
Game_2988,PBBBP,BBPBBP,BB,PBBBPBBPBBPBB
Game_3049,BPBPP,BBPBBP,BBPP,BPBPPBBPBBPBBPP
Game_3057,BPBPB,PPBPPB,PPBP,BPBPBPPBPPBPPBP
Game_3057,PBPPB,PPBPPB,P,PBPPBPPBPPBP
Game_3088,BBPPP,BBPBBP,BPPPB,BBPPPBBPBBPBPPPB
Game_3089,PPPBP,BBPBBP,BBPPP,PPPBPBBPBBPBBPPP
Game_3091,BBBBP,BBPBBP,BPP,BBBBPBBPBBPBPP
Game_3107,BPPBB,PPBPPB,PPPBP,BPPBBPPBPPBPPPBP
Game_3108,BBPPB,PPBPPB,PPPPP,BBPPBPPBPPBPPPPP
Game_3125,PPPPB,PPBPPB,PBPPB,PPPPBPPBPPBPBPPB
Game_3141,PBBPP,BBPBBP,BPBBP,PBBPPBBPBBPBPBBP
Game_3145,PPBPB,PPBPPB,PBBPP,PPBPBPPBPPBPBBPP
Game_3165,BPBPB,PPBPPB,PBBBP,BPBPBPPBPPBPBBBP
Game_3170,PPPPP,BBPBBP,BBPBP,PPPPPBBPBBPBBPBP
Game_3174,BPBPP,BBPBBP,BBPBP,BPBPPBBPBBPBBPBP
Game_3174,PPBBP,BBPBBP,BPBBB,PPBBPBBPBBPBPBBB
Game_3223,PPPPB,PPBPPB,PBBBP,PPPPBPPBPPBPBBBP
Game_3225,PPPBP,BBPBBP,BPPPB,PPPBPBBPBBPBPPPB
Game_3233,BBBBP,BBPBBP,BPPPB,BBBBPBBPBBPBPPPB
Game_3239,PBBBP,BBPBBP,BBPPP,PBBBPBBPBBPBBPPP
Game_3293,PBBBB,PPBPPB,PBBPB,PBBBBPPBPPBPBBPB
Game_3299,PBPBP,BBPBBP,BBBPP,PBPBPBBPBBPBBBPP
Game_3299,BPPBP,BBPBBP,BBBP,BPPBPBBPBBPBBBP
Game_3302,PBBPB,PPBPPB,PBPBP,PBBPBPPBPPBPBPBP
Game_3305,BBPBB,PPBPPB,PBPP,BBPBBPPBPPBPBPP
Game_3337,PBBBP,BBPBBP,BBPBP,PBBBPBBPBBPBBPBP
Game_3339,PBPBP,BBPBBP,BPP,PBPBPBBPBBPBPP
Game_3355,BBBBP,BBPBBP,BBPP,BBBBPBBPBBPBBPP
Game_3388,PPBBP,BBPBBP,BP,PPBBPBBPBBPBP
Game_3431,BPBPP,BBPBBP,BBBPB,BPBPPBBPBBPBBBPB
Game_3462,PBPPP,BBPBBP,BPBPP,PBPPPBBPBBPBPBPP
Game_3464,PBBBB,PPBPPB,PPBPP,PBBBBPPBPPBPPBPP
Game_3466,BPPBB,PPBPPB,PB,BPPBBPPBPPBPB
Game_3489,BPBBB,PPBPPB,PBPBP,BPBBBPPBPPBPBPBP
Game_3493,BBBBP,BBPBBP,B,BBBBPBBPBBPB
Game_3504,PPBBP,BBPBBP,BBPPP,PPBBPBBPBBPBBPPP
Game_3514,PBPPP,BBPBBP,BPBPB,PBPPPBBPBBPBPBPB
Game_3518,BBPBP,BBPBBP,BPPP,BBPBPBBPBBPBPPP
Game_3525,BPBBP,BBPBBP,BPPPB,BPBBPBBPBBPBPPPB
Game_3527,BPPPP,BBPBBP,BBP,BPPPPBBPBBPBBP
Game_3568,PPBPP,BBPBBP,BBBPP,PPBPPBBPBBPBBBPP
Game_3572,BPPPB,PPBPPB,PPBPP,BPPPBPPBPPBPPBPP
Game_3592,BPPBB,PPBPPB,PBPPP,BPPBBPPBPPBPBPPP
Game_3592,PPBPP,BBPBBP,BB,PPBPPBBPBBPBB
Game_3596,BBBBB,PPBPPB,PPBBB,BBBBBPPBPPBPPBBB
Game_3598,PPBPB,PPBPPB,PPBBP,PPBPBPPBPPBPPBBP
Game_3603,PBPBB,PPBPPB,PP,PBPBBPPBPPBPP
Game_3608,PPBPB,PPBPPB,PP,PPBPBPPBPPBPP
Game_3619,BBBPB,PPBPPB,PPBPB,BBBPBPPBPPBPPBPB
Game_3639,PBPBB,PPBPPB,PBBPP,PBPBBPPBPPBPBBPP
Game_3653,BBBBP,BBPBBP,BBPB,BBBBPBBPBBPBBPB
Game_3677,PBBBB,PPBPPB,PBBPP,PBBBBPPBPPBPBBPP
Game_3685,BPPPB,PPBPPB,PPBBB,BPPPBPPBPPBPPBBB
Game_3713,BBBPB,PPBPPB,PPBBB,BBBPBPPBPPBPPBBB
Game_3722,PBBBP,BBPBBP,BPPPB,PBBBPBBPBBPBPPPB
Game_3723,PBPBP,BBPBBP,BPBPP,PBPBPBBPBBPBPBPP
Game_3724,PPBPB,PPBPPB,PBPBB,PPBPBPPBPPBPBPBB
Game_3740,BPPPP,BBPBBP,BB,BPPPPBBPBBPBB
Game_3743,PBPBP,BBPBBP,BBBPB,PBPBPBBPBBPBBBPB
Game_3752,BBPBP,BBPBBP,BPBBP,BBPBPBBPBBPBPBBP
Game_3758,BBBPP,BBPBBP,BPPBP,BBBPPBBPBBPBPPBP
Game_3787,BBPBP,BBPBBP,B,BBPBPBBPBBPB
Game_3799,PBPPP,BBPBBP,BB,PBPPPBBPBBPBB
Game_3802,BPBPP,BBPBBP,BB,BPBPPBBPBBPBB
Game_3816,PPBPB,PPBPPB,PB,PPBPBPPBPPBPB
Game_3847,PBBBP,BBPBBP,BBBBP,PBBBPBBPBBPBBBBP
Game_3849,BBBPB,PPBPPB,PBBBP,BBBPBPPBPPBPBBBP
Game_3857,PPPBB,PPBPPB,PPP,PPPBBPPBPPBPPP
Game_3881,BBPBB,PPBPPB,PPPBB,BBPBBPPBPPBPPPBB
Game_3972,PPPPP,BBPBBP,BBBPP,PPPPPBBPBBPBBBPP
Game_3981,BPPBP,BBPBBP,BPPBP,BPPBPBBPBBPBPPBP
Game_3986,BBBPP,BBPBBP,B,BBBPPBBPBBPB
Game_4035,BPBPP,BBPBBP,BBPBB,BPBPPBBPBBPBBPBB
Game_4044,PBPBB,PPBPPB,PPPPP,PBPBBPPBPPBPPPPP
Game_4045,BPPPB,PPBPPB,PPBP,BPPPBPPBPPBPPBP
Game_4046,PBPPP,BBPBBP,BBBBP,PBPPPBBPBBPBBBBP
Game_4047,BBPBB,PPBPPB,PBBBB,BBPBBPPBPPBPBBBB
Game_4054,BPPPB,PPBPPB,PPBPB,BPPPBPPBPPBPPBPB
Game_4056,PPBBB,PPBPPB,P,PPBBBPPBPPBP
Game_4093,BPPBB,PPBPPB,PPP,BPPBBPPBPPBPPP
Game_4095,BPBPP,BBPBBP,BBPB,BPBPPBBPBBPBBPB
Game_4095,PPBBP,BBPBBP,B,PPBBPBBPBBPB
Game_4109,BBBPB,PPBPPB,PBBP,BBBPBPPBPPBPBBP
Game_4123,PPPPB,PPBPPB,PPP,PPPPBPPBPPBPPP
Game_4132,PBBPP,BBPBBP,BBBP,PBBPPBBPBBPBBBP
Game_4134,PBPPB,PPBPPB,PBPB,PBPPBPPBPPBPBPB
Game_4178,BBBBB,PPBPPB,PBBBP,BBBBBPPBPPBPBBBP
Game_4211,PPPPP,BBPBBP,BPBPB,PPPPPBBPBBPBPBPB
Game_4231,BBBBB,PPBPPB,PBPB,BBBBBPPBPPBPBPB
Game_4249,PBPBP,BBPBBP,BBPBB,PBPBPBBPBBPBBPBB
Game_4269,BBPPB,PPBPPB,PPBBP,BBPPBPPBPPBPPBBP
Game_4291,BPPPP,BBPBBP,BBPPP,BPPPPBBPBBPBBPPP
Game_4367,PBBPB,PPBPPB,PPBBB,PBBPBPPBPPBPPBBB
Game_4368,PPPBB,PPBPPB,PPB,PPPBBPPBPPBPPB
Game_4380,BBPBP,BBPBBP,BB,BBPBPBBPBBPBB
Game_4418,PBPPB,PPBPPB,PBBBB,PBPPBPPBPPBPBBBB
Game_4436,BPPBB,PPBPPB,PPPPP,BPPBBPPBPPBPPPPP
Game_4453,BBPBP,BBPBBP,BBBPP,BBPBPBBPBBPBBBPP
Game_4461,PPPPB,PPBPPB,PP,PPPPBPPBPPBPP
Game_4546,BPBPB,PPBPPB,PBBPB,BPBPBPPBPPBPBBPB
Game_4580,BBBBB,PPBPPB,PP,BBBBBPPBPPBPP
Game_4588,PPPBB,PPBPPB,PBPBP,PPPBBPPBPPBPBPBP
Game_4606,PBPBP,BBPBBP,BPPBP,PBPBPBBPBBPBPPBP
Game_4624,PPPBP,BBPBBP,B,PPPBPBBPBBPB
Game_4674,PBPBB,PPBPPB,PBBPB,PBPBBPPBPPBPBBPB
Game_4693,BPBBB,PPBPPB,PBP,BPBBBPPBPPBPBP
Game_4700,PPBPB,PPBPPB,PBP,PPBPBPPBPPBPBP
Game_4739,PPBPB,PPBPPB,PPBB,PPBPBPPBPPBPPBB
Game_4773,BPBPB,PPBPPB,PPPP,BPBPBPPBPPBPPPP
Game_4792,PPPBB,PPBPPB,PPPBP,PPPBBPPBPPBPPPBP
Game_4839,BBPPP,BBPBBP,BPBPP,BBPPPBBPBBPBPBPP
Game_4890,BBBPB,PPBPPB,PBBBB,BBBPBPPBPPBPBBBB
Game_4905,PPBPB,PPBPPB,PPPBB,PPBPBPPBPPBPPPBB
Game_4909,PPPPB,PPBPPB,PPBBB,PPPPBPPBPPBPPBBB
Game_4962,PBBBB,PPBPPB,PPBP,PBBBBPPBPPBPPBP
Game_4962,BBPPB,PPBPPB,P,BBPPBPPBPPBP
Game_5029,BBBPB,PPBPPB,PBPPB,BBBPBPPBPPBPBPPB
Game_5254,BPBPB,PPBPPB,PBPBP,BPBPBPPBPPBPBPBP
Game_5275,PBBBP,BBPBBP,BPB,PBBBPBBPBBPBPB
Game_5283,PBBBP,BBPBBP,BBBPB,PBBBPBBPBBPBBBPB
Game_5284,BBBPB,PPBPPB,PB,BBBPBPPBPPBPB
Game_5408,BBBBP,BBPBBP,BBPPB,BBBBPBBPBBPBBPPB
Game_5409,PPPPP,BBPBBP,BBPB,PPPPPBBPBBPBBPB
Game_5419,BPPBP,BBPBBP,BPBP,BPPBPBBPBBPBPBP
Game_5450,PPBBB,PPBPPB,PPBB,PPBBBPPBPPBPPBB
Game_5475,BBBBP,BBPBBP,BPBBP,BBBBPBBPBBPBPBBP
Game_5557,PBPPB,PPBPPB,PBBP,PBPPBPPBPPBPBBP
Game_5635,PPBBP,BBPBBP,BBBP,PPBBPBBPBBPBBBP
Game_5703,BPBBP,BBPBBP,BPBBB,BPBBPBBPBBPBPBBB
Game_5738,BPBPB,PPBPPB,PBPPB,BPBPBPPBPPBPBPPB
Game_5881,PBBPB,PPBPPB,PBPPB,PBBPBPPBPPBPBPPB
Game_5891,PPBBB,PPBPPB,PP,PPBBBPPBPPBPP
Game_5903,BBPBP,BBPBBP,BBBBB,BBPBPBBPBBPBBBBB
Game_5957,BPBPB,PPBPPB,PPPB,BPBPBPPBPPBPPPB
Game_6004,BBPPP,BBPBBP,BBPPP,BBPPPBBPBBPBBPPP
Game_6050,BPBPP,BBPBBP,BP,BPBPPBBPBBPBP
Game_6067,BBBPB,PPBPPB,PP,BBBPBPPBPPBPP
Game_6069,BPPPP,BBPBBP,BBPP,BPPPPBBPBBPBBPP
Game_6084,PBBBB,PPBPPB,PBPP,PBBBBPPBPPBPBPP
Game_6196,PPPPP,BBPBBP,BPPP,PPPPPBBPBBPBPPP
Game_6201,PPPPP,BBPBBP,BB,PPPPPBBPBBPBB
Game_6226,BPPPB,PPBPPB,PP,BPPPBPPBPPBPP
Game_6288,PBPBP,BBPBBP,BPPP,PBPBPBBPBBPBPPP
Game_6293,BBPPB,PPBPPB,PPPPB,BBPPBPPBPPBPPPPB
Game_6337,PPPBP,BBPBBP,BP,PPPBPBBPBBPBP
Game_6404,PBPPB,PPBPPB,PBP,PBPPBPPBPPBPBP
Game_6468,PBBPP,BBPBBP,BBB,PBBPPBBPBBPBBB
Game_6670,BBBBB,PPBPPB,PPBP,BBBBBPPBPPBPPBP
Game_6685,PPPBB,PPBPPB,PBPPB,PPPBBPPBPPBPBPPB
Game_6708,PPBBP,BBPBBP,BBP,PPBBPBBPBBPBBP
Game_6719,BBBBB,PPBPPB,P,BBBBBPPBPPBP
Game_6730,BPBPP,BBPBBP,BBP,BPBPPBBPBBPBBP
Game_6792,BPPPB,PPBPPB,PPB,BPPPBPPBPPBPPB
Game_6917,BBPBB,PPBPPB,PB,BBPBBPPBPPBPB
Game_6922,BBPBB,PPBPPB,P,BBPBBPPBPPBP
Game_6923,PPPBP,BBPBBP,BPBP,PPPBPBBPBBPBPBP
Game_6998,BBBBB,PPBPPB,PBP,BBBBBPPBPPBPBP
Game_6999,BPPBB,PPBPPB,PBPP,BPPBBPPBPPBPBPP
Game_7036,BPBBB,PPBPPB,PPBPB,BPBBBPPBPPBPPBPB
Game_7099,BPPPP,BBPBBP,BBBP,BPPPPBBPBBPBBBP
Game_7106,BPBPB,PPBPPB,PBB,BPBPBPPBPPBPBB
Game_7130,BPBBB,PPBPPB,PPBP,BPBBBPPBPPBPPBP
Game_7211,BBPPB,PPBPPB,PBPB,BBPPBPPBPPBPBPB
Game_7268,BBBPP,BBPBBP,BPPB,BBBPPBBPBBPBPPB
Game_7271,PPBBB,PPBPPB,PBBB,PPBBBPPBPPBPBBB
Game_7297,BBPPB,PPBPPB,PPBBB,BBPPBPPBPPBPPBBB
Game_7303,PBBPP,BBPBBP,BBPBP,PBBPPBBPBBPBBPBP
Game_7324,PPBBB,PPBPPB,PPPPB,PPBBBPPBPPBPPPPB
Game_7386,BBBBB,PPBPPB,PPBB,BBBBBPPBPPBPPBB
Game_7450,PPPPB,PPBPPB,PBP,PPPPBPPBPPBPBP
Game_7510,BBPPP,BBPBBP,BBP,BBPPPBBPBBPBBP
Game_7515,BPBPP,BBPBBP,BBBP,BPBPPBBPBBPBBBP
Game_7528,PBBBB,PPBPPB,PPBBP,PBBBBPPBPPBPPBBP
Game_7657,BBPBP,BBPBBP,BPP,BBPBPBBPBBPBPP
Game_7754,PBPPB,PPBPPB,PPB,PBPPBPPBPPBPPB
Game_7783,PBBPP,BBPBBP,BBP,PBBPPBBPBBPBBP
Game_7784,BPPPB,PPBPPB,PBP,BPPPBPPBPPBPBP
Game_7862,PPBBB,PPBPPB,PBBP,PPBBBPPBPPBPBBP
Game_7908,PPPBP,BBPBBP,BBBPP,PPPBPBBPBBPBBBPP
Game_7928,PBPPP,BBPBBP,BPB,PBPPPBBPBBPBPB
Game_7959,BBBPP,BBPBBP,BB,BBBPPBBPBBPBB
Game_7960,PBBBP,BBPBBP,BBB,PBBBPBBPBBPBBB
Game_8014,BBBBB,PPBPPB,PBBBB,BBBBBPPBPPBPBBBB
Game_8113,PPPBP,BBPBBP,BPP,PPPBPBBPBBPBPP
Game_8437,PBPBP,BBPBBP,BPB,PBPBPBBPBBPBPB
Game_8469,BPBBB,PPBPPB,PPP,BPBBBPPBPPBPPP
Game_8506,BPPBP,BBPBBP,BP,BPPBPBBPBBPBP
Game_8671,PBBBB,PPBPPB,PPB,PBBBBPPBPPBPPB
Game_8705,BPBPP,BBPBBP,BBPPP,BPBPPBBPBBPBBPPP
Game_8714,BBPBB,PPBPPB,PPBP,BBPBBPPBPPBPPBP
Game_8748,BPPPB,PPBPPB,PBPB,BPPPBPPBPPBPBPB
Game_8790,PBBBB,PPBPPB,PPBB,PBBBBPPBPPBPPBB
Game_8822,PBPBB,PPBPPB,PB,PBPBBPPBPPBPB
Game_8898,PPPBP,BBPBBP,BPPP,PPPBPBBPBBPBPPP
Game_8911,BBPBB,PPBPPB,PP,BBPBBPPBPPBPP
Game_8914,PBBBB,PPBPPB,P,PBBBBPPBPPBP
Game_8948,PBPPP,BBPBBP,BBP,PBPPPBBPBBPBBP
Game_9123,BPPPP,BBPBBP,BPP,BPPPPBBPBBPBPP
Game_9141,BPPBP,BBPBBP,BB,BPPBPBBPBBPBB
Game_9196,PPBPP,BBPBBP,BPB,PPBPPBBPBBPBPB
Game_9236,PPBBP,BBPBBP,BPB,PPBBPBBPBBPBPB
Game_9286,PPBBB,PPBPPB,PBB,PPBBBPPBPPBPBB
Game_9343,BBBBP,BBPBBP,BBP,BBBBPBBPBBPBBP
Game_9414,PPPPB,PPBPPB,PBPB,PPPPBPPBPPBPBPB
Game_9420,PPBPP,BBPBBP,BBBP,PPBPPBBPBBPBBBP
Game_9542,BBPBB,PPBPPB,PPP,BBPBBPPBPPBPPP
Game_9590,PBPBB,PPBPPB,PPPB,PBPBBPPBPPBPPPB
Game_9612,PBPBP,BBPBBP,BPPB,PBPBPBBPBBPBPPB
Game_9626,PPPBB,PPBPPB,PBPP,PPPBBPPBPPBPBPP
Game_9671,PPBBP,BBPBBP,BPPB,PPBBPBBPBBPBPPB
Game_9819,BPPPB,PPBPPB,PBBB,BPPPBPPBPPBPBBB
Game_9931,BBBPB,PPBPPB,PPB,BBBPBPPBPPBPPB
Game_10189,PPBBP,BBPBBP,BPPP,PPBBPBBPBBPBPPP
Game_10216,BPBBP,BBPBBP,BPB,BPBBPBBPBBPBPB
Game_10510,BPPBP,BBPBBP,BBB,BPPBPBBPBBPBBB
Game_10520,BBBBP,BBPBBP,BP,BBBBPBBPBBPBP
Game_10616,BBPPP,BBPBBP,BP,BBPPPBBPBBPBP
Game_10830,BPBBP,BBPBBP,BP,BPBBPBBPBBPBP
Game_10849,BBPPP,BBPBBP,BPBP,BBPPPBBPBBPBPBP
Game_10954,PPPPP,BBPBBP,BPBP,PPPPPBBPBBPBPBP
Game_10986,BBPPB,PPBPPB,PBB,BBPPBPPBPPBPBB
Game_11073,PPBPP,BBPBBP,BBB,PPBPPBBPBBPBBB
Game_11484,PPBPB,PPBPPB,P,PPBPBPPBPPBP
Game_11540,BPBPB,PPBPPB,PB,BPBPBPPBPPBPB
Game_11656,PPPPB,PPBPPB,PB,PPPPBPPBPPBPB
Game_11701,BPBBB,PPBPPB,PBB,BPBBBPPBPPBPBB
Game_11735,PPBBP,BBPBBP,BPBBP,PPBBPBBPBBPBPBBP
Game_11754,BPBPP,BBPBBP,BPB,BPBPPBBPBBPBPB
Game_11842,PBBPP,BBPBBP,BB,PBBPPBBPBBPBB
Game_11922,BBPPP,BBPBBP,BPB,BBPPPBBPBBPBPB
Game_11989,PPBPB,PPBPPB,PBB,PPBPBPPBPPBPBB
Game_12107,PBBPP,BBPBBP,BPB,PBBPPBBPBBPBPB
Game_12288,BBBPB,PPBPPB,PBB,BBBPBPPBPPBPBB
Game_12398,BBBBB,PPBPPB,PPPBB,BBBBBPPBPPBPPPBB
Game_12480,BBBBB,PPBPPB,PPB,BBBBBPPBPPBPPB
Game_12530,PBBBP,BBPBBP,BBPP,PBBBPBBPBBPBBPP
Game_12545,PBPBB,PPBPPB,PPP,PBPBBPPBPPBPPP
Game_12587,PPBPB,PPBPPB,PBPP,PPBPBPPBPPBPBPP
Game_12606,PPBBB,PPBPPB,PB,PPBBBPPBPPBPB
Game_12731,BPBPP,BBPBBP,BPP,BPBPPBBPBBPBPP
Game_12885,BPPPB,PPBPPB,PPPP,BPPPBPPBPPBPPPP
Game_13061,PPPBB,PPBPPB,PBP,PPPBBPPBPPBPBP
Game_13165,BPBBB,PPBPPB,PBPB,BPBBBPPBPPBPBPB
Game_13192,BBBBB,PPBPPB,PPPB,BBBBBPPBPPBPPPB
Game_13283,BBBBP,BBPBBP,BPB,BBBBPBBPBBPBPB
Game_13333,PPPBB,PPBPPB,PB,PPPBBPPBPPBPB
Game_13440,PPPBP,BBPBBP,BBB,PPPBPBBPBBPBBB
Game_13485,PPBPB,PPBPPB,PPB,PPBPBPPBPPBPPB
Game_13633,BPBBB,PPBPPB,PPB,BPBBBPPBPPBPPB
Game_13737,PBPBB,PPBPPB,PBB,PBPBBPPBPPBPBB
Game_13795,BBPPP,BBPBBP,BBBB,BBPPPBBPBBPBBBB
Game_13879,PBPBB,PPBPPB,PPBP,PBPBBPPBPPBPPBP
Game_13917,BBBBP,BBPBBP,BB,BBBBPBBPBBPBB
Game_14035,PBPPB,PPBPPB,PP,PBPPBPPBPPBPP
Game_14108,BPPBP,BBPBBP,BBBB,BPPBPBBPBBPBBBB
Game_14264,BBBBB,PPBPPB,PB,BBBBBPPBPPBPB
Game_14298,PBPBP,BBPBBP,BP,PBPBPBBPBBPBP
Game_14338,PPBPP,BBPBBP,BP,PPBPPBBPBBPBP
Game_14613,PPBPP,BBPBBP,BPPB,PPBPPBBPBBPBPPB
Game_14720,BPBPP,BBPBBP,BPBB,BPBPPBBPBBPBPBB
Game_14852,BPPPB,PPBPPB,PPPB,BPPPBPPBPPBPPPB
Game_15104,BBPBP,BBPBBP,BPB,BBPBPBBPBBPBPB
Game_15120,PBPPB,PPBPPB,PBB,PBPPBPPBPPBPBB
Game_15161,PPPPP,BBPBBP,BBB,PPPPPBBPBBPBBB
Game_15294,BPPBB,PPBPPB,PPB,BPPBBPPBPPBPPB
Game_15413,PBPPB,PPBPPB,PBPP,PBPPBPPBPPBPBPP
Game_15469,BPBPB,PPBPPB,PPBB,BPBPBPPBPPBPPBB
Game_15498,BPBBB,PPBPPB,PP,BPBBBPPBPPBPP
Game_15871,PBBPB,PPBPPB,PB,PBBPBPPBPPBPB
Game_15878,PBBBB,PPBPPB,PPPB,PBBBBPPBPPBPPPB
Game_15986,BPPBP,BBPBBP,BPB,BPPBPBBPBBPBPB
Game_16016,PBBPP,BBPBBP,BP,PBBPPBBPBBPBP
Game_16090,BBPBB,PPBPPB,PPB,BBPBBPPBPPBPPB
Game_16111,BPBPP,BBPBBP,BBBB,BPBPPBBPBBPBBBB
Game_16311,PPPPB,PPBPPB,PBPP,PPPPBPPBPPBPBPP
Game_16329,PPBBB,PPBPPB,PPP,PPBBBPPBPPBPPP
Game_16392,BPBBP,BBPBBP,BPPP,BPBBPBBPBBPBPPP
Game_16496,BPPBB,PPBPPB,PBP,BPPBBPPBPPBPBP
Game_16733,BBPBP,BBPBBP,BPBB,BBPBPBBPBBPBPBB
Game_17026,PPBPB,PPBPPB,PBBB,PPBPBPPBPPBPBBB
Game_17306,BPPBB,PPBPPB,PBPB,BPPBBPPBPPBPBPB
Game_17436,PPBBP,BBPBBP,BPP,PPBBPBBPBBPBPP
Game_17439,BPPBB,PPBPPB,PPPP,BPPBBPPBPPBPPPP
Game_17542,PPPBP,BBPBBP,BBP,PPPBPBBPBBPBBP
Game_17590,PBPBP,BBPBBP,BB,PBPBPBBPBBPBB
Game_17658,BPPPP,BBPBBP,BBPB,BPPPPBBPBBPBBPB
Game_17974,BBBPP,BBPBBP,BBPB,BBBPPBBPBBPBBPB
Game_18232,BPPBP,BBPBBP,BBP,BPPBPBBPBBPBBP
Game_18522,PPPBB,PPBPPB,PP,PPPBBPPBPPBPP
Game_18804,BPPBP,BBPBBP,BBPP,BPPBPBBPBBPBBPP
Game_19113,BPBPB,PPBPPB,PPP,BPBPBPPBPPBPPP
Game_19363,BBPPP,BBPBBP,BBB,BBPPPBBPBBPBBB
Game_19386,PPBPB,PPBPPB,PPPP,PPBPBPPBPPBPPPP
Game_19529,PPBBB,PPBPPB,PBPB,PPBBBPPBPPBPBPB
Game_19626,BBPPB,PPBPPB,PPBP,BBPPBPPBPPBPPBP
Game_19771,PPPBP,BBPBBP,BBBP,PPPBPBBPBBPBBBP
Game_19772,BPPPP,BBPBBP,BPBB,BPPPPBBPBBPBPBB
Game_20074,BBBPP,BBPBBP,BBP,BBBPPBBPBBPBBP
Game_20139,PPPPP,BBPBBP,BP,PPPPPBBPBBPBP
Game_20181,PBPBP,BBPBBP,BBBP,PBPBPBBPBBPBBBP
Game_20186,BBBPB,PPBPPB,PPPB,BBBPBPPBPPBPPPB
Game_20312,PBPPB,PPBPPB,PPBP,PBPPBPPBPPBPPBP
Game_20349,PBBPP,BBPBBP,BPP,PBBPPBBPBBPBPP
Game_20816,PBBPB,PPBPPB,PBBB,PBBPBPPBPPBPBBB
Game_21137,PPBBB,PPBPPB,PPBP,PPBBBPPBPPBPPBP
Game_21234,PBPBP,BBPBBP,BPBB,PBPBPBBPBBPBPBB
Game_21421,PPPBP,BBPBBP,BBPP,PPPBPBBPBBPBBPP
Game_21862,PPPPB,PPBPPB,PPB,PPPPBPPBPPBPPB
Game_21976,PBPPP,BBPBBP,BBPB,PBPPPBBPBBPBBPB
Game_22104,PBBBB,PPBPPB,PBBP,PBBBBPPBPPBPBBP
Game_22125,PBBPB,PPBPPB,PPBP,PBBPBPPBPPBPPBP
Game_22459,BPPPB,PPBPPB,PBB,BPPPBPPBPPBPBB
Game_22791,PBBPB,PPBPPB,PBP,PBBPBPPBPPBPBP
Game_22823,PPPPP,BBPBBP,BBP,PPPPPBBPBBPBBP
Game_22856,PBPBB,PPBPPB,PBPP,PBPBBPPBPPBPBPP
Game_23062,BBBPB,PPBPPB,PBBB,BBBPBPPBPPBPBBB
Game_23217,PBBPB,PPBPPB,PPP,PBBPBPPBPPBPPP
Game_23588,PBPBB,PPBPPB,PPBB,PBPBBPPBPPBPPBB
Game_23672,PPPBP,BBPBBP,BPB,PPPBPBBPBBPBPB
Game_24277,PPBBB,PPBPPB,PPPP,PPBBBPPBPPBPPPP
Game_24294,PPBBP,BBPBBP,BBPP,PPBBPBBPBBPBBPP
Game_24307,PBPBP,BBPBBP,BBBB,PBPBPBBPBBPBBBB
Game_24351,BBPBP,BBPBBP,BBPB,BBPBPBBPBBPBBPB
Game_24497,PBBBP,BBPBBP,BBBP,PBBBPBBPBBPBBBP
Game_24553,BPBPB,PPBPPB,PBPB,BPBPBPPBPPBPBPB
Game_24658,BBPBB,PPBPPB,PPPP,BBPBBPPBPPBPPPP
Game_24927,PPPBP,BBPBBP,BBPB,PPPBPBBPBBPBBPB
Game_25636,BBBPB,PPBPPB,PBP,BBBPBPPBPPBPBP
Game_25779,PBBPP,BBPBBP,BPPB,PBBPPBBPBBPBPPB
Game_26004,BPBBP,BBPBBP,BPP,BPBBPBBPBBPBPP
Game_26029,PBPPP,BBPBBP,BPBP,PBPPPBBPBBPBPBP
Game_26050,PPBPP,BBPBBP,BPBB,PPBPPBBPBBPBPBB
Game_26232,PBBPP,BBPBBP,BBPP,PBBPPBBPBBPBBPP
Game_26327,PBBPB,PPBPPB,PPB,PBBPBPPBPPBPPB
Game_26541,PPBBP,BBPBBP,BBBB,PPBBPBBPBBPBBBB
Game_27020,BBBBP,BBPBBP,BBB,BBBBPBBPBBPBBB
Game_27255,BBBBP,BBPBBP,BPPB,BBBBPBBPBBPBPPB
Game_27261,BBBPP,BBPBBP,BPP,BBBPPBBPBBPBPP
Game_27441,BBBBB,PPBPPB,PBB,BBBBBPPBPPBPBB
Game_28002,PPBBB,PPBPPB,PPB,PPBBBPPBPPBPPB
Game_28289,PPPPP,BBPBBP,BBBP,PPPPPBBPBBPBBBP
Game_28368,BPPPB,PPBPPB,PBPP,BPPPBPPBPPBPBPP
Game_28618,PBBBB,PPBPPB,PB,PBBBBPPBPPBPB
Game_28716,BBPBP,BBPBBP,BBBB,BBPBPBBPBBPBBBB
Game_29030,PBPBB,PPBPPB,PPPP,PBPBBPPBPPBPPPP
Game_29080,BPPPB,PPBPPB,PPBB,BPPPBPPBPPBPPBB
Game_29153,BPBPB,PPBPPB,PBPP,BPBPBPPBPPBPBPP
Game_29368,BPPPP,BBPBBP,BBB,BPPPPBBPBBPBBB
Game_29382,PBPBP,BBPBBP,BBP,PBPBPBBPBBPBBP
Game_29421,BBPBP,BBPBBP,BBPP,BBPBPBBPBBPBBPP
Game_29549,PPPBP,BBPBBP,BPPB,PPPBPBBPBBPBPPB
Game_29909,PBBBB,PPBPPB,PPPP,PBBBBPPBPPBPPPP
Game_29919,PPPBP,BBPBBP,BPBB,PPPBPBBPBBPBPBB
Game_30040,PPPPP,BBPBBP,BBBB,PPPPPBBPBBPBBBB
Game_30063,BBBPP,BBPBBP,BPBP,BBBPPBBPBBPBPBP
Game_30257,PBBBP,BBPBBP,BPBB,PBBBPBBPBBPBPBB
Game_30419,BBBPP,BBPBBP,BBPP,BBBPPBBPBBPBBPP
Game_30685,PBBPB,PPBPPB,PPBB,PBBPBPPBPPBPPBB
Game_30900,BPBPP,BBPBBP,BPPP,BPBPPBBPBBPBPPP
Game_30979,BPBBP,BBPBBP,BPBP,BPBBPBBPBBPBPBP
Game_31150,BPPBB,PPBPPB,PBB,BPPBBPPBPPBPBB
Game_31211,PPPPB,PPBPPB,PBBP,PPPPBPPBPPBPBBP
Game_31330,BBPPB,PPBPPB,PB,BBPPBPPBPPBPB
Game_32517,BBPBP,BBPBBP,BPBP,BBPBPBBPBBPBPBP
Game_32616,PBPPP,BBPBBP,BPPP,PBPPPBBPBBPBPPP
Game_32688,PBBBP,BBPBBP,BBBB,PBBBPBBPBBPBBBB
Game_32714,PBPBB,PPBPPB,PBBB,PBPBBPPBPPBPBBB
Game_32758,PPPBB,PPBPPB,PPBB,PPPBBPPBPPBPPBB
Game_32787,PPPPB,PPBPPB,PPPB,PPPPBPPBPPBPPPB
Game_33280,PPPBP,BBPBBP,BBBB,PPPBPBBPBBPBBBB
Game_33403,PBPBP,BBPBBP,BBPP,PBPBPBBPBBPBBPP
Game_33542,PPBBP,BBPBBP,BBPB,PPBBPBBPBBPBBPB
Game_34168,BBPPB,PPBPPB,PBBP,BBPPBPPBPPBPBBP
Game_34433,BPPPP,BBPBBP,BPB,BPPPPBBPBBPBPB
Game_34651,PPPBB,PPBPPB,PBBP,PPPBBPPBPPBPBBP
Game_34936,PPPPP,BBPBBP,BPB,PPPPPBBPBBPBPB
Game_35212,PBBBB,PPBPPB,PBPB,PBBBBPPBPPBPBPB
Game_35424,PBBPB,PPBPPB,PBPP,PBBPBPPBPPBPBPP
Game_35696,BBBBP,BBPBBP,BPBB,BBBBPBBPBBPBPBB
Game_36010,BPBPP,BBPBBP,BPBP,BPBPPBBPBBPBPBP
Game_36418,BBPPP,BBPBBP,BPPB,BBPPPBBPBBPBPPB
Game_36700,BPPBB,PPBPPB,PPBB,BPPBBPPBPPBPPBB
Game_36736,BBBBP,BBPBBP,BBBP,BBBBPBBPBBPBBBP
Game_36997,BPBBB,PPBPPB,PBPP,BPBBBPPBPPBPBPP
Game_37365,BPPBP,BBPBBP,BPP,BPPBPBBPBBPBPP
Game_38360,BPBBB,PPBPPB,PPPB,BPBBBPPBPPBPPPB
Game_38368,PBBBP,BBPBBP,BPPP,PBBBPBBPBBPBPPP
Game_38599,PBPPP,BBPBBP,BPP,PBPPPBBPBBPBPP
Game_39323,PBPBP,BBPBBP,BPBP,PBPBPBBPBBPBPBP
Game_39390,PBBPP,BBPBBP,BBPB,PBBPPBBPBBPBBPB
Game_40787,BBBPB,PPBPPB,PPBB,BBBPBPPBPPBPPBB
Game_41092,PBBBP,BBPBBP,BP,PBBBPBBPBBPBP
Game_41720,BPPPP,BBPBBP,BPPB,BPPPPBBPBBPBPPB
Game_42169,PPBPB,PPBPPB,PPBP,PPBPBPPBPPBPPBP
Game_42300,BBBPB,PPBPPB,PPBP,BBBPBPPBPPBPPBP
Game_42502,PPBPP,BBPBBP,BBBB,PPBPPBBPBBPBBBB
Game_42969,BBBPP,BBPBBP,BPPP,BBBPPBBPBBPBPPP
Game_43111,BBBPB,PPBPPB,PBPP,BBBPBPPBPPBPBPP
Game_43464,BPBBP,BBPBBP,BBP,BPBBPBBPBBPBBP
Game_43836,BPPPP,BBPBBP,BPPP,BPPPPBBPBBPBPPP
Game_43991,PPBBP,BBPBBP,BPBB,PPBBPBBPBBPBPBB
Game_44228,BPPBB,PPBPPB,PBBB,BPPBBPPBPPBPBBB
Game_45193,PPBBB,PPBPPB,PBPP,PPBBBPPBPPBPBPP
Game_45487,PBPBB,PPBPPB,PBP,PBPBBPPBPPBPBP
Game_45513,PPPBB,PPBPPB,PBBB,PPPBBPPBPPBPBBB
Game_45556,BPBBP,BBPBBP,BB,BPBBPBBPBBPBB
Game_45747,BPPBP,BBPBBP,BPPP,BPPBPBBPBBPBPPP
Game_46074,PPBPB,PPBPPB,PBBP,PPBPBPPBPPBPBBP
Game_46334,PPBBP,BBPBBP,BBB,PPBBPBBPBBPBBB
Game_47391,BBPPP,BBPBBP,BPBB,BBPPPBBPBBPBPBB
Game_47522,BBBPP,BBPBBP,BBBB,BBBPPBBPBBPBBBB
Game_47685,BBPPP,BBPBBP,BBPP,BBPPPBBPBBPBBPP
Game_48107,PBBBP,BBPBBP,BPPB,PBBBPBBPBBPBPPB
Game_48168,BPBBP,BBPBBP,BBPP,BPBBPBBPBBPBBPP
Game_48225,BPPPP,BBPBBP,BBBB,BPPPPBBPBBPBBBB
Game_48767,PPPBB,PPBPPB,PBB,PPPBBPPBPPBPBB
Game_48986,BPBBB,PPBPPB,PBBP,BPBBBPPBPPBPBBP
Game_49561,BPPBB,PPBPPB,PPPB,BPPBBPPBPPBPPPB
Game_49580,PBBBB,PPBPPB,PBB,PBBBBPPBPPBPBB
Game_49625,BBPBP,BBPBBP,BBB,BBPBPBBPBBPBBB
Game_50244,PPPPP,BBPBBP,BPBB,PPPPPBBPBBPBPBB
Game_50484,PPBPP,BBPBBP,BPP,PPBPPBBPBBPBPP
Game_50587,PBBPP,BBPBBP,BPBP,PBBPPBBPBBPBPBP
Game_50942,BBBBP,BBPBBP,BBBB,BBBBPBBPBBPBBBB
Game_51590,BPBBP,BBPBBP,BPBB,BPBBPBBPBBPBPBB
Game_52224,PPBPP,BBPBBP,BBPP,PPBPPBBPBBPBBPP
Game_53029,BPPBP,BBPBBP,BBPB,BPPBPBBPBBPBBPB
Game_53067,PBPPP,BBPBBP,BPBB,PBPPPBBPBBPBPBB
Game_53113,PPBPP,BBPBBP,BPBP,PPBPPBBPBBPBPBP
Game_53359,BPPBP,BBPBBP,BPPB,BPPBPBBPBBPBPPB
Game_53589,BBBPB,PPBPPB,PPP,BBBPBPPBPPBPPP
Game_53802,BPBPB,PPBPPB,PBBB,BPBPBPPBPPBPBBB
Game_53943,PBPPP,BBPBBP,BBBP,PBPPPBBPBBPBBBP
Game_54341,BBBBB,PPBPPB,PPPP,BBBBBPPBPPBPPPP
Game_54447,BBBBB,PPBPPB,PBBB,BBBBBPPBPPBPBBB
Game_55536,PBPBB,PPBPPB,PBPB,PBPBBPPBPPBPBPB
Game_55941,BBBBB,PPBPPB,PBPP,BBBBBPPBPPBPBPP
Game_56143,BBPBB,PPBPPB,PPBB,BBPBBPPBPPBPPBB
Game_56465,PPBPP,BBPBBP,BBPB,PPBPPBBPBBPBBPB
Game_56584,PBPPB,PPBPPB,PPPB,PBPPBPPBPPBPPPB
Game_56853,BBPPP,BBPBBP,BPPP,BBPPPBBPBBPBPPP
Game_56999,BBPPP,BBPBBP,BBPB,BBPPPBBPBBPBBPB
Game_59091,BPBPB,PPBPPB,PBBP,BPBPBPPBPPBPBBP
Game_60262,BPBBB,PPBPPB,PBBB,BPBBBPPBPPBPBBB
Game_61929,BBPPB,PPBPPB,PPBB,BBPPBPPBPPBPPBB
Game_62649,PBBPB,PPBPPB,PPPB,PBBPBPPBPPBPPPB
Game_63066,BBPBP,BBPBBP,BPPB,BBPBPBBPBBPBPPB
Game_65187,BBBPB,PPBPPB,PPPP,BBBPBPPBPPBPPPP
Game_65821,BBPPB,PPBPPB,PPPP,BBPPBPPBPPBPPPP
Game_66182,PBPPB,PPBPPB,PPPP,PBPPBPPBPPBPPPP
Game_66389,PPBPB,PPBPPB,PPPB,PPBPBPPBPPBPPPB
Game_66517,PBBPB,PPBPPB,PBBP,PBBPBPPBPPBPBBP
Game_66956,PPPBB,PPBPPB,PPPB,PPPBBPPBPPBPPPB
Game_67515,PPPPB,PPBPPB,PBB,PPPPBPPBPPBPBB
Game_69073,PBBBB,PPBPPB,PBBB,PBBBBPPBPPBPBBB
Game_69621,BPBBB,PPBPPB,PPPP,BPBBBPPBPPBPPPP
Game_70202,BPBBP,BBPBBP,BBPB,BPBBPBBPBBPBBPB
Game_70401,BBPBB,PPBPPB,PPPB,BBPBBPPBPPBPPPB
Game_70538,BBPPB,PPBPPB,PBPP,BBPPBPPBPPBPBPP
Game_70957,BBBBP,BBPBBP,BPPP,BBBBPBBPBBPBPPP
Game_75410,BBBBB,PPBPPB,PBBP,BBBBBPPBPPBPBBP
Game_75781,PBBPP,BBPBBP,BPBB,PBBPPBBPBBPBPBB
Game_76334,PPPPB,PPBPPB,PPBP,PPPPBPPBPPBPPBP
Game_76788,BPBBP,BBPBBP,BBBP,BPBBPBBPBBPBBBP
Game_78693,BPBBP,BBPBBP,BBBB,BPBBPBBPBBPBBBB
Game_78873,PBPBB,PPBPPB,PBBP,PBPBBPPBPPBPBBP
Game_79998,BPPPP,BBPBBP,BPBP,BPPPPBBPBBPBPBP
Game_80084,PPPBB,PPBPPB,PPPP,PPPBBPPBPPBPPPP
Game_80630,PPPBB,PPBPPB,PBPB,PPPBBPPBPPBPBPB
Game_83122,BPPBB,PPBPPB,PPBP,BPPBBPPBPPBPPBP
Game_84187,BBBPP,BBPBBP,BPBB,BBBPPBBPBBPBPBB
Game_84190,BBPPB,PPBPPB,PBBB,BBPPBPPBPPBPBBB
Game_85833,BBPPB,PPBPPB,PPPB,BBPPBPPBPPBPPPB
Game_87942,BBPBB,PPBPPB,PBBB,BBPBBPPBPPBPBBB
Game_88935,BBPPB,PPBPPB,PPB,BBPPBPPBPPBPPB
Game_91036,PBPPB,PPBPPB,PBBB,PBPPBPPBPPBPBBB
Game_93027,PBBPB,PPBPPB,PBPB,PBBPBPPBPPBPBPB
Game_94971,BBBPB,PPBPPB,PBPB,BBBPBPPBPPBPBPB
Game_99830,BBPPP,BBPBBP,BBBP,BBPPPBBPBBPBBBP
Game_102246,BPBBP,BBPBBP,BPPB,BPBBPBBPBBPBPPB
Game_102639,BBPBB,PPBPPB,PBPB,BBPBBPPBPPBPBPB
Game_115307,PPPPB,PPBPPB,PPPP,PPPPBPPBPPBPPPP
Game_121366,PBPPP,BBPBBP,BPPB,PBPPPBBPBBPBPPB
Game_131376,BBPBB,PPBPPB,PBBP,BBPBBPPBPPBPBBP
Game_138920,PBPPP,BBPBBP,BBPP,PBPPPBBPBBPBBPP
Game_142800,PBPPP,BBPBBP,BBBB,PBPPPBBPBBPBBBB
Game_148373,PPPBB,PPBPPB,PPBP,PPPBBPPBPPBPPBP
Game_160044,BBPBP,BBPBBP,BBBP,BBPBPBBPBBPBBBP
Game_164413,PBBPB,PPBPPB,PPPP,PBBPBPPBPPBPPPP
Game_170552,PPBPB,PPBPPB,PBPB,PPBPBPPBPPBPBPB
